Wrote docs/ew/receipts/campaign-r6-20260914T1309Z/campaign-r6-20260914T1309Z-plan.json
Harness sha256 1015baad1ba3163fbc556dc0c56cfcac4c169368603e1b9beee002b289d4e079
Lib sha256 2de68639769e47c8c7c793e2ea3531aef784e47247bfbe72465475102e42ad57
Preparing worktree (detached HEAD 6958f08)
HEAD is now at 6958f08 OPS: show allocation tradeoffs and replace inert reserve control
Preparing worktree (detached HEAD e7aa3c5)
HEAD is now at e7aa3c5 Add observer-scoped sensors, transponders and positional counterfire
Preparing worktree (detached HEAD 74caf83)
HEAD is now at 74caf83 EW: add paid noise fields, ECCM and dedicated refits
Preparing worktree (detached HEAD 51738ca)
HEAD is now at 51738ca EW: cut detection-pair and sharing-scan cost on the follow-up tip
==> sequence 1 A 6958f08e73aff55efbf48bae3f9433e5acc270e8 -> docs/ew/receipts/campaign-r6-20260914T1309Z/campaign-r6-20260914T1309Z-seq1-A.json
239.60000000000582,
239.89999999999418,
240.30000000001746,
240.60000000000582,
240.89999999999418,
241.30000000001746,
241.5,
241.89999999999418,
242.20000000001164,
242.60000000000582,
243,
243.39999999999418,
243.60000000000582,
244,
244.30000000001746,
244.60000000000582,
244.89999999999418,
245.20000000001164,
245.60000000000582,
245.89999999999418,
246.30000000001746,
246.60000000000582,
246.89999999999418,
247.30000000001746,
247.60000000000582,
247.89999999999418,
248.30000000001746,
248.70000000001164,
249,
249.39999999999418,
249.60000000000582,
250,
250.30000000001746,
250.60000000000582,
251,
251.30000000001746,
251.70000000001164,
252,
252.30000000001746,
252.70000000001164,
253,
253.30000000001746,
253.70000000001164,
254,
254.30000000001746,
254.60000000000582,
255,
255.30000000001746,
255.60000000000582,
256,
256.3999999999942,
256.6000000000058,
257,
257.30000000001746,
257.6000000000058,
257.8999999999942,
258.3999999999942,
258.70000000001164,
259,
259.30000000001746,
259.70000000001164,
260,
260.3999999999942,
260.80000000001746,
261,
261.3999999999942,
261.70000000001164,
262,
262.3999999999942,
262.70000000001164,
263,
263.30000000001746,
263.70000000001164,
264.1000000000058,
264.30000000001746,
264.80000000001746,
265,
265.3999999999942,
265.70000000001164,
266,
266.3999999999942,
266.70000000001164,
267,
267.30000000001746,
267.70000000001164,
268,
268.30000000001746,
268.70000000001164,
269.1000000000058,
269.6000000000058,
269.8999999999942,
270.20000000001164,
270.6000000000058,
270.8999999999942,
271.20000000001164,
271.5,
271.8999999999942,
272.1000000000058,
272.5,
272.80000000001746,
273.1000000000058,
273.5,
273.8999999999942,
274.30000000001746,
274.6000000000058,
274.8999999999942,
275.30000000001746,
275.6000000000058,
275.8999999999942,
276.20000000001164,
276.6000000000058,
276.8999999999942,
277.20000000001164,
277.5,
277.8999999999942,
278.30000000001746,
278.6000000000058,
278.8999999999942,
279.30000000001746,
279.6000000000058,
280,
280.20000000001164,
280.5,
280.80000000001746,
281.20000000001164,
281.5,
281.80000000001746,
282.20000000001164,
282.6000000000058,
283,
283.30000000001746,
283.5,
283.8999999999942,
284.20000000001164,
284.5,
284.8999999999942,
285.20000000001164,
285.5,
285.8999999999942,
286.1000000000058,
286.5,
286.8999999999942,
287.30000000001746,
287.6000000000058,
287.8999999999942,
288.3999999999942,
288.80000000001746,
289.1000000000058,
289.3999999999942,
289.70000000001164,
290,
290.30000000001746,
290.70000000001164,
291,
291.30000000001746,
291.70000000001164,
292,
292.3999999999942,
292.70000000001164,
293.1000000000058,
293.3999999999942,
293.6000000000058,
293.8999999999942,
294.30000000001746,
294.70000000001164,
294.8999999999942,
295.30000000001746,
295.6000000000058,
296,
296.30000000001746,
296.6000000000058,
297,
297.30000000001746,
297.6000000000058,
298,
298.30000000001746,
298.6000000000058,
298.8999999999942,
299.30000000001746,
299.6000000000058,
299.8999999999942,
300.30000000001746,
300.6000000000058,
300.8999999999942,
301.20000000001164,
301.5,
301.8999999999942,
302.20000000001164,
302.5,
302.8999999999942,
303.1000000000058,
303.5,
303.80000000001746,
304.1000000000058,
304.3999999999942,
304.80000000001746,
305.20000000001164,
305.6000000000058,
305.8999999999942,
306.20000000001164,
306.5,
306.8999999999942,
307.20000000001164,
307.5,
307.8999999999942,
308.30000000001746,
308.6000000000058,
308.8999999999942,
309.3999999999942,
309.70000000001164,
310,
310.30000000001746,
310.6000000000058,
311,
311.30000000001746,
311.6000000000058,
311.8999999999942,
312.30000000001746,
312.6000000000058,
312.8999999999942,
313.30000000001746,
314.5,
314.80000000001746,
315.30000000001746,
315.5,
315.8999999999942,
316.20000000001164,
316.5,
316.80000000001746,
317.20000000001164,
317.70000000001164,
318,
318.3999999999942,
318.70000000001164,
319.1000000000058,
319.5,
319.8999999999942,
320.1000000000058,
320.5,
320.80000000001746,
321.1000000000058,
321.3999999999942,
321.80000000001746,
322.1000000000058,
322.6000000000058,
322.80000000001746,
323.20000000001164,
323.5,
324,
324.3999999999942,
324.70000000001164,
325,
325.30000000001746,
325.6000000000058,
325.8999999999942,
326.30000000001746,
326.6000000000058,
326.8999999999942,
327.30000000001746,
327.6000000000058,
327.8999999999942,
328.3999999999942,
328.70000000001164,
329,
329.30000000001746,
329.6000000000058,
330,
330.30000000001746,
330.6000000000058,
330.8999999999942,
331.20000000001164,
331.5,
331.80000000001746,
332.20000000001164,
332.5,
332.8999999999942,
333.20000000001164,
333.5,
333.8999999999942,
334.20000000001164,
334.3999999999942,
334.80000000001746,
335.1000000000058,
335.3999999999942,
335.70000000001164,
336,
336.30000000001746,
336.6000000000058,
337.1000000000058,
337.3999999999942,
337.70000000001164,
338.1000000000058,
338.5,
338.80000000001746,
339.20000000001164,
339.5,
339.80000000001746,
340.1000000000058,
340.3999999999942,
340.70000000001164,
341,
341.5,
341.70000000001164,
342.1000000000058,
342.3999999999942,
342.70000000001164,
343.1000000000058,
343.30000000001746,
343.70000000001164,
344,
344.20000000001164,
344.6000000000058,
344.8999999999942,
345.20000000001164,
345.6000000000058,
345.8999999999942,
346.30000000001746,
346.6000000000058,
346.8999999999942,
347.20000000001164,
347.5,
347.80000000001746,
348.20000000001164,
348.6000000000058,
348.8999999999942,
349.30000000001746,
349.6000000000058,
350,
350.3999999999942,
350.70000000001164,
351.1000000000058,
351.3999999999942,
351.70000000001164,
352,
352.3999999999942,
352.70000000001164,
353.1000000000058,
353.30000000001746,
353.70000000001164,
354,
354.3999999999942,
354.8999999999942,
355.20000000001164,
355.5,
355.80000000001746,
356.20000000001164,
356.5,
356.80000000001746,
357.20000000001164,
357.3999999999942,
357.80000000001746,
358.1000000000058,
358.5,
358.80000000001746,
359.20000000001164,
359.6000000000058,
359.8999999999942,
360.30000000001746,
360.5,
360.80000000001746,
361.20000000001164,
361.5,
361.80000000001746,
362.1000000000058,
362.5,
362.80000000001746,
363.1000000000058,
363.5,
363.8999999999942,
364.1000000000058,
364.3999999999942,
364.70000000001164,
365.1000000000058,
365.3999999999942,
365.80000000001746,
366,
366.30000000001746,
366.6000000000058,
367,
367.30000000001746,
367.6000000000058,
368,
368.3999999999942,
368.80000000001746,
369.1000000000058,
369.30000000001746,
369.70000000001164,
370,
370.30000000001746,
370.70000000001164,
370.8999999999942,
371.30000000001746,
371.5,
371.8999999999942,
372.3999999999942,
372.6000000000058,
372.8999999999942,
373.20000000001164,
373.5,
373.8999999999942,
374.20000000001164,
374.5,
374.8999999999942,
375.1000000000058,
375.5,
375.70000000001164,
376.1000000000058,
376.5,
376.80000000001746,
377.1000000000058,
377.3999999999942,
377.80000000001746,
378.1000000000058,
378.5,
378.80000000001746,
379.1000000000058,
379.3999999999942,
379.80000000001746,
380.1000000000058,
380.3999999999942,
380.80000000001746,
381.1000000000058,
381.5,
381.80000000001746,
382,
382.3999999999942,
382.70000000001164,
383,
383.30000000001746,
383.70000000001164,
384,
384.30000000001746,
384.6000000000058,
384.8999999999942,
385.3999999999942,
385.70000000001164,
386,
386.3999999999942,
386.70000000001164,
387,
387.30000000001746,
387.6000000000058,
387.80000000001746,
388.30000000001746,
388.6000000000058,
389,
389.30000000001746,
389.80000000001746,
390.1000000000058,
390.30000000001746,
390.70000000001164,
391,
391.30000000001746,
391.6000000000058,
391.8999999999942,
392.30000000001746,
392.5,
392.80000000001746,
393.20000000001164,
393.5,
393.8999999999942,
394.30000000001746,
394.6000000000058,
394.8999999999942,
395.20000000001164,
395.6000000000058,
395.80000000001746,
396.1000000000058,
396.5,
396.80000000001746,
397.1000000000058,
397.3999999999942,
397.80000000001746,
398.1000000000058,
398.80000000001746,
399.6000000000058,
400,
400.30000000001746,
400.80000000001746,
401.20000000001164,
401.5,
401.70000000001164,
402.1000000000058,
402.3999999999942,
402.70000000001164,
403,
403.30000000001746,
403.80000000001746,
404.1000000000058,
404.3999999999942,
404.70000000001164,
405,
405.3999999999942,
405.70000000001164,
406,
406.20000000001164,
406.5,
406.8999999999942,
407.20000000001164,
407.6000000000058,
407.8999999999942,
408.3999999999942,
408.70000000001164,
409,
409.3999999999942,
409.6000000000058,
410,
410.30000000001746,
410.6000000000058,
410.8999999999942,
411.20000000001164,
411.5,
411.80000000001746,
412.1000000000058,
412.5,
412.8999999999942,
413.20000000001164,
413.5,
413.80000000001746,
414.1000000000058,
414.5,
414.70000000001164,
415,
415.3999999999942,
415.70000000001164,
416,
416.30000000001746,
416.70000000001164,
417,
417.30000000001746,
417.6000000000058,
417.8999999999942,
418.30000000001746,
418.70000000001164,
419.1000000000058,
419.3999999999942,
419.70000000001164,
420,
420.30000000001746,
420.6000000000058,
420.8999999999942,
421.30000000001746,
421.6000000000058,
421.8999999999942,
422.30000000001746,
422.6000000000058,
422.8999999999942,
423.20000000001164,
423.5,
423.8999999999942,
424.1000000000058,
424.3999999999942,
424.80000000001746,
425.1000000000058,
425.5,
425.8999999999942,
426.20000000001164,
426.5,
426.80000000001746,
427.1000000000058,
427.3999999999942,
427.70000000001164,
428.1000000000058,
428.3999999999942,
428.80000000001746,
429.1000000000058,
429.5,
429.8999999999942,
430.1000000000058,
430.5,
430.80000000001746,
431.1000000000058,
431.3999999999942,
431.70000000001164,
432,
432.30000000001746,
432.70000000001164,
432.8999999999942,
433.20000000001164,
433.6000000000058,
433.8999999999942,
434.3999999999942,
434.70000000001164,
434.8999999999942,
435.30000000001746,
435.5,
435.8999999999942,
436.20000000001164,
436.5,
436.80000000001746,
437.20000000001164,
437.5,
437.80000000001746,
438.1000000000058,
438.5,
438.8999999999942,
439.20000000001164,
439.5,
439.8999999999942,
440.20000000001164,
440.5,
440.80000000001746,
441.1000000000058,
441.3999999999942,
441.70000000001164,
442.1000000000058,
442.3999999999942,
443.30000000001746,
443.70000000001164,
444,
444.30000000001746,
444.6000000000058,
444.8999999999942,
445.20000000001164,
445.5,
445.8999999999942,
446.20000000001164,
446.6000000000058,
446.8999999999942,
447.20000000001164,
447.5,
447.8999999999942,
448.20000000001164,
448.6000000000058,
448.8999999999942,
449.30000000001746,
449.5,
449.8999999999942,
450.20000000001164,
450.5,
450.80000000001746,
451.1000000000058,
451.5,
451.70000000001164,
452.1000000000058,
452.3999999999942,
452.80000000001746,
453,
453.30000000001746,
453.70000000001164,
454,
454.30000000001746,
454.6000000000058,
454.8999999999942,
455.30000000001746,
455.6000000000058,
455.8999999999942,
456.30000000001746,
456.6000000000058,
456.8999999999942,
457.20000000001164,
457.6000000000058,
457.8999999999942,
458.20000000001164,
458.5,
458.8999999999942,
459.20000000001164,
459.6000000000058,
459.8999999999942,
460.20000000001164,
460.5,
461.30000000001746,
461.6000000000058,
461.8999999999942,
462.20000000001164,
462.5,
462.80000000001746,
463.1000000000058,
463.3999999999942,
463.80000000001746,
464.1000000000058,
464.3999999999942,
464.70000000001164,
464.8999999999942,
465.3999999999942,
465.70000000001164,
466.1000000000058,
466.30000000001746,
466.70000000001164,
467,
467.30000000001746,
467.6000000000058,
467.8999999999942,
468.20000000001164,
468.6000000000058,
468.8999999999942,
469.30000000001746,
469.6000000000058,
470,
470.3999999999942,
470.70000000001164,
471,
471.30000000001746,
471.6000000000058,
471.8999999999942,
472.30000000001746,
472.6000000000058,
473,
473.30000000001746,
473.6000000000058,
473.8999999999942,
474.3999999999942,
474.6000000000058,
474.8999999999942,
475.30000000001746,
475.6000000000058,
475.8999999999942,
476.20000000001164,
476.5,
476.8999999999942,
477.20000000001164,
477.5,
477.80000000001746,
478.20000000001164,
478.70000000001164,
479,
479.30000000001746,
479.6000000000058,
479.8999999999942,
480.30000000001746,
480.5,
480.8999999999942,
481.20000000001164,
481.5,
481.80000000001746,
482.1000000000058,
482.3999999999942,
482.70000000001164,
483.1000000000058,
483.3999999999942,
483.70000000001164,
484.1000000000058,
484.30000000001746,
484.70000000001164,
485,
485.30000000001746,
485.6000000000058,
486,
486.30000000001746,
486.6000000000058,
487,
487.3999999999942,
487.70000000001164,
488,
488.3999999999942,
488.80000000001746,
489,
489.30000000001746,
489.70000000001164,
490,
490.3999999999942,
490.80000000001746,
491.1000000000058,
491.3999999999942,
491.80000000001746,
492.20000000001164,
492.5,
492.80000000001746,
493.20000000001164,
493.3999999999942,
493.80000000001746,
494.1000000000058,
494.3999999999942,
494.80000000001746,
495,
495.30000000001746,
495.70000000001164,
496,
496.3999999999942,
496.70000000001164,
497,
497.30000000001746,
497.6000000000058,
498,
498.30000000001746,
498.6000000000058,
499,
499.30000000001746,
499.70000000001164,
500,
500.30000000001746,
500.70000000001164,
501,
501.30000000001746,
501.6000000000058,
502,
502.30000000001746,
502.6000000000058,
502.8999999999942,
503.20000000001164,
503.5,
503.80000000001746,
504.20000000001164,
504.3999999999942,
504.80000000001746,
505.20000000001164,
505.5,
505.80000000001746,
506.1000000000058,
506.5,
506.80000000001746,
507,
507.3999999999942,
507.70000000001164,
508,
508.3999999999942,
508.80000000001746,
509.1000000000058,
509.3999999999942,
509.80000000001746,
510.1000000000058,
510.3999999999942,
510.70000000001164,
511,
511.30000000001746,
511.70000000001164,
512,
512.3000000000175,
512.7000000000116,
512.8999999999942,
513.3000000000175,
513.7000000000116,
514,
514.3000000000175,
514.7000000000116,
514.8999999999942,
515.2000000000116,
515.6000000000058,
515.8999999999942,
516.2000000000116,
516.5,
516.8000000000175,
517.1000000000058,
517.5,
517.7000000000116,
518.2000000000116,
518.6000000000058,
518.8999999999942,
519.2000000000116,
519.7000000000116,
519.8999999999942,
520.3000000000175,
520.5,
520.8999999999942,
521.3999999999942,
521.7000000000116,
521.8999999999942,
522.3000000000175,
522.7000000000116,
523,
523.3000000000175,
523.6000000000058,
523.8999999999942,
524.2000000000116,
524.6000000000058,
524.8000000000175,
525.2000000000116,
525.3999999999942,
525.7000000000116,
526.1000000000058,
526.3999999999942,
526.7000000000116,
527.1000000000058,
527.3999999999942,
527.7000000000116,
528,
528.3000000000175,
528.7000000000116,
529,
529.2000000000116,
529.6000000000058,
529.8999999999942,
530.3000000000175,
530.5,
530.8000000000175,
531.3000000000175,
531.6000000000058,
531.8999999999942,
532.2000000000116,
532.5,
532.8000000000175,
533.1000000000058,
533.3999999999942,
533.7000000000116,
534.1000000000058,
534.3999999999942,
534.7000000000116,
535,
535.3999999999942,
535.7000000000116,
535.8999999999942,
536.3000000000175,
536.6000000000058,
536.8999999999942,
537.2000000000116,
537.5,
537.8000000000175,
538.1000000000058,
538.5,
538.8000000000175,
539.2000000000116,
539.6000000000058,
539.8999999999942,
540.1000000000058,
540.5,
540.7000000000116,
541.1000000000058,
541.3999999999942,
541.7000000000116,
541.8999999999942,
542.3000000000175,
542.6000000000058,
542.8999999999942,
543.2000000000116,
543.6000000000058,
543.8999999999942,
544.2000000000116,
544.5,
544.8999999999942,
545.1000000000058,
545.5,
545.8000000000175,
546.1000000000058,
546.3999999999942,
546.7000000000116,
547,
547.3000000000175,
547.6000000000058,
548,
548.3999999999942,
548.7000000000116,
548.8999999999942,
549.3000000000175,
549.6000000000058,
550,
550.2000000000116,
550.6000000000058,
550.8999999999942,
551.1000000000058,
551.3999999999942,
551.7000000000116,
552.1000000000058,
552.3999999999942,
552.8000000000175,
553.1000000000058,
553.3000000000175,
553.7000000000116,
553.8999999999942,
554.3000000000175,
554.6000000000058,
554.8000000000175,
555.2000000000116,
555.5,
555.7000000000116,
556.1000000000058,
556.5,
556.8000000000175,
557.1000000000058,
557.3999999999942,
557.7000000000116,
558,
558.3999999999942,
558.7000000000116,
559,
559.3000000000175,
559.6000000000058,
560,
560.2000000000116,
560.5,
561.3999999999942,
561.8000000000175,
562.1000000000058,
562.3999999999942,
562.7000000000116,
563,
563.3000000000175,
563.6000000000058,
563.8999999999942,
564.3000000000175,
564.6000000000058,
564.8999999999942,
565.1000000000058,
566,
566.3000000000175,
566.7000000000116,
566.8999999999942,
567.3000000000175,
567.6000000000058,
568,
568.3000000000175,
568.6000000000058,
568.8999999999942,
569.2000000000116,
569.5,
569.8999999999942,
570.3000000000175,
570.6000000000058,
570.8999999999942,
571.2000000000116,
571.3999999999942,
571.7000000000116,
572.1000000000058,
572.3000000000175,
572.7000000000116,
572.8999999999942,
573.3000000000175,
573.5,
573.8999999999942,
574.2000000000116,
574.6000000000058,
574.8000000000175,
575.2000000000116,
575.5,
575.8000000000175,
576.1000000000058,
576.3999999999942,
576.7000000000116,
577,
577.3999999999942,
577.6000000000058,
577.8999999999942,
578.3000000000175,
578.7000000000116,
579.1000000000058,
579.3999999999942,
579.7000000000116,
579.8999999999942,
580.3999999999942,
580.8999999999942,
581.5,
582.1000000000058,
582.7000000000116,
583,
583.3000000000175,
583.6000000000058,
583.8999999999942,
584.3000000000175,
584.6000000000058,
584.8999999999942,
585.2000000000116,
585.6000000000058,
585.8000000000175,
586.1000000000058,
586.5,
586.8000000000175,
587.1000000000058,
587.3999999999942,
587.7000000000116,
588,
588.5,
588.8000000000175,
589.1000000000058,
589.3999999999942,
589.7000000000116,
590,
590.3000000000175,
590.6000000000058,
590.8999999999942,
591.2000000000116,
591.6000000000058,
591.8999999999942,
592.1000000000058,
592.5,
592.8000000000175,
593.2000000000116,
593.5,
593.7000000000116,
594.1000000000058,
594.3999999999942,
594.7000000000116,
594.8999999999942,
595.2000000000116,
595.6000000000058,
595.8999999999942,
596.2000000000116,
596.5,
596.8999999999942,
597.2000000000116,
597.5,
597.8999999999942,
598.2000000000116,
598.5,
598.8999999999942,
599.2000000000116,
599.5,
599.8000000000175,
600.2000000000116,
600.3999999999942,
600.7000000000116,
601.2000000000116,
601.3999999999942,
601.7000000000116,
602,
602.3000000000175,
602.6000000000058,
602.8999999999942,
603.3000000000175,
603.5,
603.8999999999942,
604.2000000000116,
604.5,
604.8000000000175,
605.1000000000058,
605.5,
605.8000000000175,
606.1000000000058,
606.3000000000175,
606.6000000000058,
606.8999999999942,
607.2000000000116,
607.5,
607.8000000000175,
608.2000000000116,
608.5,
608.8999999999942,
609.1000000000058,
609.5,
609.8000000000175,
610.2000000000116,
610.5,
610.8000000000175,
611,
611.3999999999942,
611.7000000000116,
612,
612.3000000000175,
612.6000000000058,
612.8999999999942,
613.2000000000116,
613.6000000000058,
613.8999999999942,
614.2000000000116,
614.5,
614.8000000000175,
615.1000000000058,
615.3999999999942,
615.7000000000116,
616.1000000000058,
616.3000000000175,
616.7000000000116,
616.8999999999942,
617.3000000000175,
617.6000000000058,
617.8999999999942,
618.3000000000175,
618.6000000000058,
618.8999999999942,
619.2000000000116,
619.6000000000058,
619.8000000000175,
620.2000000000116,
620.5,
620.8000000000175,
621.1000000000058,
621.3999999999942,
621.7000000000116,
622.1000000000058,
622.3999999999942,
622.7000000000116,
623,
623.3000000000175,
623.6000000000058,
623.8999999999942,
624.3000000000175,
624.6000000000058,
624.8999999999942,
625.2000000000116,
625.3999999999942,
625.8000000000175,
626.2000000000116,
626.5,
626.8000000000175,
627.1000000000058,
627.3999999999942,
627.8000000000175,
628,
628.3999999999942,
628.7000000000116,
629.1000000000058,
629.3999999999942,
629.7000000000116,
629.8999999999942,
630.2000000000116,
630.6000000000058,
631,
631.3000000000175,
631.6000000000058,
631.8999999999942,
632.2000000000116,
632.5,
632.8000000000175,
633.1000000000058,
633.3999999999942,
633.6000000000058,
633.8999999999942,
634.2000000000116,
634.7000000000116,
635,
635.3000000000175,
635.6000000000058,
635.8999999999942,
636.2000000000116,
636.5,
636.8000000000175,
637.1000000000058,
637.3999999999942,
637.7000000000116,
638,
638.3999999999942,
638.7000000000116,
639.2000000000116,
639.5,
639.7000000000116,
640.1000000000058,
640.3999999999942,
640.7000000000116,
641.1000000000058,
641.3000000000175,
641.6000000000058,
641.8999999999942,
642.2000000000116,
642.5,
642.8999999999942,
643.2000000000116,
643.6000000000058,
643.8999999999942,
644.2000000000116,
644.5,
644.7000000000116,
645.1000000000058,
645.3000000000175,
645.6000000000058,
645.8999999999942,
646.2000000000116,
646.6000000000058,
646.8999999999942,
648,
648.3999999999942,
648.7000000000116,
648.8999999999942,
649.3000000000175,
649.6000000000058,
649.8999999999942,
650.2000000000116,
650.6000000000058,
650.8000000000175,
651.1000000000058,
651.3999999999942,
651.8000000000175,
652,
652.5,
652.7000000000116,
653.1000000000058,
653.3999999999942,
653.7000000000116,
654,
654.3000000000175,
654.6000000000058,
654.8999999999942,
655.2000000000116,
655.5,
655.8000000000175,
656.1000000000058,
656.6000000000058,
656.8999999999942,
657.2000000000116,
657.5,
657.8000000000175,
658.1000000000058,
658.5,
658.8999999999942,
659.2000000000116,
659.5,
659.7000000000116,
660.1000000000058,
660.3999999999942,
660.7000000000116,
661.2000000000116,
661.5,
661.7000000000116,
662.1000000000058,
662.3999999999942,
662.7000000000116,
663.1000000000058,
663.3000000000175,
663.6000000000058,
663.8999999999942,
664.2000000000116,
664.5,
664.8000000000175,
665.2000000000116,
665.6000000000058,
665.8000000000175,
666.2000000000116,
666.5,
666.8000000000175,
667.1000000000058,
667.3000000000175,
667.7000000000116,
667.8999999999942,
668.3000000000175,
668.6000000000058,
669,
669.3999999999942,
669.7000000000116,
670,
670.3000000000175,
670.6000000000058,
670.8999999999942,
671.2000000000116,
671.6000000000058,
671.8999999999942,
672.2000000000116,
672.5,
672.8000000000175,
673.1000000000058,
673.3999999999942,
673.8999999999942,
674.1000000000058,
674.5,
674.8000000000175,
675.1000000000058,
675.3999999999942,
675.8000000000175,
676.1000000000058,
676.3000000000175,
676.6000000000058,
676.8999999999942,
677.3000000000175,
677.5,
677.8999999999942,
678.3000000000175,
678.6000000000058,
678.8999999999942,
679.2000000000116,
679.6000000000058,
679.8999999999942,
680.2000000000116,
680.3999999999942,
680.8000000000175,
681.1000000000058,
681.3999999999942,
681.7000000000116,
682.1000000000058,
682.3999999999942,
682.8000000000175,
683.1000000000058,
683.3999999999942,
683.7000000000116,
684,
684.3000000000175,
684.6000000000058,
684.8999999999942,
685.1000000000058,
685.5,
685.8000000000175,
686.1000000000058,
686.5,
686.8999999999942,
687.2000000000116,
687.5,
687.8000000000175,
688.1000000000058,
688.3999999999942,
688.8000000000175,
689.1000000000058,
689.3000000000175,
689.7000000000116,
689.8999999999942,
690.3000000000175,
690.7000000000116,
691,
691.3000000000175,
691.6000000000058,
691.8999999999942,
692.2000000000116,
692.5,
692.8000000000175,
693.1000000000058,
693.3999999999942,
693.7000000000116,
694,
694.3999999999942,
694.6000000000058,
695,
695.3000000000175,
695.6000000000058,
695.8999999999942,
696.2000000000116,
696.5,
696.8000000000175,
697.2000000000116,
697.3999999999942,
697.8000000000175,
698,
698.5,
698.8000000000175,
699.3000000000175,
699.6000000000058,
699.8999999999942,
700.2000000000116,
700.5,
700.7000000000116,
701,
701.3000000000175,
701.7000000000116,
702,
702.2000000000116,
702.6000000000058,
702.8999999999942,
703.2000000000116,
703.7000000000116,
704,
704.3999999999942,
704.6000000000058,
704.8999999999942,
705.2000000000116,
705.5,
705.8000000000175,
706.1000000000058,
706.5,
706.8000000000175,
707,
707.3999999999942,
707.8000000000175,
708.1000000000058,
708.5,
708.8999999999942,
709.1000000000058,
709.3999999999942,
709.8000000000175,
710,
710.3000000000175,
710.7000000000116,
711,
711.3000000000175,
711.6000000000058,
711.8999999999942,
712.3000000000175,
712.6000000000058,
712.8999999999942,
713.2000000000116,
713.5,
713.8000000000175,
714.2000000000116,
714.5,
714.7000000000116,
715.1000000000058,
715.3999999999942,
715.7000000000116,
716,
716.3000000000175,
716.6000000000058,
717,
717.3000000000175,
717.6000000000058,
717.8999999999942,
718.3000000000175,
718.5,
718.8999999999942,
719.2000000000116,
719.6000000000058,
719.8999999999942,
720.2000000000116,
720.7000000000116,
721,
721.3000000000175,
721.6000000000058,
721.8999999999942,
722.3000000000175,
722.6000000000058,
722.8000000000175,
723.1000000000058,
723.5,
723.7000000000116,
724.1000000000058,
724.3999999999942,
724.7000000000116,
725.1000000000058,
725.3999999999942,
725.6000000000058,
725.8999999999942,
726.3000000000175,
726.5,
726.8999999999942,
727.1000000000058,
727.5,
727.7000000000116,
728.1000000000058,
728.3999999999942,
728.8000000000175,
729.2000000000116,
729.5,
729.8000000000175,
730.2000000000116,
730.3999999999942,
730.7000000000116,
731.1000000000058,
731.3999999999942,
731.6000000000058,
731.8999999999942,
732.3000000000175,
732.6000000000058,
732.8000000000175,
733.1000000000058,
733.6000000000058,
733.8999999999942,
734.1000000000058,
734.5,
734.8000000000175,
735.1000000000058,
735.3999999999942,
735.7000000000116,
736,
736.3000000000175,
736.6000000000058,
737,
737.2000000000116,
737.7000000000116,
738,
738.3000000000175,
738.7000000000116,
739,
739.3000000000175,
739.7000000000116,
740,
740.3000000000175,
740.5,
740.8000000000175,
741.2000000000116,
741.5,
742,
742.3000000000175,
742.6000000000058,
742.8999999999942,
743.2000000000116,
743.6000000000058,
743.8999999999942,
744.2000000000116,
744.5,
744.8000000000175,
745.1000000000058,
745.3999999999942,
745.7000000000116,
746,
746.5,
746.7000000000116,
747,
747.3999999999942,
747.7000000000116,
748,
748.3000000000175,
748.6000000000058,
748.8999999999942,
749.2000000000116,
749.5,
749.8000000000175,
750.1000000000058,
750.5,
750.8000000000175,
751.1000000000058,
751.5,
751.7000000000116,
752.1000000000058,
752.3999999999942,
752.6000000000058,
753,
753.2000000000116,
753.5,
753.8999999999942,
754.2000000000116,
754.5,
754.8999999999942,
755.2000000000116,
755.5,
755.8000000000175,
756.2000000000116,
756.3999999999942,
756.7000000000116,
757,
757.3999999999942,
757.6000000000058,
758,
758.3000000000175,
758.6000000000058,
759,
759.3999999999942,
759.7000000000116,
760,
760.3000000000175,
760.6000000000058,
760.8999999999942,
761.2000000000116,
761.6000000000058,
761.8000000000175,
762.2000000000116,
762.5,
762.8000000000175,
763.2000000000116,
763.5,
763.8000000000175,
764,
764.3999999999942,
764.7000000000116,
765.1000000000058,
765.3000000000175,
765.7000000000116,
766,
766.3000000000175,
766.7000000000116,
766.8999999999942,
767.3000000000175,
767.7000000000116,
767.8999999999942,
768.3000000000175,
768.6000000000058,
768.8000000000175,
769.1000000000058,
769.5,
769.8000000000175,
770.1000000000058,
770.3999999999942,
770.7000000000116,
771.1000000000058,
771.3999999999942,
771.8000000000175,
772,
772.3000000000175,
772.7000000000116,
773,
773.2000000000116,
773.6000000000058,
773.8999999999942,
774.1000000000058,
774.5,
774.7000000000116,
775.1000000000058,
775.3999999999942,
775.8000000000175,
776.1000000000058,
776.3999999999942,
776.7000000000116,
777,
777.3000000000175,
777.5,
777.8999999999942,
778.2000000000116,
778.6000000000058,
778.8999999999942,
779.3000000000175,
779.5,
779.8000000000175,
780.2000000000116,
780.5,
780.8000000000175,
781.1000000000058,
781.3999999999942,
781.7000000000116,
782,
782.3000000000175,
782.6000000000058,
783,
783.3000000000175,
783.5,
783.8000000000175,
784.2000000000116,
784.5,
784.8000000000175,
785.2000000000116,
785.3999999999942,
785.7000000000116,
786.1000000000058,
786.3999999999942,
786.8000000000175,
787,
787.3000000000175,
787.6000000000058,
787.8999999999942,
788.3000000000175,
788.7000000000116,
789.1000000000058,
789.3999999999942,
789.7000000000116,
790,
790.3999999999942,
790.6000000000058,
790.8999999999942,
791.3000000000175,
791.5,
791.8000000000175,
792.1000000000058,
792.5,
792.8999999999942,
793.2000000000116,
793.5,
793.8000000000175,
794.1000000000058,
794.5,
794.8000000000175,
795,
795.3000000000175,
795.7000000000116,
795.8999999999942,
796.2000000000116,
796.5,
796.8000000000175,
797.2000000000116,
797.6000000000058,
797.8000000000175,
798.2000000000116,
798.5,
798.8000000000175,
799.2000000000116,
799.5,
799.8000000000175,
800.1000000000058,
800.3999999999942,
800.7000000000116,
801,
801.3999999999942,
801.7000000000116,
802,
802.3000000000175,
802.7000000000116,
802.8999999999942,
803.3000000000175,
803.5,
803.8999999999942,
804.2000000000116,
804.5,
804.8000000000175,
805.1000000000058,
805.5,
805.8000000000175,
806.1000000000058,
806.3999999999942,
806.7000000000116,
807,
807.3000000000175,
807.6000000000058,
807.8999999999942,
808.2000000000116,
808.6000000000058,
808.8999999999942,
809.2000000000116,
809.5,
809.8999999999942,
810.1000000000058,
810.5,
810.8000000000175,
811.1000000000058,
811.3999999999942,
811.7000000000116,
812,
812.3000000000175,
812.6000000000058,
812.8999999999942,
813.2000000000116,
813.5,
813.8999999999942,
814.2000000000116,
814.6000000000058,
814.8000000000175,
815.2000000000116,
815.5,
815.8000000000175,
816.1000000000058,
816.3999999999942,
816.7000000000116,
817,
817.3000000000175,
817.6000000000058,
818,
818.3999999999942,
818.7000000000116,
819,
819.3000000000175,
819.6000000000058,
819.8999999999942,
820.3000000000175,
820.5,
820.8000000000175,
821.2000000000116,
821.3999999999942,
821.8000000000175,
822,
822.3999999999942,
822.7000000000116,
823.1000000000058,
823.3999999999942,
823.7000000000116,
824,
824.3000000000175,
824.6000000000058,
824.8999999999942,
825.2000000000116,
825.6000000000058,
825.8000000000175,
826.2000000000116,
826.5,
826.8999999999942,
827.2000000000116,
827.5,
827.8000000000175,
828.1000000000058,
828.5,
828.8000000000175,
829.2000000000116,
829.3999999999942,
829.8000000000175,
830.1000000000058,
830.3999999999942,
830.7000000000116,
831.2000000000116,
831.5,
831.8999999999942,
832.2000000000116,
832.3999999999942,
832.8999999999942,
833.2000000000116,
833.5,
833.8000000000175,
834.1000000000058,
834.3999999999942,
834.7000000000116,
835,
835.5,
835.7000000000116,
836,
836.3000000000175,
836.6000000000058,
837,
837.2000000000116,
837.6000000000058,
837.8999999999942,
838.3000000000175,
838.6000000000058,
838.8999999999942,
839.2000000000116,
839.6000000000058,
839.8000000000175,
840.2000000000116,
840.5,
840.8000000000175,
841.1000000000058,
841.3999999999942,
841.7000000000116,
842,
842.3000000000175,
842.7000000000116,
843,
843.3000000000175,
843.5,
844,
844.2000000000116,
844.6000000000058,
844.8999999999942,
845.2000000000116,
845.3999999999942,
845.8000000000175,
846,
846.3000000000175,
846.7000000000116,
847,
847.3000000000175,
847.6000000000058,
847.8000000000175,
848.3000000000175,
848.6000000000058,
849,
849.2000000000116,
849.6000000000058,
849.8000000000175,
850.2000000000116,
850.5,
850.8999999999942,
851.1000000000058,
851.5,
851.8000000000175,
852,
852.5,
852.8000000000175,
853.1000000000058,
853.3000000000175,
853.6000000000058,
854,
854.3000000000175,
854.6000000000058,
854.8000000000175,
855.2000000000116,
855.5,
855.8000000000175,
856.1000000000058,
856.3999999999942,
856.8000000000175,
857.1000000000058,
857.3999999999942,
857.7000000000116,
858,
858.3000000000175,
858.8000000000175,
859.1000000000058,
859.3999999999942,
859.7000000000116,
860,
860.3000000000175,
860.6000000000058,
861,
861.3999999999942,
861.6000000000058,
861.8999999999942,
862.2000000000116,
862.5,
862.8999999999942,
863.1000000000058,
863.3999999999942,
863.8000000000175,
864.1000000000058,
864.3000000000175,
864.7000000000116,
865,
865.3999999999942,
865.6000000000058,
866,
866.3000000000175,
866.6000000000058,
866.8999999999942,
867.2000000000116,
867.5,
867.7000000000116,
868,
868.3999999999942,
868.8000000000175,
869.1000000000058,
869.5,
869.8000000000175,
870.1000000000058,
870.3999999999942,
870.7000000000116,
871,
871.2000000000116,
871.6000000000058,
871.8999999999942,
872.2000000000116,
872.5,
872.8000000000175,
873.1000000000058,
873.3999999999942,
873.8000000000175,
874.1000000000058,
874.5,
874.8000000000175,
875.1000000000058,
875.3999999999942,
875.7000000000116,
876,
876.3000000000175,
876.6000000000058,
876.8999999999942,
877.2000000000116,
877.5,
877.8999999999942,
878.3999999999942,
878.7000000000116,
879,
879.3000000000175,
879.6000000000058,
879.8000000000175,
880.2000000000116,
880.5,
880.8000000000175,
881.1000000000058,
881.3000000000175,
881.7000000000116,
882,
882.3999999999942,
882.7000000000116,
883,
883.3000000000175,
883.7000000000116,
884,
884.2000000000116,
884.6000000000058,
884.8999999999942,
885.2000000000116,
885.6000000000058,
885.8999999999942,
886.2000000000116,
886.6000000000058,
886.8000000000175,
887.1000000000058,
887.5,
887.7000000000116,
888.1000000000058,
888.3999999999942,
888.8000000000175,
889.1000000000058,
889.3999999999942,
889.8000000000175,
890,
890.3999999999942,
890.7000000000116,
891,
891.3999999999942,
891.7000000000116,
892,
892.3000000000175,
892.5,
892.8999999999942,
893.2000000000116,
893.5,
893.7000000000116,
894.1000000000058,
894.3999999999942,
894.7000000000116,
895.1000000000058,
895.3999999999942,
895.7000000000116,
896,
896.3000000000175,
896.6000000000058,
896.8999999999942,
897.2000000000116,
897.5,
897.8000000000175,
898.1000000000058,
898.5,
898.8000000000175,
899.1000000000058,
899.5,
899.8000000000175,
900.1000000000058,
900.5,
900.8000000000175,
901.1000000000058,
901.3999999999942,
901.7000000000116,
902,
902.3000000000175,
902.7000000000116,
903,
903.3000000000175,
903.7000000000116,
904,
904.3000000000175,
904.6000000000058,
905,
905.2000000000116,
905.6000000000058,
905.8999999999942,
906.2000000000116,
906.6000000000058,
906.8999999999942,
907.1000000000058,
907.3999999999942,
907.8999999999942,
908.1000000000058,
908.5,
908.8000000000175,
909.1000000000058,
909.3999999999942,
909.8000000000175,
910,
910.3000000000175,
910.6000000000058,
911,
911.3999999999942,
911.6000000000058,
911.8999999999942,
912.7000000000116,
913,
913.3000000000175,
913.6000000000058,
914,
914.3000000000175,
914.6000000000058,
914.8999999999942,
915.2000000000116,
915.5,
915.8000000000175,
916.3000000000175,
916.6000000000058,
916.8999999999942,
917.3000000000175,
917.7000000000116,
918,
918.3000000000175,
918.7000000000116,
919.3000000000175,
919.6000000000058,
919.8999999999942,
920.2000000000116,
920.5,
920.8000000000175,
921.1000000000058,
921.3999999999942,
921.8000000000175,
922.1000000000058,
922.3999999999942,
922.7000000000116,
922.8999999999942,
923.3000000000175,
923.6000000000058,
923.8999999999942,
924.2000000000116,
924.5,
924.8000000000175,
925.1000000000058,
925.3999999999942,
925.7000000000116,
926.1000000000058,
926.3999999999942,
926.7000000000116,
927,
927.3000000000175,
927.6000000000058,
927.8999999999942,
928.3000000000175,
928.6000000000058,
928.8999999999942,
929.2000000000116,
929.6000000000058,
929.8999999999942,
930.2000000000116,
930.5,
930.8000000000175,
931.2000000000116,
931.5,
931.7000000000116,
932,
932.3000000000175,
932.7000000000116,
933,
933.2000000000116,
933.5,
933.8999999999942,
934.2000000000116,
934.6000000000058,
934.8999999999942,
935.2000000000116,
935.5,
935.7000000000116,
936.1000000000058,
936.3000000000175,
936.6000000000058,
936.8999999999942,
937.3000000000175,
937.5,
937.8000000000175,
938.2000000000116,
938.6000000000058,
939,
939.2000000000116,
939.6000000000058,
939.8999999999942,
940.1000000000058,
940.3999999999942,
940.8000000000175,
941,
941.3999999999942,
941.7000000000116,
941.8999999999942,
942.3000000000175,
942.6000000000058,
943,
943.2000000000116,
943.6000000000058,
943.8999999999942,
944.2000000000116,
944.6000000000058,
944.8000000000175,
945.1000000000058,
945.5,
945.7000000000116,
946,
946.3999999999942,
946.7000000000116,
947,
947.3000000000175,
947.7000000000116,
947.8999999999942,
948.3000000000175,
948.6000000000058,
949,
949.2000000000116,
949.5,
949.8999999999942,
950.2000000000116,
950.5,
950.8000000000175,
951.1000000000058,
951.3999999999942,
951.8000000000175,
952.1000000000058,
952.3000000000175,
952.6000000000058,
952.8999999999942,
953.2000000000116,
953.5,
953.8999999999942,
954.1000000000058,
954.5,
954.8000000000175,
955.2000000000116,
955.5,
955.8000000000175,
956.1000000000058,
956.3999999999942,
956.6000000000058,
957,
957.3000000000175,
957.5,
957.8999999999942,
958.2000000000116,
958.5,
959,
959.2000000000116,
959.5,
959.8999999999942,
960.2000000000116,
960.6000000000058,
960.8999999999942,
961.1000000000058,
961.3999999999942,
961.8000000000175,
962,
962.3999999999942,
962.6000000000058,
962.8999999999942,
963.3000000000175,
963.6000000000058,
964,
964.3000000000175,
964.5,
964.8000000000175,
965.2000000000116,
965.3999999999942,
965.8000000000175,
966.1000000000058,
966.3999999999942,
966.7000000000116,
966.8999999999942,
967.2000000000116,
967.6000000000058,
967.8000000000175,
968.3000000000175,
968.7000000000116,
969,
969.3000000000175,
969.6000000000058,
969.8999999999942,
970.2000000000116,
970.5,
970.8000000000175,
971.1000000000058,
971.3999999999942,
971.8000000000175,
972,
972.3999999999942,
972.8000000000175,
973,
973.3000000000175,
973.7000000000116,
973.8999999999942,
974.3000000000175,
974.5,
974.8999999999942,
975.2000000000116,
975.5,
975.8000000000175,
976.1000000000058,
976.3999999999942,
976.8999999999942,
977.3000000000175,
977.5,
977.8000000000175,
978.2000000000116,
978.5,
978.8999999999942,
979.1000000000058,
979.3999999999942,
979.8000000000175,
980.1000000000058,
980.3999999999942,
980.7000000000116,
981.2000000000116,
981.5,
981.7000000000116,
982,
982.3000000000175,
982.6000000000058,
983,
983.3000000000175,
983.6000000000058,
983.8000000000175,
984.1000000000058,
984.3999999999942,
984.7000000000116,
985,
985.3999999999942,
985.7000000000116,
986,
986.3000000000175,
986.6000000000058,
987,
987.2000000000116,
987.6000000000058,
987.8000000000175,
988.1000000000058,
988.6000000000058,
988.8999999999942,
989.2000000000116,
989.3999999999942,
990.5,
990.8000000000175,
991.2000000000116,
991.3999999999942,
991.8000000000175,
992.1000000000058,
992.3999999999942,
992.6000000000058,
993,
993.2000000000116,
993.5,
993.8999999999942,
994.2000000000116,
994.6000000000058,
994.8999999999942,
995.2000000000116,
995.5,
996.3000000000175,
996.7000000000116,
997,
997.3000000000175,
997.6000000000058,
997.8999999999942,
998.3000000000175,
998.7000000000116,
999.1000000000058,
999.3999999999942,
999.8999999999942,
1000.2000000000116,
1000.5,
1000.7000000000116,
1001.1000000000058,
1001.3999999999942,
1001.7000000000116,
1001.8999999999942,
1002.3000000000175,
1002.6000000000058,
1002.8999999999942,
1003.2000000000116,
1003.3999999999942,
1003.8999999999942,
1004.2000000000116,
1004.3999999999942,
1004.8000000000175,
1005.1000000000058,
1005.3999999999942,
1005.8000000000175,
1006.1000000000058,
1006.3999999999942,
1006.6000000000058,
1007,
1007.3000000000175,
1007.6000000000058,
1007.8000000000175,
1008.2000000000116,
1008.6000000000058,
1009,
1009.3999999999942,
1009.7000000000116,
1009.8999999999942,
1010.2000000000116,
1010.6000000000058,
1010.8999999999942,
1011.1000000000058,
1011.3999999999942,
1011.8000000000175,
1012,
1012.3999999999942,
1012.7000000000116,
1013,
1013.3000000000175,
1013.7000000000116,
1013.8999999999942,
1014.3000000000175,
1014.6000000000058,
1014.8999999999942,
1015.2000000000116,
1015.3999999999942,
1015.7000000000116,
1016.1000000000058,
1016.3000000000175,
1016.7000000000116,
1017,
1017.3999999999942,
1017.6000000000058,
1017.8999999999942,
1018.3000000000175,
1018.6000000000058,
1019,
1019.2000000000116,
1019.5,
1019.8999999999942,
1020.2000000000116,
1020.5,
1020.8999999999942,
1021.2000000000116,
1021.5,
1021.8000000000175,
1022.1000000000058,
1022.3999999999942,
1022.7000000000116,
1023,
1023.3000000000175,
1023.6000000000058,
1023.8999999999942,
1024.2000000000116,
1024.3999999999942,
1024.8000000000175,
1025.2000000000116,
1025.5,
1025.8000000000175,
1026.1000000000058,
1026.3999999999942,
1026.7000000000116,
1027,
1027.3000000000175,
1027.6000000000058,
1027.8999999999942,
1028.2000000000116,
1028.6000000000058,
1029,
1029.2000000000116,
1029.6000000000058,
1029.8999999999942,
1030.2000000000116,
1030.5,
1030.8999999999942,
1031.1000000000058,
1031.3999999999942,
1031.7000000000116,
1032.1000000000058,
1032.3999999999942,
1032.7000000000116,
1033,
1033.3000000000175,
1033.7000000000116,
1033.8999999999942,
1034.3000000000175,
1034.5,
1034.8999999999942,
1035.2000000000116,
1035.3999999999942,
1035.7000000000116,
1036,
1036.3000000000175,
1036.6000000000058,
1036.8999999999942,
1037.3000000000175,
1037.5,
1038,
1038.3000000000175,
1038.7000000000116,
1039,
1039.3000000000175,
1039.6000000000058,
1039.8999999999942,
1040.2000000000116,
1040.3999999999942,
1040.8000000000175,
1041.1000000000058,
1041.3999999999942,
1041.7000000000116,
1042,
1042.3999999999942,
1042.7000000000116,
1043.1000000000058,
1043.3000000000175,
1043.6000000000058,
1043.8999999999942,
1044.2000000000116,
1044.5,
1044.8000000000175,
1045.1000000000058,
1045.3999999999942,
1045.7000000000116,
1046,
1046.5,
1046.7000000000116,
1047.1000000000058,
1047.3999999999942,
1047.7000000000116,
1048,
1048.3000000000175,
1048.6000000000058,
1049,
1049.3000000000175,
1049.6000000000058,
1049.8999999999942,
1050.2000000000116,
1050.5,
1050.8999999999942,
1051.1000000000058,
1051.3999999999942,
1051.8000000000175,
1052.1000000000058,
1052.3999999999942,
1052.7000000000116,
1053,
1053.3000000000175,
1053.6000000000058,
1053.8999999999942,
1054.2000000000116,
1054.5,
1055,
1055.3000000000175,
1055.5,
1055.8000000000175,
1056.2000000000116,
1056.5,
1056.7000000000116,
1057.1000000000058,
1057.3999999999942,
1057.7000000000116,
1058,
1058.3000000000175,
1058.7000000000116,
1059,
1059.3999999999942,
1059.7000000000116,
1060,
1060.3000000000175,
1060.6000000000058,
1060.8999999999942,
1061.2000000000116,
1061.5,
1061.8000000000175,
1062.1000000000058,
1062.5,
1062.8000000000175,
1063,
1063.3999999999942,
1063.7000000000116,
1064.1000000000058,
1064.3999999999942,
1064.7000000000116,
1065,
1065.3000000000175,
1065.6000000000058,
1065.8999999999942,
1066.2000000000116,
1066.5,
1066.8000000000175,
1067.1000000000058,
1067.3999999999942,
1067.7000000000116,
1068.1000000000058,
1068.3999999999942,
1068.7000000000116,
1069.1000000000058,
1069.3999999999942,
1069.7000000000116,
1070,
1070.3000000000175,
1070.6000000000058,
1070.8999999999942,
1071.2000000000116,
1071.5,
1071.8000000000175,
1072.1000000000058,
1072.3999999999942,
1072.7000000000116,
1073,
1073.3000000000175,
1073.7000000000116,
1073.8999999999942,
1074.2000000000116,
1074.5,
1074.8000000000175,
1075.1000000000058,
1075.5,
1075.7000000000116,
1076.1000000000058,
1076.3999999999942,
1076.7000000000116,
1077.1000000000058,
1077.3999999999942,
1077.6000000000058,
1078,
1078.3000000000175,
1078.7000000000116,
1079.1000000000058,
1079.3000000000175,
1079.7000000000116,
1079.8999999999942,
1080.3000000000175,
1080.6000000000058,
1081,
1081.3000000000175,
1081.8000000000175,
1082.3000000000175,
1082.8999999999942,
1083.3999999999942,
1084.1000000000058,
1084.7000000000116,
1084.8999999999942,
1085.3000000000175,
1085.5,
1085.8000000000175,
1086.2000000000116,
1086.6000000000058,
1086.8000000000175,
1087.1000000000058,
1087.3999999999942,
1087.7000000000116,
1088,
1088.3999999999942,
1088.7000000000116,
1089.1000000000058,
1089.3999999999942,
1089.7000000000116,
1090,
1090.3000000000175,
1090.7000000000116,
1091,
1091.3000000000175,
1091.6000000000058,
1091.8999999999942,
1092.2000000000116,
1092.5,
1092.8000000000175,
1093.1000000000058,
1093.3999999999942,
1093.7000000000116,
1094,
1094.3000000000175,
1094.7000000000116,
1095,
1095.3000000000175,
1095.6000000000058,
1095.8999999999942,
1096.2000000000116,
1096.5,
1096.7000000000116,
1097.1000000000058,
1097.3999999999942,
1097.7000000000116,
1098,
1098.3000000000175,
1098.7000000000116,
1099.2000000000116,
1099.5,
1099.8000000000175,
1100.1000000000058,
1100.3999999999942,
1100.7000000000116,
1101,
1101.3000000000175,
1101.6000000000058,
1101.8999999999942,
1102.2000000000116,
1102.5,
1102.7000000000116,
1103.2000000000116,
1103.5,
1103.8000000000175,
1104,
1104.3000000000175,
1104.6000000000058,
1104.8999999999942,
1105.2000000000116,
1105.6000000000058,
1105.8000000000175,
1106.1000000000058,
1106.3999999999942,
1106.8000000000175,
1107.1000000000058,
1107.5,
1107.7000000000116,
1108,
1108.3999999999942,
1108.7000000000116,
1109.1000000000058,
1109.3999999999942,
1109.7000000000116,
1110,
1110.3000000000175,
1110.6000000000058,
1110.8999999999942,
1111.2000000000116,
1111.6000000000058,
1112,
1112.3000000000175,
1112.5,
1112.8000000000175,
1113.2000000000116,
1113.5,
1113.7000000000116,
1114.1000000000058,
1114.3999999999942,
1114.7000000000116,
1114.8999999999942,
1115.2000000000116,
1115.6000000000058,
1116,
1116.3000000000175,
1116.6000000000058,
1116.8999999999942,
1117.3000000000175,
1117.6000000000058,
1117.8999999999942,
1118.2000000000116,
1118.5,
1118.8000000000175,
1119.2000000000116,
1119.5,
1119.8999999999942,
1120.2000000000116,
1120.5,
1120.8000000000175,
1121.1000000000058,
1121.3999999999942,
1121.7000000000116,
1121.8999999999942,
1122.3000000000175,
1122.6000000000058,
1122.8999999999942,
1123.2000000000116,
1123.5,
1123.8000000000175,
1124,
1124.6000000000058,
1125,
1125.3000000000175,
1125.6000000000058,
1125.8000000000175,
1126.2000000000116,
1126.5,
1126.7000000000116,
1127.1000000000058,
1127.3999999999942,
1127.6000000000058,
1128,
1128.3000000000175,
1128.8000000000175,
1129.1000000000058,
1129.5,
1129.7000000000116,
1130,
1130.3000000000175,
1130.7000000000116,
1130.8999999999942,
1131.2000000000116,
1131.5,
1131.8000000000175,
1132.1000000000058,
1132.3999999999942,
1132.7000000000116,
1133.1000000000058,
1133.5,
1133.7000000000116,
1134,
1134.3000000000175,
1134.6000000000058,
1135,
1135.3000000000175,
1135.5,
1135.8999999999942,
1136.1000000000058,
1136.3999999999942,
1136.7000000000116,
1137.1000000000058,
1137.3999999999942,
1137.8000000000175,
1138,
1138.3999999999942,
1138.8000000000175,
1139.1000000000058,
1139.3999999999942,
1139.8000000000175,
1140,
1140.3000000000175,
1140.6000000000058,
1140.8999999999942,
1141.3000000000175,
1141.6000000000058,
1142,
1142.3000000000175,
1142.6000000000058,
1142.8999999999942,
1143.2000000000116,
1143.5,
1143.8000000000175,
1144,
1144.3000000000175,
1144.7000000000116,
1145,
1145.3000000000175,
1145.6000000000058,
1145.8999999999942,
1146.3000000000175,
1146.5,
1146.8000000000175,
1147.1000000000058,
1147.3999999999942,
1147.7000000000116,
1148.1000000000058,
1148.3999999999942,
1148.8000000000175,
1149,
1149.3999999999942,
1149.7000000000116,
1150.1000000000058,
1150.3999999999942,
1150.7000000000116,
1151,
1151.2000000000116,
1151.5,
1151.8999999999942,
1152.2000000000116,
1152.5,
1152.7000000000116,
1153.1000000000058,
1153.3999999999942,
1153.6000000000058,
1153.8999999999942,
1154.3999999999942,
1154.7000000000116,
1155,
1155.3000000000175,
1155.7000000000116,
1155.8999999999942,
1156.3000000000175,
1156.6000000000058,
1156.8999999999942,
1157.1000000000058,
1157.5,
1157.8000000000175,
1158,
1158.6000000000058,
1158.8999999999942,
1159.1000000000058,
1159.5,
1159.8000000000175,
1160.1000000000058,
1160.3999999999942,
1160.7000000000116,
1161,
1161.2000000000116,
1161.5,
1161.8000000000175,
1162.2000000000116,
1162.5,
1162.8000000000175,
1163.1000000000058,
1163.3999999999942,
1163.7000000000116,
1164,
1164.3999999999942,
1164.7000000000116,
1165,
1165.3000000000175,
1165.6000000000058,
1165.8999999999942,
1166.2000000000116,
1166.5,
1166.8999999999942,
1167.2000000000116,
1167.5,
1167.8000000000175,
1168,
1168.3999999999942,
1168.7000000000116,
1169.1000000000058,
1169.3999999999942,
1169.6000000000058,
1170,
1170.3000000000175,
1170.5,
1170.8000000000175,
1171.2000000000116,
1171.6000000000058,
1171.8000000000175,
1172.2000000000116,
1172.5,
1172.7000000000116,
1173.1000000000058,
1173.3999999999942,
1173.7000000000116,
1174,
1174.3000000000175,
1174.6000000000058,
1174.8999999999942,
1175.2000000000116,
1175.6000000000058,
1175.8999999999942,
1176.2000000000116,
1176.5,
1176.8000000000175,
1177.1000000000058,
1177.3999999999942,
1177.7000000000116,
1178,
1178.3000000000175,
1178.7000000000116,
1178.8999999999942,
1179.2000000000116,
1179.6000000000058,
1179.8999999999942,
1180.3000000000175,
1180.6000000000058,
1180.8999999999942,
1181.2000000000116,
1181.5,
1181.8000000000175,
1182.1000000000058,
1182.3999999999942,
1182.7000000000116,
1183,
1183.2000000000116,
1183.7000000000116,
1184,
1184.3000000000175,
1184.6000000000058,
1184.8999999999942,
1185.2000000000116,
1185.5,
1185.8000000000175,
1186.1000000000058,
1186.3999999999942,
1186.6000000000058,
1187,
1187.3000000000175,
1187.6000000000058,
1187.8999999999942,
1188.3000000000175,
1188.6000000000058,
1188.8999999999942,
1189.2000000000116,
1189.6000000000058,
1189.8999999999942,
1190.1000000000058,
1190.5,
1190.8000000000175,
1191.1000000000058,
1191.3999999999942,
1191.7000000000116,
1192.1000000000058,
1192.3999999999942,
1192.7000000000116,
1193,
1193.3000000000175,
1193.6000000000058,
1194,
1194.3000000000175,
1194.6000000000058,
1194.8999999999942,
1195.1000000000058,
1195.5,
1195.7000000000116,
1196.1000000000058,
1196.5,
1196.8000000000175,
1197.1000000000058,
1197.3999999999942,
1197.7000000000116,
1198,
1198.3000000000175,
1198.7000000000116,
1199,
1199.3000000000175,
1199.7000000000116,
1200,
1200.2000000000116,
1200.6000000000058,
1201,
1201.3000000000175,
1201.6000000000058,
1201.8999999999942,
1202.2000000000116,
1202.5,
1202.8000000000175,
1203.1000000000058,
1203.3999999999942,
1203.7000000000116,
1204,
1204.3000000000175,
1204.6000000000058,
1205,
1205.3000000000175,
1205.7000000000116,
1205.8999999999942,
1206.2000000000116,
1206.5,
1206.8000000000175,
1207.1000000000058,
1207.3999999999942,
1207.8000000000175,
1208.1000000000058,
1208.3999999999942,
1208.8000000000175,
1209.2000000000116,
1209.5,
1209.8000000000175,
1210.1000000000058,
1210.5,
1210.7000000000116,
1211,
1211.3000000000175,
1211.6000000000058,
1211.8999999999942,
1212.2000000000116,
1212.5,
1212.8000000000175,
1213.1000000000058,
1213.5,
1213.8000000000175,
1214.1000000000058,
1214.3999999999942,
1214.7000000000116,
1215,
1215.3000000000175,
1215.6000000000058,
1215.8999999999942,
1216.3000000000175,
1216.5,
1216.8999999999942,
1217.1000000000058,
1217.3999999999942,
1217.7000000000116,
1218.1000000000058,
1218.3999999999942,
1218.8000000000175,
1219.1000000000058,
1219.3999999999942,
1219.7000000000116,
1220,
1220.3000000000175,
1220.6000000000058,
1220.8999999999942,
1221.2000000000116,
1221.5,
1221.8999999999942,
1222.2000000000116,
1222.5,
1222.8000000000175,
1223.1000000000058,
1223.3999999999942,
1223.7000000000116,
1224.1000000000058,
1224.3000000000175,
1224.6000000000058,
1225,
1225.3000000000175,
1225.6000000000058,
1225.8999999999942,
1226.2000000000116,
1226.5,
1226.8999999999942,
1227.2000000000116,
1227.6000000000058,
1227.8999999999942,
1228.2000000000116,
1228.6000000000058,
1228.8999999999942,
1229.1000000000058,
1229.5,
1229.8000000000175,
1230,
1230.5,
1230.8000000000175,
1231,
1231.3999999999942,
1231.7000000000116,
1231.8999999999942,
1232.2000000000116,
1232.6000000000058,
1232.8999999999942,
1233.2000000000116,
1233.5,
1233.8000000000175,
1234.1000000000058,
1234.3999999999942,
1234.8000000000175,
1235.1000000000058,
1235.3000000000175,
1235.7000000000116,
1236,
1236.3000000000175,
1236.6000000000058,
1236.8999999999942,
1237.2000000000116,
1237.5,
1237.8000000000175,
1238.1000000000058,
1238.5,
1239,
1239.3000000000175,
1239.6000000000058,
1239.8999999999942,
1240.2000000000116,
1240.5,
1240.8000000000175,
1241,
1241.3999999999942,
1241.7000000000116,
1242,
1242.3000000000175,
1242.6000000000058,
1243,
1243.3999999999942,
1243.6000000000058,
1243.8999999999942,
1244.2000000000116,
1244.5,
1244.8999999999942,
1245.1000000000058,
1245.3999999999942,
1245.7000000000116,
1246,
1246.3999999999942,
1246.6000000000058,
1247,
1247.2000000000116,
1247.6000000000058,
1247.8999999999942,
1248.3000000000175,
1248.7000000000116,
1249,
1249.3000000000175,
1249.5,
1249.8999999999942,
1250.2000000000116,
1250.5,
1250.8000000000175,
1251.1000000000058,
1251.5,
1251.8000000000175,
1252.1000000000058,
1252.3999999999942,
1252.7000000000116,
1253,
1253.3000000000175,
1253.6000000000058,
1253.8999999999942,
1254.3000000000175,
1254.6000000000058,
1254.8999999999942,
1255.1000000000058,
1255.5,
1255.8000000000175,
1256.2000000000116,
1256.5,
1256.8000000000175,
1257,
1257.3999999999942,
1257.6000000000058,
1258,
1258.3999999999942,
1258.7000000000116,
1259,
1259.3000000000175,
1259.6000000000058,
1260,
1260.3000000000175,
1260.7000000000116,
1261,
1261.3000000000175,
1261.6000000000058,
1261.8999999999942,
1262.2000000000116,
1262.5,
1262.8000000000175,
1263.1000000000058,
1263.5,
1263.7000000000116,
1264.1000000000058,
1264.3000000000175,
1264.7000000000116,
1265.1000000000058,
1265.3999999999942,
1265.6000000000058,
1266,
1266.2000000000116,
1266.6000000000058,
1266.8000000000175,
1267.2000000000116,
1267.5,
1267.8000000000175,
1268.1000000000058,
1268.3999999999942,
1268.8999999999942,
1269.2000000000116,
1269.6000000000058,
1269.8999999999942,
1270.2000000000116,
1270.5,
1270.8999999999942,
1271.3000000000175,
1271.7000000000116,
1272.1000000000058,
1272.5,
1273,
1273.3000000000175,
1273.6000000000058,
1273.8999999999942,
1274.2000000000116,
1274.6000000000058,
1274.8000000000175,
1275.1000000000058,
1275.3999999999942,
1275.7000000000116,
1276,
1276.3000000000175,
1276.7000000000116,
1276.8999999999942,
1277.2000000000116,
1277.5,
1278,
1278.3000000000175,
1278.6000000000058,
1279,
1279.3000000000175,
1279.6000000000058,
1279.8999999999942,
1280.2000000000116,
1280.5,
1280.8000000000175,
1281.2000000000116,
1281.3999999999942,
1281.7000000000116,
1282.1000000000058,
1282.5,
1282.7000000000116,
1283,
1283.3999999999942,
1283.6000000000058,
1283.8999999999942,
1284.2000000000116,
1284.6000000000058,
1284.8999999999942,
1285.1000000000058,
1285.5,
1285.8000000000175,
1286,
1286.5,
1286.8000000000175,
1287.1000000000058,
1287.3999999999942,
1287.7000000000116,
1288,
1288.3000000000175,
1288.7000000000116,
1289,
1289.3000000000175,
1289.6000000000058,
1290,
1290.2000000000116,
1290.6000000000058,
1290.8999999999942,
1291.2000000000116,
1291.5,
1291.8999999999942,
1292.1000000000058,
1292.3999999999942,
1292.8000000000175,
1293.1000000000058,
1293.3000000000175,
1293.7000000000116,
1294,
1294.3000000000175,
1294.7000000000116,
1295.1000000000058,
1295.3999999999942,
1295.7000000000116,
1295.8999999999942,
1296.3000000000175,
1296.5,
1296.8999999999942,
1297.1000000000058,
1297.5,
1297.7000000000116,
1298,
1298.3999999999942,
1298.8000000000175,
1299.1000000000058,
1299.5,
1299.8000000000175,
1300.2000000000116,
1300.3999999999942,
1300.7000000000116,
1301.1000000000058,
1301.3000000000175,
1301.6000000000058,
1301.8999999999942,
1302.3000000000175,
1302.5,
1302.8000000000175,
1303.2000000000116,
1303.5,
1303.8000000000175,
1304.1000000000058,
1304.3999999999942,
1304.7000000000116,
1305,
1305.3000000000175,
1305.6000000000058,
1306,
1306.2000000000116,
1306.6000000000058,
1306.8999999999942,
1307.2000000000116,
1307.5,
1307.8999999999942,
1308.2000000000116,
1308.6000000000058,
1308.8999999999942,
1309.2000000000116,
1309.5,
1309.8000000000175,
1310.1000000000058,
1310.3999999999942,
1310.8000000000175,
1311.1000000000058,
1311.3999999999942,
1311.7000000000116,
1311.8999999999942,
1312.3999999999942,
1312.7000000000116,
1313,
1313.3000000000175,
1313.6000000000058,
1313.8999999999942,
1314.2000000000116,
1314.5,
1314.8000000000175,
1315.1000000000058,
1315.3999999999942,
1315.7000000000116,
1316.1000000000058,
1316.3999999999942,
1316.7000000000116,
1317,
1317.3000000000175,
1317.6000000000058,
1317.8999999999942,
1318.3000000000175,
1318.6000000000058,
1318.8999999999942,
1319.3000000000175,
1319.5,
1319.8000000000175,
1320.1000000000058,
1320.3999999999942,
1320.8999999999942,
1321.2000000000116,
1321.5,
1321.8000000000175,
1322.1000000000058,
1322.3000000000175,
1322.7000000000116,
1323,
1323.2000000000116,
1323.5,
1323.8999999999942,
1324.2000000000116,
1324.5,
1324.8999999999942,
1325.2000000000116,
1325.5,
1325.8000000000175,
1326,
1326.3999999999942,
1326.7000000000116,
1327,
1327.3000000000175,
1327.6000000000058,
1327.8999999999942,
1328.2000000000116,
1328.5,
1328.8000000000175,
1329.2000000000116,
1329.5,
1329.8000000000175,
1330.1000000000058,
1330.5,
1330.7000000000116,
1331,
1331.3999999999942,
1331.7000000000116,
1331.8999999999942,
1332.3000000000175,
1332.6000000000058,
1332.8999999999942,
1333.2000000000116,
1333.5,
1333.8000000000175,
1334.2000000000116,
1334.5,
1334.8000000000175,
1335.1000000000058,
1335.3999999999942,
1335.7000000000116,
1336,
1336.3000000000175,
1336.6000000000058,
1336.8999999999942,
1337.2000000000116,
1337.6000000000058,
1337.8999999999942,
1338.3000000000175,
1338.6000000000058,
1338.8000000000175,
1339.1000000000058,
1339.5,
1339.8000000000175,
1340.1000000000058,
1340.3000000000175,
1340.7000000000116,
1341,
1341.3000000000175,
1341.7000000000116,
1342,
1342.3000000000175,
1342.6000000000058,
1342.8999999999942,
1343.2000000000116,
1343.5,
1343.8000000000175,
1344.1000000000058,
1344.3000000000175,
1344.7000000000116,
1345,
1345.3000000000175,
1345.6000000000058,
1346,
1346.3000000000175,
1346.7000000000116,
1347,
1347.2000000000116,
1347.6000000000058,
1347.8000000000175,
1348.2000000000116,
1348.6000000000058,
1348.8999999999942,
1349.2000000000116,
1349.5,
1349.8000000000175,
1350.1000000000058,
1350.5,
1350.8000000000175,
1351.1000000000058,
1351.3999999999942,
1351.8000000000175,
1352,
1352.3000000000175,
1352.7000000000116,
1353,
1353.3000000000175,
1353.5,
1353.8999999999942,
1354.1000000000058,
1354.5,
1354.8999999999942,
1355.1000000000058,
1355.5,
1355.8000000000175,
1356.1000000000058,
1356.3999999999942,
1356.7000000000116,
1356.8999999999942,
1357.2000000000116,
1357.5,
1357.8999999999942,
1358.2000000000116,
1358.5,
1358.8999999999942,
1359.2000000000116,
1359.5,
1359.8000000000175,
1360.1000000000058,
1360.3999999999942,
1360.7000000000116,
1361,
1361.3000000000175,
1361.6000000000058,
1361.8999999999942,
1362.2000000000116,
1362.5,
1362.8999999999942,
1363.1000000000058,
1363.5,
1363.8000000000175,
1364.1000000000058,
1364.3999999999942,
1364.7000000000116,
1365.1000000000058,
1365.3000000000175,
1365.6000000000058,
1365.8999999999942,
1366.3000000000175,
1366.5,
1366.8000000000175,
1367.2000000000116,
1367.5,
1367.8000000000175,
1368.2000000000116,
1368.5,
1368.8999999999942,
1369.1000000000058,
1369.5,
1369.8000000000175,
1370.1000000000058,
1370.3999999999942,
1370.7000000000116,
1371,
1371.3999999999942,
1371.7000000000116,
1372,
1372.3000000000175,
1372.7000000000116,
1372.8999999999942,
1373.2000000000116,
1373.5,
1373.8000000000175,
1374.1000000000058,
1374.3999999999942,
1374.8000000000175,
1375.1000000000058,
1375.3000000000175,
1375.7000000000116,
1376.1000000000058,
1376.3000000000175,
1376.6000000000058,
1376.8999999999942,
1377.2000000000116,
1377.6000000000058,
1377.8000000000175,
1378.2000000000116,
1378.5,
1378.8000000000175,
1379.2000000000116,
1379.3999999999942,
1379.8000000000175,
1380.1000000000058,
1380.3999999999942,
1380.8000000000175,
1381,
1381.3000000000175,
1381.7000000000116,
1382,
1382.3000000000175,
1382.6000000000058,
1382.8999999999942,
1383.2000000000116,
1383.5,
1383.8000000000175,
1384.2000000000116,
1384.5,
1384.8000000000175,
1385.2000000000116,
1385.5,
1385.7000000000116,
1386,
1386.3000000000175,
1386.6000000000058,
1387,
1387.3000000000175,
1387.5,
1387.8000000000175,
1388.2000000000116,
1388.6000000000058,
1388.8999999999942,
1389.3000000000175,
1389.6000000000058,
1389.8000000000175,
1390.1000000000058,
1390.3999999999942,
1390.7000000000116,
1391,
1391.3000000000175,
1391.6000000000058,
1392,
1392.3000000000175,
1392.7000000000116,
1392.8999999999942,
1393.3000000000175,
1393.6000000000058,
1393.8999999999942,
1394.2000000000116,
1394.5,
1394.8000000000175,
1395.1000000000058,
1395.3999999999942,
1395.7000000000116,
1396,
1396.3000000000175,
1396.7000000000116
0.29999999998835847,
0.40000000002328306,
0.29999999998835847,
0.29999999998835847,
0.40000000002328306,
0.1999999999825377,
0.39999999999417923,
0.3000000000174623,
0.39999999999417923,
0.39999999999417923,
0.39999999999417923,
0.20000000001164153,
0.39999999999417923,
0.3000000000174623,
0.29999999998835847,
0.29999999998835847,
0.3000000000174623,
0.39999999999417923,
0.29999999998835847,
0.3000000000174623,
0.29999999998835847,
0.29999999998835847,
0.40000000002328306,
0.29999999998835847,
0.29999999998835847,
0.40000000002328306,
0.39999999999417923,
0.1999999999825377,
0.39999999999417923,
0.20000000001164153,
0.39999999999417923,
0.3000000000174623,
0.29999999998835847,
0.29999999998835847,
0.3000000000174623,
0.39999999999417923,
0.29999999998835847,
0.3000000000174623,
0.39999999999417923,
0.29999999998835847,
0.3000000000174623,
0.39999999999417923,
0.1999999999825377,
0.3000000000174623,
0.29999999998835847,
0.39999999999417923,
0.3000000000174623,
0.29999999998835847,
0.39999999999417923,
0.39999999999417923,
0.20000000001164153,
0.39999999999417923,
0.3000000000174623,
0.29999999998835847,
0.29999999998835847,
0.5,
0.3000000000174623,
0.29999999998835847,
0.3000000000174623,
0.29999999998835847,
0.29999999998835847,
0.39999999999417923,
0.40000000002328306,
0.1999999999825377,
0.39999999999417923,
0.3000000000174623,
0.29999999998835847,
0.39999999999417923,
0.3000000000174623,
0.29999999998835847,
0.3000000000174623,
0.39999999999417923,
0.39999999999417923,
0.20000000001164153,
0.5,
0.1999999999825377,
0.39999999999417923,
0.20000000001164153,
0.29999999998835847,
0.39999999999417923,
0.3000000000174623,
0.29999999998835847,
0.3000000000174623,
0.39999999999417923,
0.29999999998835847,
0.3000000000174623,
0.39999999999417923,
0.39999999999417923,
0.5,
0.29999999998835847,
0.3000000000174623,
0.39999999999417923,
0.29999999998835847,
0.3000000000174623,
0.29999999998835847,
0.39999999999417923,
0.20000000001164153,
0.39999999999417923,
0.3000000000174623,
0.29999999998835847,
0.39999999999417923,
0.39999999999417923,
0.40000000002328306,
0.29999999998835847,
0.29999999998835847,
0.40000000002328306,
0.29999999998835847,
0.29999999998835847,
0.3000000000174623,
0.39999999999417923,
0.29999999998835847,
0.3000000000174623,
0.29999999998835847,
0.39999999999417923,
0.40000000002328306,
0.29999999998835847,
0.29999999998835847,
0.40000000002328306,
0.29999999998835847,
0.39999999999417923,
0.20000000001164153,
0.29999999998835847,
0.3000000000174623,
0.39999999999417923,
0.29999999998835847,
0.3000000000174623,
0.39999999999417923,
0.39999999999417923,
0.39999999999417923,
0.3000000000174623,
0.1999999999825377,
0.39999999999417923,
0.3000000000174623,
0.29999999998835847,
0.39999999999417923,
0.3000000000174623,
0.29999999998835847,
0.39999999999417923,
0.20000000001164153,
0.39999999999417923,
0.39999999999417923,
0.40000000002328306,
0.29999999998835847,
0.29999999998835847,
0.5,
0.3000000000174623,
0.29999999998835847,
0.29999999998835847,
0.3000000000174623,
0.29999999998835847,
0.3000000000174623,
0.39999999999417923,
0.29999999998835847,
0.3000000000174623,
0.39999999999417923,
0.29999999998835847,
0.39999999999417923,
0.3000000000174623,
0.29999999998835847,
0.29999999998835847,
0.20000000001164153,
0.29999999998835847,
0.40000000002328306,
0.29999999998835847,
0.1999999999825377,
0.40000000002328306,
0.29999999998835847,
0.39999999999417923,
0.3000000000174623,
0.29999999998835847,
0.39999999999417923,
0.3000000000174623,
0.29999999998835847,
0.39999999999417923,
0.3000000000174623,
0.29999999998835847,
0.29999999998835847,
0.3000000000174623,
0.29999999998835847,
0.29999999998835847,
0.40000000002328306,
0.29999999998835847,
0.29999999998835847,
0.3000000000174623,
0.29999999998835847,
0.39999999999417923,
0.20000000001164153,
0.29999999998835847,
0.3000000000174623,
0.20000000001164153,
0.39999999999417923,
0.3000000000174623,
0.29999999998835847,
0.29999999998835847,
0.40000000002328306,
0.39999999999417923,
0.39999999999417923,
0.29999999998835847,
0.3000000000174623,
0.29999999998835847,
0.39999999999417923,
0.3000000000174623,
0.29999999998835847,
0.39999999999417923,
0.3000000000174623,
0.29999999998835847,
0.29999999998835847,
0.5,
0.3000000000174623,
0.29999999998835847,
0.3000000000174623,
0.29999999998835847,
0.29999999998835847,
0.3000000000174623,
0.29999999998835847,
0.29999999998835847,
0.40000000002328306,
0.29999999998835847,
0.29999999998835847,
0.40000000002328306,
1.1999999999825377,
0.3000000000174623,
0.5,
0.1999999999825377,
0.39999999999417923,
0.3000000000174623,
0.29999999998835847,
0.3000000000174623,
0.39999999999417923,
0.5,
0.29999999998835847,
0.39999999999417923,
0.3000000000174623,
0.39999999999417923,
0.39999999999417923,
0.39999999999417923,
0.20000000001164153,
0.39999999999417923,
0.3000000000174623,
0.29999999998835847,
0.29999999998835847,
0.40000000002328306,
0.29999999998835847,
0.39999999999417923,
0.20000000001164153,
0.39999999999417923,
0.29999999998835847,
0.5,
0.39999999999417923,
0.3000000000174623,
0.29999999998835847,
0.3000000000174623,
0.29999999998835847,
0.29999999998835847,
0.40000000002328306,
0.29999999998835847,
0.29999999998835847,
0.40000000002328306,
0.29999999998835847,
0.29999999998835847,
0.5,
0.3000000000174623,
0.29999999998835847,
0.3000000000174623,
0.29999999998835847,
0.39999999999417923,
0.3000000000174623,
0.29999999998835847,
0.29999999998835847,
0.3000000000174623,
0.29999999998835847,
0.3000000000174623,
0.39999999999417923,
0.29999999998835847,
0.39999999999417923,
0.3000000000174623,
0.29999999998835847,
0.39999999999417923,
0.3000000000174623,
0.1999999999825377,
0.40000000002328306,
0.29999999998835847,
0.29999999998835847,
0.3000000000174623,
0.29999999998835847,
0.3000000000174623,
0.29999999998835847,
0.5,
0.29999999998835847,
0.3000000000174623,
0.39999999999417923,
0.39999999999417923,
0.3000000000174623,
0.29999999998835847,
0.29999999998835847,
0.3000000000174623,
0.29999999998835847,
0.29999999998835847,
0.3000000000174623,
0.29999999998835847,
0.5,
0.20000000001164153,
0.39999999999417923,
0.29999999998835847,
0.3000000000174623,
0.39999999999417923,
0.20000000001164153,
0.39999999999417923,
0.1999999999825377,
0.20000000001164153,
0.39999999999417923,
0.29999999998835847,
0.3000000000174623,
0.39999999999417923,
0.29999999998835847,
0.40000000002328306,
0.29999999998835847,
0.29999999998835847,
0.3000000000174623,
0.29999999998835847,
0.3000000000174623,
0.39999999999417923,
0.39999999999417923,
0.29999999998835847,
0.40000000002328306,
0.29999999998835847,
0.39999999999417923,
0.39999999999417923,
0.3000000000174623,
0.39999999999417923,
0.29999999998835847,
0.3000000000174623,
0.29999999998835847,
0.39999999999417923,
0.3000000000174623,
0.29999999998835847,
0.20000000001164153,
0.39999999999417923,
0.29999999998835847,
0.39999999999417923,
0.5,
0.3000000000174623,
0.29999999998835847,
0.3000000000174623,
0.39999999999417923,
0.29999999998835847,
0.3000000000174623,
0.39999999999417923,
0.1999999999825377,
0.40000000002328306,
0.1999999999825377,
0.39999999999417923,
0.3000000000174623,
0.39999999999417923,
0.39999999999417923,
0.29999999998835847,
0.40000000002328306,
0.1999999999825377,
0.3000000000174623,
0.29999999998835847,
0.29999999998835847,
0.3000000000174623,
0.29999999998835847,
0.39999999999417923,
0.3000000000174623,
0.29999999998835847,
0.39999999999417923,
0.39999999999417923,
0.20000000001164153,
0.29999999998835847,
0.3000000000174623,
0.39999999999417923,
0.29999999998835847,
0.40000000002328306,
0.1999999999825377,
0.3000000000174623,
0.29999999998835847,
0.39999999999417923,
0.3000000000174623,
0.29999999998835847,
0.39999999999417923,
0.39999999999417923,
0.40000000002328306,
0.29999999998835847,
0.20000000001164153,
0.39999999999417923,
0.29999999998835847,
0.3000000000174623,
0.39999999999417923,
0.1999999999825377,
0.40000000002328306,
0.1999999999825377,
0.39999999999417923,
0.5,
0.20000000001164153,
0.29999999998835847,
0.3000000000174623,
0.29999999998835847,
0.39999999999417923,
0.20000000001164153,
0.29999999998835847,
0.3000000000174623,
0.20000000001164153,
0.39999999999417923,
0.20000000001164153,
0.39999999999417923,
0.39999999999417923,
0.3000000000174623,
0.29999999998835847,
0.29999999998835847,
0.40000000002328306,
0.29999999998835847,
0.39999999999417923,
0.3000000000174623,
0.29999999998835847,
0.29999999998835847,
0.40000000002328306,
0.29999999998835847,
0.29999999998835847,
0.3000000000174623,
0.29999999998835847,
0.39999999999417923,
0.3000000000174623,
0.1999999999825377,
0.39999999999417923,
0.3000000000174623,
0.29999999998835847,
0.3000000000174623,
0.39999999999417923,
0.29999999998835847,
0.3000000000174623,
0.29999999998835847,
0.29999999998835847,
0.5,
0.3000000000174623,
0.29999999998835847,
0.3000000000174623,
0.3000000000174623,
0.29999999998835847,
0.3000000000174623,
0.29999999998835847,
0.20000000001164153,
0.5,
0.29999999998835847,
0.39999999999417923,
0.3000000000174623,
0.39999999999417923,
0.29999999998835847,
0.20000000001164153,
0.39999999999417923,
0.29999999998835847,
0.3000000000174623,
0.29999999998835847,
0.29999999998835847,
0.40000000002328306,
0.1999999999825377,
0.3000000000174623,
0.39999999999417923,
0.29999999998835847,
0.39999999999417923,
0.40000000002328306,
0.29999999998835847,
0.29999999998835847,
0.3000000000174623,
0.39999999999417923,
0.20000000001164153,
0.29999999998835847,
0.39999999999417923,
0.3000000000174623,
0.29999999998835847,
0.29999999998835847,
0.40000000002328306,
0.29999999998835847,
0.7000000000116415,
0.7999999999883585,
0.39999999999417923,
0.3000000000174623,
0.5,
0.39999999999417923,
0.29999999998835847,
0.20000000001164153,
0.29999999998835847,
0.29999999998835847,
0.3000000000174623,
0.29999999998835847,
0.3000000000174623,
0.5,
0.29999999998835847,
0.29999999998835847,
0.3000000000174623,
0.29999999998835847,
0.39999999999417923,
0.3000000000174623,
0.29999999998835847,
0.20000000001164153,
0.29999999998835847,
0.39999999999417923,
0.3000000000174623,
0.39999999999417923,
0.29999999998835847,
0.5,
0.3000000000174623,
0.29999999998835847,
0.39999999999417923,
0.20000000001164153,
0.39999999999417923,
0.3000000000174623,
0.1999999999825377,
0.29999999998835847,
0.3000000000174623,
0.29999999998835847,
0.3000000000174623,
0.29999999998835847,
0.39999999999417923,
0.39999999999417923,
0.3000000000174623,
0.29999999998835847,
0.3000000000174623,
0.29999999998835847,
0.39999999999417923,
0.20000000001164153,
0.29999999998835847,
0.39999999999417923,
0.3000000000174623,
0.29999999998835847,
0.3000000000174623,
0.39999999999417923,
0.29999999998835847,
0.3000000000174623,
0.29999999998835847,
0.29999999998835847,
0.40000000002328306,
0.39999999999417923,
0.39999999999417923,
0.29999999998835847,
0.3000000000174623,
0.29999999998835847,
0.3000000000174623,
0.29999999998835847,
0.29999999998835847,
0.40000000002328306,
0.29999999998835847,
0.29999999998835847,
0.40000000002328306,
0.29999999998835847,
0.29999999998835847,
0.3000000000174623,
0.29999999998835847,
0.39999999999417923,
0.20000000001164153,
0.29999999998835847,
0.40000000002328306,
0.29999999998835847,
0.39999999999417923,
0.39999999999417923,
0.3000000000174623,
0.29999999998835847,
0.3000000000174623,
0.29999999998835847,
0.29999999998835847,
0.3000000000174623,
0.29999999998835847,
0.29999999998835847,
0.40000000002328306,
0.29999999998835847,
0.39999999999417923,
0.3000000000174623,
0.20000000001164153,
0.39999999999417923,
0.3000000000174623,
0.29999999998835847,
0.20000000001164153,
0.3000000000174623,
0.29999999998835847,
0.3000000000174623,
0.39999999999417923,
0.1999999999825377,
0.3000000000174623,
0.39999999999417923,
0.29999999998835847,
0.5,
0.3000000000174623,
0.1999999999825377,
0.40000000002328306,
0.1999999999825377,
0.39999999999417923,
0.3000000000174623,
0.29999999998835847,
0.3000000000174623,
0.39999999999417923,
0.1999999999825377,
0.3000000000174623,
0.1999999999825377,
0.39999999999417923,
0.39999999999417923,
0.3000000000174623,
0.29999999998835847,
0.39999999999417923,
0.3000000000174623,
0.29999999998835847,
0.3000000000174623,
0.29999999998835847,
0.29999999998835847,
0.3000000000174623,
0.39999999999417923,
0.29999999998835847,
0.9000000000232831,
0.39999999999417923,
0.29999999998835847,
0.3000000000174623,
0.29999999998835847,
0.29999999998835847,
0.3000000000174623,
0.29999999998835847,
0.3000000000174623,
0.3000000000174623,
0.39999999999417923,
0.29999999998835847,
0.3000000000174623,
0.29999999998835847,
0.39999999999417923,
0.3000000000174623,
0.39999999999417923,
0.29999999998835847,
0.40000000002328306,
0.1999999999825377,
0.3000000000174623,
0.3000000000174623,
0.29999999998835847,
0.3000000000174623,
0.29999999998835847,
0.29999999998835847,
0.20000000001164153,
0.39999999999417923,
0.29999999998835847,
0.40000000002328306,
0.1999999999825377,
0.3000000000174623,
0.39999999999417923,
0.29999999998835847,
0.3000000000174623,
0.29999999998835847,
0.29999999998835847,
0.3000000000174623,
0.29999999998835847,
0.29999999998835847,
0.40000000002328306,
0.29999999998835847,
0.29999999998835847,
0.3000000000174623,
0.39999999999417923,
0.29999999998835847,
0.3000000000174623,
0.29999999998835847,
0.39999999999417923,
0.3000000000174623,
0.39999999999417923,
0.29999999998835847,
0.3000000000174623,
0.29999999998835847,
0.8000000000174623,
0.29999999998835847,
0.29999999998835847,
0.3000000000174623,
0.29999999998835847,
0.3000000000174623,
0.29999999998835847,
0.29999999998835847,
0.40000000002328306,
0.29999999998835847,
0.29999999998835847,
0.3000000000174623,
0.1999999999825377,
0.5,
0.3000000000174623,
0.29999999998835847,
0.20000000001164153,
0.39999999999417923,
0.1999999999825377,
0.3000000000174623,
0.29999999998835847,
0.29999999998835847,
0.3000000000174623,
0.39999999999417923,
0.29999999998835847,
0.40000000002328306,
0.29999999998835847,
0.39999999999417923,
0.39999999999417923,
0.3000000000174623,
0.29999999998835847,
0.3000000000174623,
0.29999999998835847,
0.29999999998835847,
0.40000000002328306,
0.29999999998835847,
0.39999999999417923,
0.3000000000174623,
0.29999999998835847,
0.29999999998835847,
0.5,
0.20000000001164153,
0.29999999998835847,
0.40000000002328306,
0.29999999998835847,
0.29999999998835847,
0.3000000000174623,
0.29999999998835847,
0.39999999999417923,
0.3000000000174623,
0.29999999998835847,
0.3000000000174623,
0.29999999998835847,
0.39999999999417923,
0.29999999998835847,
0.3000000000174623,
0.29999999998835847,
0.29999999998835847,
0.40000000002328306,
0.1999999999825377,
0.39999999999417923,
0.3000000000174623,
0.29999999998835847,
0.3000000000174623,
0.29999999998835847,
0.29999999998835847,
0.3000000000174623,
0.39999999999417923,
0.29999999998835847,
0.3000000000174623,
0.39999999999417923,
0.20000000001164153,
0.39999999999417923,
0.29999999998835847,
0.3000000000174623,
0.29999999998835847,
0.39999999999417923,
0.3000000000174623,
0.29999999998835847,
0.39999999999417923,
0.39999999999417923,
0.3000000000174623,
0.29999999998835847,
0.39999999999417923,
0.40000000002328306,
0.1999999999825377,
0.3000000000174623,
0.39999999999417923,
0.29999999998835847,
0.39999999999417923,
0.40000000002328306,
0.29999999998835847,
0.29999999998835847,
0.40000000002328306,
0.39999999999417923,
0.29999999998835847,
0.3000000000174623,
0.29999999998835847,
0.1999999999825377,
0.40000000002328306,
0.29999999998835847,
0.29999999998835847,
0.40000000002328306,
0.1999999999825377,
0.3000000000174623,
0.39999999999417923,
0.29999999998835847,
0.39999999999417923,
0.3000000000174623,
0.29999999998835847,
0.3000000000174623,
0.29999999998835847,
0.39999999999417923,
0.3000000000174623,
0.29999999998835847,
0.39999999999417923,
0.3000000000174623,
0.39999999999417923,
0.29999999998835847,
0.3000000000174623,
0.39999999999417923,
0.29999999998835847,
0.3000000000174623,
0.29999999998835847,
0.39999999999417923,
0.3000000000174623,
0.1999999999825377,
0.29999999998835847,
0.3000000000174623,
0.29999999998835847,
0.3000000000174623,
0.39999999999417923,
0.1999999999825377,
0.40000000002328306,
0.39999999999417923,
0.29999999998835847,
0.3000000000174623,
0.29999999998835847,
0.39999999999417923,
0.3000000000174623,
0.1999999999825377,
0.39999999999417923,
0.3000000000174623,
0.29999999998835847,
0.39999999999417923,
0.40000000002328306,
0.29999999998835847,
0.29999999998835847,
0.40000000002328306,
0.29999999998835847,
0.29999999998835847,
0.3000000000174623,
0.29999999998835847,
0.3000000000174623,
0.39999999999417923,
0.29999999998835847,
0.3000000000174623,
0.39999999999417923,
0.1999999999825377,
0.40000000002328306,
0.39999999999417923,
0.29999999998835847,
0.3000000000174623,
0.39999999999417923,
0.1999999999825377,
0.3000000000174623,
0.39999999999417923,
0.29999999998835847,
0.3000000000174623,
0.29999999998835847,
0.3000000000174623,
0.29999999998835847,
0.39999999999417923,
0.20000000001164153,
0.5,
0.39999999999417923,
0.29999999998835847,
0.3000000000174623,
0.5,
0.1999999999825377,
0.40000000002328306,
0.1999999999825377,
0.39999999999417923,
0.5,
0.3000000000174623,
0.1999999999825377,
0.40000000002328306,
0.39999999999417923,
0.29999999998835847,
0.3000000000174623,
0.29999999998835847,
0.29999999998835847,
0.3000000000174623,
0.39999999999417923,
0.20000000001164153,
0.39999999999417923,
0.1999999999825377,
0.3000000000174623,
0.39999999999417923,
0.29999999998835847,
0.3000000000174623,
0.39999999999417923,
0.20000000001164153,
0.3000000000174623,
0.29999999998835847,
0.3000000000174623,
0.39999999999417923,
0.1999999999825377,
0.20000000001164153,
0.29999999998835847,
0.29999999998835847,
0.40000000002328306,
0.1999999999825377,
0.3000000000174623,
0.5,
0.1999999999825377,
0.29999999998835847,
0.3000000000174623,
0.29999999998835847,
0.3000000000174623,
0.29999999998835847,
0.29999999998835847,
0.3000000000174623,
0.39999999999417923,
0.29999999998835847,
0.3000000000174623,
0.29999999998835847,
0.39999999999417923,
0.3000000000174623,
0.1999999999825377,
0.40000000002328306,
0.29999999998835847,
0.29999999998835847,
0.3000000000174623,
0.29999999998835847,
0.3000000000174623,
0.29999999998835847,
0.39999999999417923,
0.3000000000174623,
0.39999999999417923,
0.29999999998835847,
0.29999999998835847,
0.20000000001164153,
0.39999999999417923,
0.20000000001164153,
0.39999999999417923,
0.29999999998835847,
0.20000000001164153,
0.1999999999825377,
0.40000000002328306,
0.29999999998835847,
0.29999999998835847,
0.3000000000174623,
0.39999999999417923,
0.29999999998835847,
0.3000000000174623,
0.29999999998835847,
0.39999999999417923,
0.20000000001164153,
0.39999999999417923,
0.3000000000174623,
0.29999999998835847,
0.29999999998835847,
0.3000000000174623,
0.29999999998835847,
0.3000000000174623,
0.29999999998835847,
0.39999999999417923,
0.39999999999417923,
0.3000000000174623,
0.1999999999825377,
0.40000000002328306,
0.29999999998835847,
0.29999999998835847,
0.20000000001164153,
0.39999999999417923,
0.29999999998835847,
0.20000000001164153,
0.29999999998835847,
0.3000000000174623,
0.39999999999417923,
0.29999999998835847,
0.40000000002328306,
0.29999999998835847,
0.20000000001164153,
0.29999999998835847,
0.1999999999825377,
0.40000000002328306,
0.29999999998835847,
0.20000000001164153,
0.39999999999417923,
0.29999999998835847,
0.20000000001164153,
0.39999999999417923,
0.39999999999417923,
0.3000000000174623,
0.29999999998835847,
0.29999999998835847,
0.3000000000174623,
0.29999999998835847,
0.39999999999417923,
0.3000000000174623,
0.29999999998835847,
0.3000000000174623,
0.29999999998835847,
0.39999999999417923,
0.20000000001164153,
0.29999999998835847,
0.8999999999941792,
0.3000000000174623,
0.1999999999825377,
0.29999999998835847,
0.3000000000174623,
0.29999999998835847,
0.20000000001164153,
0.29999999998835847,
0.29999999998835847,
0.3000000000174623,
0.29999999998835847,
0.29999999998835847,
0.20000000001164153,
0.8999999999941792,
0.3000000000174623,
0.39999999999417923,
0.1999999999825377,
0.40000000002328306,
0.29999999998835847,
0.39999999999417923,
0.3000000000174623,
0.29999999998835847,
0.29999999998835847,
0.3000000000174623,
0.29999999998835847,
0.39999999999417923,
0.40000000002328306,
0.29999999998835847,
0.29999999998835847,
0.3000000000174623,
0.1999999999825377,
0.3000000000174623,
0.39999999999417923,
0.20000000001164153,
0.39999999999417923,
0.1999999999825377,
0.40000000002328306,
0.1999999999825377,
0.39999999999417923,
0.3000000000174623,
0.39999999999417923,
0.20000000001164153,
0.39999999999417923,
0.29999999998835847,
0.3000000000174623,
0.29999999998835847,
0.29999999998835847,
0.3000000000174623,
0.29999999998835847,
0.3000000000174623,
0.20000000001164153,
0.29999999998835847,
0.40000000002328306,
0.39999999999417923,
0.39999999999417923,
0.29999999998835847,
0.3000000000174623,
0.1999999999825377,
0.40000000002328306,
0.5,
0.6000000000058208,
0.6000000000058208,
0.6000000000058208,
0.29999999998835847,
0.3000000000174623,
0.29999999998835847,
0.29999999998835847,
0.40000000002328306,
0.29999999998835847,
0.29999999998835847,
0.3000000000174623,
0.39999999999417923,
0.20000000001164153,
0.29999999998835847,
0.39999999999417923,
0.3000000000174623,
0.29999999998835847,
0.29999999998835847,
0.3000000000174623,
0.29999999998835847,
0.39999999999417923,
0.3000000000174623,
0.29999999998835847,
0.29999999998835847,
0.3000000000174623,
0.29999999998835847,
0.3000000000174623,
0.29999999998835847,
0.29999999998835847,
0.3000000000174623,
0.39999999999417923,
0.29999999998835847,
0.20000000001164153,
0.39999999999417923,
0.3000000000174623,
0.39999999999417923,
0.1999999999825377,
0.20000000001164153,
0.39999999999417923,
0.29999999998835847,
0.3000000000174623,
0.1999999999825377,
0.3000000000174623,
0.39999999999417923,
0.29999999998835847,
0.3000000000174623,
0.29999999998835847,
0.39999999999417923,
0.3000000000174623,
0.29999999998835847,
0.39999999999417923,
0.3000000000174623,
0.29999999998835847,
0.39999999999417923,
0.3000000000174623,
0.29999999998835847,
0.3000000000174623,
0.39999999999417923,
0.1999999999825377,
0.3000000000174623,
0.39999999999417923,
0.1999999999825377,
0.3000000000174623,
0.29999999998835847,
0.3000000000174623,
0.29999999998835847,
0.29999999998835847,
0.40000000002328306,
0.1999999999825377,
0.39999999999417923,
0.3000000000174623,
0.29999999998835847,
0.3000000000174623,
0.29999999998835847,
0.29999999998835847,
0.3000000000174623,
0.29999999998835847,
0.20000000001164153,
0.29999999998835847,
0.29999999998835847,
0.3000000000174623,
0.29999999998835847,
0.3000000000174623,
0.39999999999417923,
0.29999999998835847,
0.39999999999417923,
0.20000000001164153,
0.39999999999417923,
0.3000000000174623,
0.39999999999417923,
0.29999999998835847,
0.3000000000174623,
0.1999999999825377,
0.39999999999417923,
0.3000000000174623,
0.29999999998835847,
0.3000000000174623,
0.29999999998835847,
0.20000000001164153,
0.3000000000174623,
0.39999999999417923,
0.29999999998835847,
0.3000000000174623,
0.29999999998835847,
0.3000000000174623,
0.29999999998835847,
0.29999999998835847,
0.3000000000174623,
0.39999999999417923,
0.20000000001164153,
0.39999999999417923,
0.1999999999825377,
0.40000000002328306,
0.29999999998835847,
0.29999999998835847,
0.40000000002328306,
0.29999999998835847,
0.29999999998835847,
0.3000000000174623,
0.39999999999417923,
0.20000000001164153,
0.29999999998835847,
0.29999999998835847,
0.3000000000174623,
0.29999999998835847,
0.29999999998835847,
0.20000000001164153,
0.39999999999417923,
0.29999999998835847,
0.3000000000174623,
0.29999999998835847,
0.3000000000174623,
0.29999999998835847,
0.29999999998835847,
0.40000000002328306,
0.29999999998835847,
0.29999999998835847,
0.3000000000174623,
0.1999999999825377,
0.40000000002328306,
0.39999999999417923,
0.29999999998835847,
0.3000000000174623,
0.29999999998835847,
0.29999999998835847,
0.40000000002328306,
0.1999999999825377,
0.39999999999417923,
0.3000000000174623,
0.39999999999417923,
0.29999999998835847,
0.3000000000174623,
0.1999999999825377,
0.3000000000174623,
0.39999999999417923,
0.39999999999417923,
0.3000000000174623,
0.29999999998835847,
0.29999999998835847,
0.3000000000174623,
0.1999999999825377,
0.3000000000174623,
0.1999999999825377,
0.29999999998835847,
0.20000000001164153,
0.29999999998835847,
0.3000000000174623,
0.5,
0.29999999998835847,
0.3000000000174623,
0.29999999998835847,
0.29999999998835847,
0.3000000000174623,
0.29999999998835847,
0.3000000000174623,
0.29999999998835847,
0.29999999998835847,
0.3000000000174623,
0.29999999998835847,
0.39999999999417923,
0.3000000000174623,
0.5,
0.29999999998835847,
0.20000000001164153,
0.39999999999417923,
0.29999999998835847,
0.3000000000174623,
0.39999999999417923,
0.20000000001164153,
0.29999999998835847,
0.29999999998835847,
0.3000000000174623,
0.29999999998835847,
0.39999999999417923,
0.3000000000174623,
0.39999999999417923,
0.29999999998835847,
0.3000000000174623,
0.29999999998835847,
0.20000000001164153,
0.39999999999417923,
0.20000000001164153,
0.29999999998835847,
0.29999999998835847,
0.3000000000174623,
0.39999999999417923,
0.29999999998835847,
1.1000000000058208,
0.39999999999417923,
0.3000000000174623,
0.1999999999825377,
0.40000000002328306,
0.29999999998835847,
0.29999999998835847,
0.3000000000174623,
0.39999999999417923,
0.20000000001164153,
0.29999999998835847,
0.29999999998835847,
0.40000000002328306,
0.1999999999825377,
0.5,
0.20000000001164153,
0.39999999999417923,
0.29999999998835847,
0.3000000000174623,
0.29999999998835847,
0.3000000000174623,
0.29999999998835847,
0.29999999998835847,
0.3000000000174623,
0.1999999999825377,
0.3000000000174623,
0.29999999998835847,
0.5,
0.20000000001164153,
0.3000000000174623,
0.29999999998835847,
0.3000000000174623,
0.29999999998835847,
0.39999999999417923,
0.39999999999417923,
0.3000000000174623,
0.1999999999825377,
0.20000000001164153,
0.39999999999417923,
0.29999999998835847,
0.3000000000174623,
0.39999999999417923,
0.29999999998835847,
0.20000000001164153,
0.29999999998835847,
0.29999999998835847,
0.3000000000174623,
0.29999999998835847,
0.20000000001164153,
0.29999999998835847,
0.29999999998835847,
0.3000000000174623,
0.29999999998835847,
0.3000000000174623,
0.39999999999417923,
0.39999999999417923,
0.20000000001164153,
0.39999999999417923,
0.29999999998835847,
0.3000000000174623,
0.29999999998835847,
0.20000000001164153,
0.39999999999417923,
0.1999999999825377,
0.40000000002328306,
0.29999999998835847,
0.29999999998835847,
0.39999999999417923,
0.3000000000174623,
0.29999999998835847,
0.3000000000174623,
0.29999999998835847,
0.29999999998835847,
0.3000000000174623,
0.39999999999417923,
0.29999999998835847,
0.3000000000174623,
0.29999999998835847,
0.20000000001164153,
0.29999999998835847,
0.29999999998835847,
0.5,
0.20000000001164153,
0.39999999999417923,
0.3000000000174623,
0.29999999998835847,
0.29999999998835847,
0.3000000000174623,
0.1999999999825377,
0.20000000001164153,
0.29999999998835847,
0.29999999998835847,
0.40000000002328306,
0.1999999999825377,
0.39999999999417923,
0.40000000002328306,
0.29999999998835847,
0.29999999998835847,
0.3000000000174623,
0.39999999999417923,
0.29999999998835847,
0.3000000000174623,
0.1999999999825377,
0.3000000000174623,
0.29999999998835847,
0.29999999998835847,
0.3000000000174623,
0.39999999999417923,
0.29999999998835847,
0.40000000002328306,
0.29999999998835847,
0.20000000001164153,
0.3000000000174623,
0.29999999998835847,
0.3000000000174623,
0.29999999998835847,
0.29999999998835847,
0.20000000001164153,
0.39999999999417923,
0.3000000000174623,
0.29999999998835847,
0.39999999999417923,
0.39999999999417923,
0.3000000000174623,
0.29999999998835847,
0.3000000000174623,
0.29999999998835847,
0.29999999998835847,
0.40000000002328306,
0.29999999998835847,
0.20000000001164153,
0.39999999999417923,
0.1999999999825377,
0.3000000000174623,
0.39999999999417923,
0.29999999998835847,
0.3000000000174623,
0.29999999998835847,
0.29999999998835847,
0.3000000000174623,
0.29999999998835847,
0.3000000000174623,
0.29999999998835847,
0.29999999998835847,
0.3000000000174623,
0.29999999998835847,
0.39999999999417923,
0.20000000001164153,
0.39999999999417923,
0.3000000000174623,
0.29999999998835847,
0.29999999998835847,
0.3000000000174623,
0.29999999998835847,
0.3000000000174623,
0.39999999999417923,
0.1999999999825377,
0.40000000002328306,
0.1999999999825377,
0.5,
0.3000000000174623,
0.5,
0.29999999998835847,
0.29999999998835847,
0.3000000000174623,
0.29999999998835847,
0.20000000001164153,
0.29999999998835847,
0.3000000000174623,
0.39999999999417923,
0.29999999998835847,
0.20000000001164153,
0.39999999999417923,
0.29999999998835847,
0.3000000000174623,
0.5,
0.29999999998835847,
0.39999999999417923,
0.20000000001164153,
0.29999999998835847,
0.3000000000174623,
0.29999999998835847,
0.3000000000174623,
0.29999999998835847,
0.39999999999417923,
0.3000000000174623,
0.1999999999825377,
0.39999999999417923,
0.40000000002328306,
0.29999999998835847,
0.29999999998835847,
0.3000000000174623,
0.20000000001164153,
0.29999999998835847,
0.40000000002328306,
0.1999999999825377,
0.3000000000174623,
0.39999999999417923,
0.29999999998835847,
0.3000000000174623,
0.29999999998835847,
0.29999999998835847,
0.40000000002328306,
0.29999999998835847,
0.29999999998835847,
0.3000000000174623,
0.29999999998835847,
0.3000000000174623,
0.39999999999417923,
0.29999999998835847,
0.20000000001164153,
0.39999999999417923,
0.29999999998835847,
0.3000000000174623,
0.29999999998835847,
0.3000000000174623,
0.29999999998835847,
0.39999999999417923,
0.3000000000174623,
0.29999999998835847,
0.29999999998835847,
0.40000000002328306,
0.1999999999825377,
0.39999999999417923,
0.3000000000174623,
0.39999999999417923,
0.29999999998835847,
0.20000000001164153,
0.5,
0.29999999998835847,
0.3000000000174623,
0.29999999998835847,
0.29999999998835847,
0.40000000002328306,
0.1999999999825377,
0.20000000001164153,
0.29999999998835847,
0.39999999999417923,
0.20000000001164153,
0.29999999998835847,
0.29999999998835847,
0.3000000000174623,
0.39999999999417923,
0.29999999998835847,
0.20000000001164153,
0.29999999998835847,
0.40000000002328306,
0.1999999999825377,
0.39999999999417923,
0.20000000001164153,
0.39999999999417923,
0.20000000001164153,
0.39999999999417923,
0.29999999998835847,
0.40000000002328306,
0.39999999999417923,
0.29999999998835847,
0.3000000000174623,
0.39999999999417923,
0.1999999999825377,
0.3000000000174623,
0.39999999999417923,
0.20000000001164153,
0.20000000001164153,
0.29999999998835847,
0.40000000002328306,
0.29999999998835847,
0.20000000001164153,
0.29999999998835847,
0.5,
0.29999999998835847,
0.20000000001164153,
0.39999999999417923,
0.3000000000174623,
0.29999999998835847,
0.29999999998835847,
0.3000000000174623,
0.29999999998835847,
0.3000000000174623,
0.29999999998835847,
0.39999999999417923,
0.20000000001164153,
0.5,
0.1999999999825377,
0.3000000000174623,
0.39999999999417923,
0.29999999998835847,
0.3000000000174623,
0.39999999999417923,
0.1999999999825377,
0.3000000000174623,
0.1999999999825377,
0.3000000000174623,
0.39999999999417923,
0.29999999998835847,
0.5,
0.3000000000174623,
0.29999999998835847,
0.29999999998835847,
0.3000000000174623,
0.39999999999417923,
0.29999999998835847,
0.3000000000174623,
0.29999999998835847,
0.3000000000174623,
0.29999999998835847,
0.29999999998835847,
0.3000000000174623,
0.29999999998835847,
0.5,
0.20000000001164153,
0.29999999998835847,
0.39999999999417923,
0.20000000001164153,
0.29999999998835847,
0.3000000000174623,
0.29999999998835847,
0.29999999998835847,
0.3000000000174623,
0.29999999998835847,
0.3000000000174623,
0.29999999998835847,
0.39999999999417923,
0.3000000000174623,
0.29999999998835847,
0.29999999998835847,
0.20000000001164153,
0.39999999999417923,
0.29999999998835847,
0.20000000001164153,
0.39999999999417923,
0.20000000001164153,
0.29999999998835847,
0.39999999999417923,
0.3000000000174623,
0.29999999998835847,
0.39999999999417923,
0.3000000000174623,
0.29999999998835847,
0.3000000000174623,
0.29999999998835847,
0.1999999999825377,
0.3000000000174623,
0.29999999998835847,
0.39999999999417923,
0.20000000001164153,
0.39999999999417923,
0.3000000000174623,
0.29999999998835847,
0.39999999999417923,
0.39999999999417923,
0.3000000000174623,
0.29999999998835847,
0.3000000000174623,
0.29999999998835847,
0.29999999998835847,
0.3000000000174623,
0.39999999999417923,
0.20000000001164153,
0.29999999998835847,
0.29999999998835847,
0.3000000000174623,
0.39999999999417923,
0.29999999998835847,
0.3000000000174623,
0.1999999999825377,
0.39999999999417923,
0.3000000000174623,
0.39999999999417923,
0.20000000001164153,
0.39999999999417923,
0.29999999998835847,
0.3000000000174623,
0.39999999999417923,
0.1999999999825377,
0.40000000002328306,
0.39999999999417923,
0.1999999999825377,
0.40000000002328306,
0.29999999998835847,
0.20000000001164153,
0.29999999998835847,
0.39999999999417923,
0.3000000000174623,
0.29999999998835847,
0.29999999998835847,
0.3000000000174623,
0.39999999999417923,
0.29999999998835847,
0.40000000002328306,
0.1999999999825377,
0.3000000000174623,
0.39999999999417923,
0.29999999998835847,
0.20000000001164153,
0.39999999999417923,
0.29999999998835847,
0.20000000001164153,
0.39999999999417923,
0.20000000001164153,
0.39999999999417923,
0.29999999998835847,
0.40000000002328306,
0.29999999998835847,
0.29999999998835847,
0.3000000000174623,
0.29999999998835847,
0.3000000000174623,
0.1999999999825377,
0.39999999999417923,
0.3000000000174623,
0.29999999998835847,
0.29999999998835847,
0.40000000002328306,
0.1999999999825377,
0.3000000000174623,
0.39999999999417923,
0.29999999998835847,
0.3000000000174623,
0.29999999998835847,
0.29999999998835847,
0.3000000000174623,
0.29999999998835847,
0.3000000000174623,
0.29999999998835847,
0.29999999998835847,
0.3000000000174623,
0.1999999999825377,
0.3000000000174623,
0.39999999999417923,
0.29999999998835847,
0.3000000000174623,
0.39999999999417923,
0.1999999999825377,
0.3000000000174623,
0.39999999999417923,
0.29999999998835847,
0.40000000002328306,
0.1999999999825377,
0.3000000000174623,
0.29999999998835847,
0.29999999998835847,
0.40000000002328306,
0.39999999999417923,
0.39999999999417923,
0.29999999998835847,
0.3000000000174623,
0.29999999998835847,
0.39999999999417923,
0.20000000001164153,
0.29999999998835847,
0.40000000002328306,
0.1999999999825377,
0.3000000000174623,
0.29999999998835847,
0.39999999999417923,
0.39999999999417923,
0.3000000000174623,
0.29999999998835847,
0.3000000000174623,
0.29999999998835847,
0.39999999999417923,
0.20000000001164153,
0.1999999999825377,
0.3000000000174623,
0.29999999998835847,
0.1999999999825377,
0.3000000000174623,
0.29999999998835847,
0.3000000000174623,
0.39999999999417923,
0.39999999999417923,
0.20000000001164153,
0.39999999999417923,
0.29999999998835847,
0.3000000000174623,
0.39999999999417923,
0.29999999998835847,
0.3000000000174623,
0.29999999998835847,
0.29999999998835847,
0.3000000000174623,
0.29999999998835847,
0.39999999999417923,
0.3000000000174623,
0.29999999998835847,
0.3000000000174623,
0.29999999998835847,
0.1999999999825377,
0.40000000002328306,
0.1999999999825377,
0.39999999999417923,
0.3000000000174623,
0.29999999998835847,
0.3000000000174623,
0.29999999998835847,
0.39999999999417923,
0.3000000000174623,
0.29999999998835847,
0.29999999998835847,
0.3000000000174623,
0.29999999998835847,
0.3000000000174623,
0.29999999998835847,
0.29999999998835847,
0.3000000000174623,
0.39999999999417923,
0.29999999998835847,
0.3000000000174623,
0.29999999998835847,
0.39999999999417923,
0.20000000001164153,
0.39999999999417923,
0.3000000000174623,
0.29999999998835847,
0.29999999998835847,
0.3000000000174623,
0.29999999998835847,
0.3000000000174623,
0.1999999999825377,
0.29999999998835847,
0.3000000000174623,
0.29999999998835847,
0.39999999999417923,
0.3000000000174623,
0.29999999998835847,
0.20000000001164153,
0.39999999999417923,
0.29999999998835847,
0.3000000000174623,
0.29999999998835847,
0.29999999998835847,
0.3000000000174623,
0.29999999998835847,
0.3000000000174623,
0.29999999998835847,
0.39999999999417923,
0.39999999999417923,
0.3000000000174623,
0.29999999998835847,
0.3000000000174623,
0.29999999998835847,
0.29999999998835847,
0.40000000002328306,
0.1999999999825377,
0.3000000000174623,
0.29999999998835847,
0.1999999999825377,
0.40000000002328306,
0.1999999999825377,
0.39999999999417923,
0.3000000000174623,
0.39999999999417923,
0.29999999998835847,
0.3000000000174623,
0.29999999998835847,
0.3000000000174623,
0.29999999998835847,
0.29999999998835847,
0.3000000000174623,
0.39999999999417923,
0.20000000001164153,
0.39999999999417923,
0.29999999998835847,
0.39999999999417923,
0.3000000000174623,
0.29999999998835847,
0.3000000000174623,
0.29999999998835847,
0.39999999999417923,
0.3000000000174623,
0.29999999998835847,
0.1999999999825377,
0.40000000002328306,
0.1999999999825377,
0.20000000001164153,
0.3000000000174623,
0.5,
0.29999999998835847,
0.39999999999417923,
0.3000000000174623,
0.1999999999825377,
0.5,
0.3000000000174623,
0.29999999998835847,
0.3000000000174623,
0.29999999998835847,
0.29999999998835847,
0.3000000000174623,
0.29999999998835847,
0.5,
0.20000000001164153,
0.29999999998835847,
0.3000000000174623,
0.29999999998835847,
0.29999999998835847,
0.20000000001164153,
0.39999999999417923,
0.29999999998835847,
0.40000000002328306,
0.29999999998835847,
0.29999999998835847,
0.3000000000174623,
0.39999999999417923,
0.20000000001164153,
0.39999999999417923,
0.29999999998835847,
0.3000000000174623,
0.29999999998835847,
0.29999999998835847,
0.3000000000174623,
0.29999999998835847,
0.3000000000174623,
0.39999999999417923,
0.29999999998835847,
0.3000000000174623,
0.1999999999825377,
0.5,
0.20000000001164153,
0.39999999999417923,
0.29999999998835847,
0.3000000000174623,
0.1999999999825377,
0.40000000002328306,
0.1999999999825377,
0.3000000000174623,
0.29999999998835847,
0.29999999998835847,
0.3000000000174623,
0.1999999999825377,
0.20000000001164153,
0.5,
0.29999999998835847,
0.39999999999417923,
0.20000000001164153,
0.39999999999417923,
0.20000000001164153,
0.39999999999417923,
0.29999999998835847,
0.39999999999417923,
0.20000000001164153,
0.29999999998835847,
0.3000000000174623,
0.1999999999825377,
0.5,
0.3000000000174623,
0.29999999998835847,
0.20000000001164153,
0.29999999998835847,
0.39999999999417923,
0.3000000000174623,
0.29999999998835847,
0.20000000001164153,
0.39999999999417923,
0.29999999998835847,
0.3000000000174623,
0.29999999998835847,
0.29999999998835847,
0.3000000000174623,
0.29999999998835847,
0.29999999998835847,
0.3000000000174623,
0.29999999998835847,
0.3000000000174623,
0.5,
0.29999999998835847,
0.29999999998835847,
0.3000000000174623,
0.29999999998835847,
0.3000000000174623,
0.1999999999825377,
0.39999999999417923,
0.39999999999417923,
0.20000000001164153,
0.29999999998835847,
0.3000000000174623,
0.29999999998835847,
0.3000000000174623,
0.20000000001164153,
0.29999999998835847,
0.40000000002328306,
0.29999999998835847,
0.20000000001164153,
0.39999999999417923,
0.29999999998835847,
0.39999999999417923,
0.20000000001164153,
0.39999999999417923,
0.3000000000174623,
0.29999999998835847,
0.29999999998835847,
0.3000000000174623,
0.29999999998835847,
0.20000000001164153,
0.29999999998835847,
0.39999999999417923,
0.40000000002328306,
0.29999999998835847,
0.39999999999417923,
0.3000000000174623,
0.29999999998835847,
0.29999999998835847,
0.3000000000174623,
0.29999999998835847,
0.20000000001164153,
0.39999999999417923,
0.29999999998835847,
0.3000000000174623,
0.29999999998835847,
0.3000000000174623,
0.29999999998835847,
0.29999999998835847,
0.40000000002328306,
0.29999999998835847,
0.39999999999417923,
0.3000000000174623,
0.29999999998835847,
0.29999999998835847,
0.3000000000174623,
0.29999999998835847,
0.3000000000174623,
0.29999999998835847,
0.29999999998835847,
0.3000000000174623,
0.29999999998835847,
0.39999999999417923,
0.40000000002328306,
0.3000000000174623,
0.29999999998835847,
0.20000000001164153,
0.29999999998835847,
0.20000000001164153,
0.39999999999417923,
0.29999999998835847,
0.3000000000174623,
0.29999999998835847,
0.20000000001164153,
0.39999999999417923,
0.29999999998835847,
0.39999999999417923,
0.3000000000174623,
0.29999999998835847,
0.3000000000174623,
0.29999999998835847,
0.29999999998835847,
0.20000000001164153,
0.39999999999417923,
0.29999999998835847,
0.3000000000174623,
0.39999999999417923,
0.29999999998835847,
0.3000000000174623,
0.39999999999417923,
0.20000000001164153,
0.29999999998835847,
0.29999999998835847,
0.20000000001164153,
0.39999999999417923,
0.29999999998835847,
0.40000000002328306,
0.29999999998835847,
0.29999999998835847,
0.3000000000174623,
0.1999999999825377,
0.39999999999417923,
0.3000000000174623,
0.29999999998835847,
0.39999999999417923,
0.3000000000174623,
0.29999999998835847,
0.3000000000174623,
0.1999999999825377,
0.39999999999417923,
0.3000000000174623,
0.29999999998835847,
0.20000000001164153,
0.39999999999417923,
0.29999999998835847,
0.3000000000174623,
0.39999999999417923,
0.29999999998835847,
0.3000000000174623,
0.29999999998835847,
0.3000000000174623,
0.29999999998835847,
0.29999999998835847,
0.3000000000174623,
0.29999999998835847,
0.3000000000174623,
0.29999999998835847,
0.39999999999417923,
0.3000000000174623,
0.29999999998835847,
0.39999999999417923,
0.3000000000174623,
0.29999999998835847,
0.39999999999417923,
0.3000000000174623,
0.29999999998835847,
0.29999999998835847,
0.3000000000174623,
0.29999999998835847,
0.3000000000174623,
0.39999999999417923,
0.29999999998835847,
0.3000000000174623,
0.39999999999417923,
0.29999999998835847,
0.3000000000174623,
0.29999999998835847,
0.39999999999417923,
0.20000000001164153,
0.39999999999417923,
0.29999999998835847,
0.3000000000174623,
0.39999999999417923,
0.29999999998835847,
0.20000000001164153,
0.29999999998835847,
0.40000000002328306,
0.20000000001164153,
0.39999999999417923,
0.3000000000174623,
0.29999999998835847,
0.29999999998835847,
0.3000000000174623,
0.1999999999825377,
0.3000000000174623,
0.29999999998835847,
0.39999999999417923,
0.39999999999417923,
0.20000000001164153,
0.29999999998835847,
0.8000000000174623,
0.29999999998835847,
0.3000000000174623,
0.29999999998835847,
0.39999999999417923,
0.3000000000174623,
0.29999999998835847,
0.29999999998835847,
0.3000000000174623,
0.29999999998835847,
0.3000000000174623,
0.5,
0.29999999998835847,
0.29999999998835847,
0.40000000002328306,
0.39999999999417923,
0.29999999998835847,
0.3000000000174623,
0.39999999999417923,
0.6000000000058208,
0.29999999998835847,
0.29999999998835847,
0.3000000000174623,
0.29999999998835847,
0.20000000001164153,
0.29999999998835847,
0.29999999998835847,
0.40000000002328306,
0.29999999998835847,
0.29999999998835847,
0.3000000000174623,
0.1999999999825377,
0.40000000002328306,
0.29999999998835847,
0.29999999998835847,
0.3000000000174623,
0.29999999998835847,
0.3000000000174623,
0.29999999998835847,
0.29999999998835847,
0.3000000000174623,
0.39999999999417923,
0.29999999998835847,
0.3000000000174623,
0.29999999998835847,
0.3000000000174623,
0.29999999998835847,
0.29999999998835847,
0.40000000002328306,
0.29999999998835847,
0.29999999998835847,
0.3000000000174623,
0.39999999999417923,
0.29999999998835847,
0.3000000000174623,
0.29999999998835847,
0.3000000000174623,
0.39999999999417923,
0.29999999998835847,
0.20000000001164153,
0.29999999998835847,
0.3000000000174623,
0.39999999999417923,
0.29999999998835847,
0.20000000001164153,
0.29999999998835847,
0.39999999999417923,
0.3000000000174623,
0.39999999999417923,
0.29999999998835847,
0.3000000000174623,
0.29999999998835847,
0.20000000001164153,
0.39999999999417923,
0.20000000001164153,
0.29999999998835847,
0.29999999998835847,
0.40000000002328306,
0.1999999999825377,
0.3000000000174623,
0.39999999999417923,
0.39999999999417923,
0.39999999999417923,
0.20000000001164153,
0.39999999999417923,
0.29999999998835847,
0.20000000001164153,
0.29999999998835847,
0.40000000002328306,
0.1999999999825377,
0.39999999999417923,
0.3000000000174623,
0.1999999999825377,
0.40000000002328306,
0.29999999998835847,
0.39999999999417923,
0.20000000001164153,
0.39999999999417923,
0.20000000001164153,
0.3000000000174623,
0.39999999999417923,
0.20000000001164153,
0.29999999998835847,
0.39999999999417923,
0.20000000001164153,
0.29999999998835847,
0.39999999999417923,
0.3000000000174623,
0.29999999998835847,
0.3000000000174623,
0.39999999999417923,
0.1999999999825377,
0.40000000002328306,
0.29999999998835847,
0.39999999999417923,
0.20000000001164153,
0.29999999998835847,
0.39999999999417923,
0.3000000000174623,
0.29999999998835847,
0.3000000000174623,
0.29999999998835847,
0.29999999998835847,
0.40000000002328306,
0.29999999998835847,
0.20000000001164153,
0.29999999998835847,
0.29999999998835847,
0.3000000000174623,
0.29999999998835847,
0.39999999999417923,
0.20000000001164153,
0.39999999999417923,
0.3000000000174623,
0.39999999999417923,
0.29999999998835847,
0.3000000000174623,
0.29999999998835847,
0.29999999998835847,
0.20000000001164153,
0.39999999999417923,
0.3000000000174623,
0.1999999999825377,
0.39999999999417923,
0.3000000000174623,
0.29999999998835847,
0.5,
0.20000000001164153,
0.29999999998835847,
0.39999999999417923,
0.3000000000174623,
0.39999999999417923,
0.29999999998835847,
0.20000000001164153,
0.29999999998835847,
0.40000000002328306,
0.1999999999825377,
0.39999999999417923,
0.20000000001164153,
0.29999999998835847,
0.40000000002328306,
0.29999999998835847,
0.39999999999417923,
0.3000000000174623,
0.1999999999825377,
0.3000000000174623,
0.39999999999417923,
0.1999999999825377,
0.40000000002328306,
0.29999999998835847,
0.29999999998835847,
0.3000000000174623,
0.1999999999825377,
0.3000000000174623,
0.39999999999417923,
0.20000000001164153,
0.5,
0.39999999999417923,
0.29999999998835847,
0.3000000000174623,
0.29999999998835847,
0.29999999998835847,
0.3000000000174623,
0.29999999998835847,
0.3000000000174623,
0.29999999998835847,
0.29999999998835847,
0.3000000000174623,
0.1999999999825377,
0.39999999999417923,
0.40000000002328306,
0.1999999999825377,
0.3000000000174623,
0.39999999999417923,
0.1999999999825377,
0.40000000002328306,
0.1999999999825377,
0.39999999999417923,
0.3000000000174623,
0.29999999998835847,
0.3000000000174623,
0.29999999998835847,
0.29999999998835847,
0.5,
0.40000000002328306,
0.1999999999825377,
0.3000000000174623,
0.39999999999417923,
0.29999999998835847,
0.39999999999417923,
0.20000000001164153,
0.29999999998835847,
0.40000000002328306,
0.29999999998835847,
0.29999999998835847,
0.3000000000174623,
0.5,
0.1999999999825377,
0.20000000001164153,
0.29999999998835847,
0.3000000000174623,
0.29999999998835847,
0.39999999999417923,
0.3000000000174623,
0.29999999998835847,
0.20000000001164153,
0.29999999998835847,
0.29999999998835847,
0.3000000000174623,
0.29999999998835847,
0.39999999999417923,
0.3000000000174623,
0.29999999998835847,
0.3000000000174623,
0.29999999998835847,
0.39999999999417923,
0.20000000001164153,
0.29999999998835847,
0.20000000001164153,
0.29999999998835847,
0.5,
0.29999999998835847,
0.3000000000174623,
0.1999999999825377,
1.1000000000058208,
0.3000000000174623,
0.39999999999417923,
0.1999999999825377,
0.40000000002328306,
0.29999999998835847,
0.29999999998835847,
0.20000000001164153,
0.39999999999417923,
0.20000000001164153,
0.29999999998835847,
0.39999999999417923,
0.3000000000174623,
0.39999999999417923,
0.29999999998835847,
0.3000000000174623,
0.29999999998835847,
0.8000000000174623,
0.39999999999417923,
0.29999999998835847,
0.3000000000174623,
0.29999999998835847,
0.29999999998835847,
0.40000000002328306,
0.39999999999417923,
0.39999999999417923,
0.29999999998835847,
0.5,
0.3000000000174623,
0.29999999998835847,
0.20000000001164153,
0.39999999999417923,
0.29999999998835847,
0.3000000000174623,
0.1999999999825377,
0.40000000002328306,
0.1999999999825377,
0.29999999998835847,
0.3000000000174623,
0.1999999999825377,
0.5,
0.3000000000174623,
0.1999999999825377,
0.40000000002328306,
0.29999999998835847,
0.29999999998835847,
0.40000000002328306,
0.29999999998835847,
0.29999999998835847,
0.20000000001164153,
0.39999999999417923,
0.3000000000174623,
0.29999999998835847,
0.20000000001164153,
0.39999999999417923,
0.39999999999417923,
0.39999999999417923,
0.3000000000174623,
0.3000000000174623,
0.1999999999825377,
0.3000000000174623,
0.39999999999417923,
0.29999999998835847,
0.20000000001164153,
0.29999999998835847,
0.40000000002328306,
0.1999999999825377,
0.39999999999417923,
0.3000000000174623,
0.29999999998835847,
0.3000000000174623,
0.39999999999417923,
0.1999999999825377,
0.40000000002328306,
0.29999999998835847,
0.29999999998835847,
0.3000000000174623,
0.1999999999825377,
0.3000000000174623,
0.39999999999417923,
0.20000000001164153,
0.39999999999417923,
0.29999999998835847,
0.39999999999417923,
0.20000000001164153,
0.29999999998835847,
0.40000000002328306,
0.29999999998835847,
0.39999999999417923,
0.20000000001164153,
0.29999999998835847,
0.39999999999417923,
0.3000000000174623,
0.29999999998835847,
0.39999999999417923,
0.20000000001164153,
0.29999999998835847,
0.3000000000174623,
0.29999999998835847,
0.29999999998835847,
0.3000000000174623,
0.29999999998835847,
0.3000000000174623,
0.29999999998835847,
0.29999999998835847,
0.3000000000174623,
0.1999999999825377,
0.40000000002328306,
0.39999999999417923,
0.29999999998835847,
0.3000000000174623,
0.29999999998835847,
0.29999999998835847,
0.3000000000174623,
0.29999999998835847,
0.3000000000174623,
0.29999999998835847,
0.29999999998835847,
0.3000000000174623,
0.29999999998835847,
0.39999999999417923,
0.20000000001164153,
0.39999999999417923,
0.29999999998835847,
0.3000000000174623,
0.29999999998835847,
0.3000000000174623,
0.20000000001164153,
0.29999999998835847,
0.3000000000174623,
0.39999999999417923,
0.29999999998835847,
0.3000000000174623,
0.29999999998835847,
0.3000000000174623,
0.39999999999417923,
0.1999999999825377,
0.40000000002328306,
0.1999999999825377,
0.39999999999417923,
0.3000000000174623,
0.1999999999825377,
0.3000000000174623,
0.29999999998835847,
0.3000000000174623,
0.29999999998835847,
0.29999999998835847,
0.3000000000174623,
0.1999999999825377,
0.5,
0.3000000000174623,
0.39999999999417923,
0.29999999998835847,
0.3000000000174623,
0.29999999998835847,
0.29999999998835847,
0.3000000000174623,
0.1999999999825377,
0.40000000002328306,
0.29999999998835847,
0.29999999998835847,
0.3000000000174623,
0.29999999998835847,
0.39999999999417923,
0.3000000000174623,
0.29999999998835847,
0.20000000001164153,
0.29999999998835847,
0.29999999998835847,
0.3000000000174623,
0.29999999998835847,
0.3000000000174623,
0.29999999998835847,
0.29999999998835847,
0.3000000000174623,
0.29999999998835847,
0.5,
0.20000000001164153,
0.39999999999417923,
0.29999999998835847,
0.3000000000174623,
0.29999999998835847,
0.3000000000174623,
0.29999999998835847,
0.39999999999417923,
0.3000000000174623,
0.29999999998835847,
0.29999999998835847,
0.3000000000174623,
0.29999999998835847,
0.39999999999417923,
0.20000000001164153,
0.29999999998835847,
0.40000000002328306,
0.29999999998835847,
0.29999999998835847,
0.3000000000174623,
0.29999999998835847,
0.3000000000174623,
0.29999999998835847,
0.29999999998835847,
0.3000000000174623,
0.29999999998835847,
0.5,
0.3000000000174623,
0.1999999999825377,
0.3000000000174623,
0.39999999999417923,
0.29999999998835847,
0.20000000001164153,
0.39999999999417923,
0.29999999998835847,
0.3000000000174623,
0.29999999998835847,
0.3000000000174623,
0.39999999999417923,
0.29999999998835847,
0.39999999999417923,
0.3000000000174623,
0.29999999998835847,
0.3000000000174623,
0.29999999998835847,
0.29999999998835847,
0.3000000000174623,
0.29999999998835847,
0.3000000000174623,
0.29999999998835847,
0.39999999999417923,
0.3000000000174623,
0.1999999999825377,
0.39999999999417923,
0.3000000000174623,
0.39999999999417923,
0.29999999998835847,
0.3000000000174623,
0.1999999999825377,
0.3000000000174623,
0.1999999999825377,
0.29999999998835847,
0.3000000000174623,
0.29999999998835847,
0.3000000000174623,
0.1999999999825377,
0.20000000001164153,
0.3000000000174623,
0.39999999999417923,
0.29999999998835847,
0.3000000000174623,
0.39999999999417923,
0.29999999998835847,
0.3000000000174623,
0.29999999998835847,
0.3000000000174623,
0.29999999998835847,
0.29999999998835847,
0.3000000000174623,
0.29999999998835847,
0.3000000000174623,
0.29999999998835847,
0.29999999998835847,
0.3000000000174623,
0.29999999998835847,
0.3000000000174623,
0.39999999999417923,
0.1999999999825377,
0.3000000000174623,
0.29999999998835847,
0.3000000000174623,
0.29999999998835847,
0.39999999999417923,
0.20000000001164153,
0.39999999999417923,
0.29999999998835847,
0.3000000000174623,
0.29999999998835847,
0.29999999998835847,
0.20000000001164153,
0.39999999999417923,
0.3000000000174623,
0.39999999999417923,
0.39999999999417923,
0.20000000001164153,
0.39999999999417923,
0.1999999999825377,
0.3000000000174623,
0.29999999998835847,
0.39999999999417923,
0.20000000001164153,
0.5,
0.5,
0.5999999999767169,
0.5,
0.7000000000116415,
0.6000000000058208,
0.1999999999825377,
0.40000000002328306,
0.1999999999825377,
0.3000000000174623,
0.39999999999417923,
0.39999999999417923,
0.20000000001164153,
0.29999999998835847,
0.29999999998835847,
0.3000000000174623,
0.29999999998835847,
0.3000000000174623,
0.3000000000174623,
0.39999999999417923,
0.29999999998835847,
0.3000000000174623,
0.29999999998835847,
0.3000000000174623,
0.39999999999417923,
0.29999999998835847,
0.3000000000174623,
0.29999999998835847,
0.29999999998835847,
0.3000000000174623,
0.29999999998835847,
0.3000000000174623,
0.29999999998835847,
0.29999999998835847,
0.3000000000174623,
0.29999999998835847,
0.3000000000174623,
0.39999999999417923,
0.29999999998835847,
0.3000000000174623,
0.29999999998835847,
0.20000000001164153,
0.3000000000174623,
0.29999999998835847,
0.20000000001164153,
0.39999999999417923,
0.29999999998835847,
0.3000000000174623,
0.29999999998835847,
0.3000000000174623,
0.39999999999417923,
0.5,
0.29999999998835847,
0.3000000000174623,
0.29999999998835847,
0.29999999998835847,
0.3000000000174623,
0.29999999998835847,
0.3000000000174623,
0.29999999998835847,
0.29999999998835847,
0.3000000000174623,
0.29999999998835847,
0.20000000001164153,
0.5,
0.29999999998835847,
0.3000000000174623,
0.1999999999825377,
0.3000000000174623,
0.29999999998835847,
0.29999999998835847,
0.3000000000174623,
0.39999999999417923,
0.20000000001164153,
0.29999999998835847,
0.29999999998835847,
0.40000000002328306,
0.1999999999825377,
0.29999999998835847,
0.20000000001164153,
0.29999999998835847,
0.39999999999417923,
0.3000000000174623,
0.39999999999417923,
0.29999999998835847,
0.3000000000174623,
0.29999999998835847,
0.3000000000174623,
0.29999999998835847,
0.29999999998835847,
0.3000000000174623,
0.39999999999417923,
0.39999999999417923,
0.3000000000174623,
0.1999999999825377,
0.3000000000174623,
0.29999999998835847,
0.29999999998835847,
0.20000000001164153,
0.29999999998835847,
0.29999999998835847,
0.3000000000174623,
0.1999999999825377,
0.3000000000174623,
0.39999999999417923,
0.39999999999417923,
0.3000000000174623,
0.29999999998835847,
0.29999999998835847,
0.40000000002328306,
0.29999999998835847,
0.29999999998835847,
0.3000000000174623,
0.29999999998835847,
0.3000000000174623,
0.39999999999417923,
0.29999999998835847,
0.3000000000174623,
0.3000000000174623,
0.29999999998835847,
0.3000000000174623,
0.29999999998835847,
0.29999999998835847,
0.3000000000174623,
0.1999999999825377,
0.40000000002328306,
0.1999999999825377,
0.29999999998835847,
0.3000000000174623,
0.29999999998835847,
0.3000000000174623,
0.1999999999825377,
0.6000000000058208,
0.39999999999417923,
0.3000000000174623,
0.29999999998835847,
0.20000000001164153,
0.39999999999417923,
0.29999999998835847,
0.20000000001164153,
0.39999999999417923,
0.29999999998835847,
0.20000000001164153,
0.39999999999417923,
0.3000000000174623,
0.5,
0.29999999998835847,
0.29999999998835847,
0.20000000001164153,
0.29999999998835847,
0.3000000000174623,
0.39999999999417923,
0.1999999999825377,
0.3000000000174623,
0.29999999998835847,
0.3000000000174623,
0.29999999998835847,
0.29999999998835847,
0.3000000000174623,
0.39999999999417923,
0.29999999998835847,
0.20000000001164153,
0.29999999998835847,
0.3000000000174623,
0.29999999998835847,
0.39999999999417923,
0.3000000000174623,
0.1999999999825377,
0.39999999999417923,
0.20000000001164153,
0.29999999998835847,
0.3000000000174623,
0.39999999999417923,
0.29999999998835847,
0.40000000002328306,
0.1999999999825377,
0.39999999999417923,
0.40000000002328306,
0.29999999998835847,
0.29999999998835847,
0.40000000002328306,
0.1999999999825377,
0.3000000000174623,
0.29999999998835847,
0.29999999998835847,
0.40000000002328306,
0.29999999998835847,
0.39999999999417923,
0.3000000000174623,
0.29999999998835847,
0.29999999998835847,
0.3000000000174623,
0.29999999998835847,
0.3000000000174623,
0.1999999999825377,
0.3000000000174623,
0.29999999998835847,
0.29999999998835847,
0.3000000000174623,
0.1999999999825377,
0.29999999998835847,
0.40000000002328306,
0.1999999999825377,
0.3000000000174623,
0.29999999998835847,
0.29999999998835847,
0.3000000000174623,
0.39999999999417923,
0.29999999998835847,
0.40000000002328306,
0.1999999999825377,
0.39999999999417923,
0.3000000000174623,
0.39999999999417923,
0.29999999998835847,
0.3000000000174623,
0.29999999998835847,
0.20000000001164153,
0.29999999998835847,
0.39999999999417923,
0.3000000000174623,
0.29999999998835847,
0.20000000001164153,
0.39999999999417923,
0.20000000001164153,
0.20000000001164153,
0.29999999998835847,
0.5,
0.3000000000174623,
0.1999999999825377,
0.3000000000174623,
0.39999999999417923,
0.1999999999825377,
0.40000000002328306,
0.29999999998835847,
0.20000000001164153,
0.20000000001164153,
0.39999999999417923,
0.3000000000174623,
0.1999999999825377,
0.6000000000058208,
0.29999999998835847,
0.20000000001164153,
0.39999999999417923,
0.3000000000174623,
0.29999999998835847,
0.29999999998835847,
0.3000000000174623,
0.29999999998835847,
0.20000000001164153,
0.29999999998835847,
0.3000000000174623,
0.39999999999417923,
0.29999999998835847,
0.3000000000174623,
0.29999999998835847,
0.29999999998835847,
0.3000000000174623,
0.29999999998835847,
0.39999999999417923,
0.3000000000174623,
0.29999999998835847,
0.3000000000174623,
0.29999999998835847,
0.29999999998835847,
0.3000000000174623,
0.29999999998835847,
0.39999999999417923,
0.3000000000174623,
0.29999999998835847,
0.3000000000174623,
0.1999999999825377,
0.39999999999417923,
0.3000000000174623,
0.39999999999417923,
0.29999999998835847,
0.20000000001164153,
0.39999999999417923,
0.3000000000174623,
0.1999999999825377,
0.3000000000174623,
0.39999999999417923,
0.29999999998835847,
0.20000000001164153,
0.39999999999417923,
0.29999999998835847,
0.20000000001164153,
0.39999999999417923,
0.29999999998835847,
0.3000000000174623,
0.29999999998835847,
0.3000000000174623,
0.29999999998835847,
0.29999999998835847,
0.3000000000174623,
0.39999999999417923,
0.29999999998835847,
0.3000000000174623,
0.29999999998835847,
0.20000000001164153,
0.29999999998835847,
0.29999999998835847,
0.3000000000174623,
0.29999999998835847,
0.3000000000174623,
0.39999999999417923,
0.1999999999825377,
0.3000000000174623,
0.39999999999417923,
0.29999999998835847,
0.40000000002328306,
0.29999999998835847,
0.29999999998835847,
0.3000000000174623,
0.29999999998835847,
0.3000000000174623,
0.29999999998835847,
0.29999999998835847,
0.3000000000174623,
0.29999999998835847,
0.20000000001164153,
0.5,
0.29999999998835847,
0.3000000000174623,
0.29999999998835847,
0.29999999998835847,
0.3000000000174623,
0.29999999998835847,
0.3000000000174623,
0.29999999998835847,
0.29999999998835847,
0.20000000001164153,
0.39999999999417923,
0.3000000000174623,
0.29999999998835847,
0.29999999998835847,
0.40000000002328306,
0.29999999998835847,
0.29999999998835847,
0.3000000000174623,
0.39999999999417923,
0.29999999998835847,
0.20000000001164153,
0.39999999999417923,
0.3000000000174623,
0.1999999999825377,
0.29999999998835847,
0.20000000001164153,
0.39999999999417923,
0.29999999998835847,
0.3000000000174623,
0.29999999998835847,
0.3000000000174623,
0.29999999998835847,
0.39999999999417923,
0.3000000000174623,
0.29999999998835847,
0.29999999998835847,
0.20000000001164153,
0.39999999999417923,
0.20000000001164153,
0.39999999999417923,
0.39999999999417923,
0.3000000000174623,
0.29999999998835847,
0.29999999998835847,
0.3000000000174623,
0.29999999998835847,
0.3000000000174623,
0.39999999999417923,
0.29999999998835847,
0.3000000000174623,
0.39999999999417923,
0.29999999998835847,
0.20000000001164153,
0.39999999999417923,
0.39999999999417923,
0.3000000000174623,
0.29999999998835847,
0.29999999998835847,
0.3000000000174623,
0.29999999998835847,
0.3000000000174623,
0.29999999998835847,
0.29999999998835847,
0.3000000000174623,
0.29999999998835847,
0.3000000000174623,
0.29999999998835847,
0.39999999999417923,
0.3000000000174623,
0.29999999998835847,
0.1999999999825377,
0.3000000000174623,
0.29999999998835847,
0.3000000000174623,
0.29999999998835847,
0.29999999998835847,
0.40000000002328306,
0.29999999998835847,
0.29999999998835847,
0.40000000002328306,
0.39999999999417923,
0.29999999998835847,
0.3000000000174623,
0.29999999998835847,
0.39999999999417923,
0.20000000001164153,
0.29999999998835847,
0.3000000000174623,
0.29999999998835847,
0.29999999998835847,
0.3000000000174623,
0.29999999998835847,
0.3000000000174623,
0.29999999998835847,
0.39999999999417923,
0.3000000000174623,
0.29999999998835847,
0.29999999998835847,
0.3000000000174623,
0.29999999998835847,
0.3000000000174623,
0.29999999998835847,
0.29999999998835847,
0.3000000000174623,
0.1999999999825377,
0.39999999999417923,
0.20000000001164153,
0.29999999998835847,
0.3000000000174623,
0.39999999999417923,
0.29999999998835847,
0.40000000002328306,
0.29999999998835847,
0.29999999998835847,
0.20000000001164153,
0.29999999998835847,
0.3000000000174623,
0.29999999998835847,
0.29999999998835847,
0.3000000000174623,
0.29999999998835847,
0.39999999999417923,
0.3000000000174623,
0.29999999998835847,
0.3000000000174623,
0.29999999998835847,
0.29999999998835847,
0.3000000000174623,
0.39999999999417923,
0.20000000001164153,
0.29999999998835847,
0.39999999999417923,
0.3000000000174623,
0.29999999998835847,
0.29999999998835847,
0.3000000000174623,
0.29999999998835847,
0.39999999999417923,
0.3000000000174623,
0.39999999999417923,
0.29999999998835847,
0.20000000001164153,
0.39999999999417923,
0.29999999998835847,
0.20000000001164153,
0.39999999999417923,
0.3000000000174623,
0.1999999999825377,
0.5,
0.3000000000174623,
0.1999999999825377,
0.39999999999417923,
0.3000000000174623,
0.1999999999825377,
0.3000000000174623,
0.39999999999417923,
0.29999999998835847,
0.3000000000174623,
0.29999999998835847,
0.3000000000174623,
0.29999999998835847,
0.29999999998835847,
0.40000000002328306,
0.29999999998835847,
0.20000000001164153,
0.39999999999417923,
0.29999999998835847,
0.3000000000174623,
0.29999999998835847,
0.29999999998835847,
0.3000000000174623,
0.29999999998835847,
0.3000000000174623,
0.29999999998835847,
0.39999999999417923,
0.5,
0.20000000001164153,
0.29999999998835847,
0.29999999998835847,
0.3000000000174623,
0.29999999998835847,
0.3000000000174623,
0.1999999999825377,
0.39999999999417923,
0.3000000000174623,
0.29999999998835847,
0.3000000000174623,
0.29999999998835847,
0.39999999999417923,
0.39999999999417923,
0.20000000001164153,
0.29999999998835847,
0.3000000000174623,
0.29999999998835847,
0.3000000000174623,
0.20000000001164153,
0.29999999998835847,
0.3000000000174623,
0.29999999998835847,
0.39999999999417923,
0.20000000001164153,
0.29999999998835847,
0.20000000001164153,
0.39999999999417923,
0.29999999998835847,
0.40000000002328306,
0.39999999999417923,
0.29999999998835847,
0.3000000000174623,
0.1999999999825377,
0.39999999999417923,
0.3000000000174623,
0.29999999998835847,
0.3000000000174623,
0.29999999998835847,
0.29999999998835847,
0.3000000000174623,
0.29999999998835847,
0.29999999998835847,
0.3000000000174623,
0.29999999998835847,
0.3000000000174623,
0.29999999998835847,
0.29999999998835847,
0.40000000002328306,
0.29999999998835847,
0.29999999998835847,
0.20000000001164153,
0.39999999999417923,
0.3000000000174623,
0.29999999998835847,
0.29999999998835847,
0.3000000000174623,
0.1999999999825377,
0.39999999999417923,
0.20000000001164153,
0.39999999999417923,
0.39999999999417923,
0.3000000000174623,
0.29999999998835847,
0.3000000000174623,
0.29999999998835847,
0.39999999999417923,
0.3000000000174623,
0.39999999999417923,
0.29999999998835847,
0.3000000000174623,
0.29999999998835847,
0.29999999998835847,
0.3000000000174623,
0.29999999998835847,
0.3000000000174623,
0.29999999998835847,
0.29999999998835847,
0.20000000001164153,
0.29999999998835847,
0.20000000001164153,
0.39999999999417923,
0.39999999999417923,
0.29999999998835847,
0.20000000001164153,
0.39999999999417923,
0.20000000001164153,
0.39999999999417923,
0.20000000001164153,
0.39999999999417923,
0.29999999998835847,
0.3000000000174623,
0.29999999998835847,
0.29999999998835847,
0.5,
0.3000000000174623,
0.29999999998835847,
0.29999999998835847,
0.3000000000174623,
0.29999999998835847,
0.3000000000174623,
0.40000000002328306,
0.39999999999417923,
0.39999999999417923,
0.39999999999417923,
0.5,
0.3000000000174623,
0.29999999998835847,
0.29999999998835847,
0.3000000000174623,
0.39999999999417923,
0.20000000001164153,
0.29999999998835847,
0.29999999998835847,
0.3000000000174623,
0.29999999998835847,
0.3000000000174623,
0.39999999999417923,
0.1999999999825377,
0.3000000000174623,
0.29999999998835847,
0.5,
0.3000000000174623,
0.29999999998835847,
0.39999999999417923,
0.3000000000174623,
0.1999999999825377,
0.29999999998835847,
0.3000000000174623,
0.29999999998835847,
0.3000000000174623,
0.39999999999417923,
0.1999999999825377,
0.3000000000174623,
0.39999999999417923,
0.29999999998835847,
0.20000000001164153,
0.29999999998835847,
0.39999999999417923,
0.20000000001164153,
0.29999999998835847,
0.3000000000174623,
0.39999999999417923,
0.29999999998835847,
0.20000000001164153,
0.39999999999417923,
0.3000000000174623,
0.1999999999825377,
0.5,
0.3000000000174623,
0.29999999998835847,
0.20000000001164153,
0.3000000000174623,
0.1999999999825377,
0.3000000000174623,
0.39999999999417923,
0.29999999998835847,
0.3000000000174623,
0.29999999998835847,
0.39999999999417923,
0.20000000001164153,
0.39999999999417923,
0.29999999998835847,
0.3000000000174623,
0.29999999998835847,
0.39999999999417923,
0.20000000001164153,
0.29999999998835847,
0.40000000002328306,
0.29999999998835847,
0.20000000001164153,
0.39999999999417923,
0.29999999998835847,
0.3000000000174623,
0.39999999999417923,
0.39999999999417923,
0.20000000001164153,
0.20000000001164153,
0.1999999999825377,
0.40000000002328306,
0.1999999999825377,
0.3000000000174623,
0.20000000001164153,
0.39999999999417923,
0.20000000001164153,
0.29999999998835847,
0.39999999999417923,
0.40000000002328306,
0.29999999998835847,
0.39999999999417923,
0.3000000000174623,
0.39999999999417923,
0.1999999999825377,
0.3000000000174623,
0.39999999999417923,
0.20000000001164153,
0.29999999998835847,
0.29999999998835847,
0.40000000002328306,
0.1999999999825377,
0.3000000000174623,
0.39999999999417923,
0.29999999998835847,
0.3000000000174623,
0.29999999998835847,
0.29999999998835847,
0.3000000000174623,
0.29999999998835847,
0.3000000000174623,
0.29999999998835847,
0.29999999998835847,
0.20000000001164153,
0.39999999999417923,
0.29999999998835847,
0.3000000000174623,
0.29999999998835847,
0.39999999999417923,
0.3000000000174623,
0.39999999999417923,
0.29999999998835847,
0.20000000001164153,
0.29999999998835847,
0.3000000000174623,
0.1999999999825377,
0.29999999998835847,
0.40000000002328306,
0.1999999999825377,
0.29999999998835847,
0.3000000000174623,
0.1999999999825377,
0.5,
0.3000000000174623,
0.29999999998835847,
0.3000000000174623,
0.29999999998835847,
0.29999999998835847,
0.3000000000174623,
0.29999999998835847,
0.3000000000174623,
0.29999999998835847,
0.29999999998835847,
0.3000000000174623,
0.39999999999417923,
0.29999999998835847,
0.3000000000174623,
0.29999999998835847,
0.3000000000174623,
0.29999999998835847,
0.29999999998835847,
0.40000000002328306,
0.29999999998835847,
0.29999999998835847,
0.40000000002328306,
0.1999999999825377,
0.3000000000174623,
0.29999999998835847,
0.29999999998835847,
0.5,
0.3000000000174623,
0.1999999999825377,
0.3000000000174623,
0.29999999998835847,
0.20000000001164153,
0.39999999999417923,
0.29999999998835847,
0.20000000001164153,
0.29999999998835847,
0.39999999999417923,
0.3000000000174623,
0.29999999998835847,
0.39999999999417923,
0.3000000000174623,
0.29999999998835847,
0.3000000000174623,
0.1999999999825377,
0.39999999999417923,
0.3000000000174623,
0.29999999998835847,
0.3000000000174623,
0.29999999998835847,
0.29999999998835847,
0.3000000000174623,
0.29999999998835847,
0.3000000000174623,
0.39999999999417923,
0.29999999998835847,
0.3000000000174623,
0.29999999998835847,
0.39999999999417923,
0.20000000001164153,
0.29999999998835847,
0.3000000000174623,
0.20000000001164153,
0.1999999999825377,
0.40000000002328306,
0.1999999999825377,
0.29999999998835847,
0.3000000000174623,
0.29999999998835847,
0.3000000000174623,
0.39999999999417923,
0.29999999998835847,
0.3000000000174623,
0.29999999998835847,
0.29999999998835847,
0.3000000000174623,
0.29999999998835847,
0.3000000000174623,
0.29999999998835847,
0.29999999998835847,
0.3000000000174623,
0.39999999999417923,
0.29999999998835847,
0.40000000002328306,
0.29999999998835847,
0.20000000001164153,
0.29999999998835847,
0.39999999999417923,
0.3000000000174623,
0.29999999998835847,
0.20000000001164153,
0.39999999999417923,
0.29999999998835847,
0.3000000000174623,
0.39999999999417923,
0.29999999998835847,
0.3000000000174623,
0.29999999998835847,
0.29999999998835847,
0.3000000000174623,
0.29999999998835847,
0.3000000000174623,
0.29999999998835847,
0.20000000001164153,
0.39999999999417923,
0.29999999998835847,
0.3000000000174623,
0.29999999998835847,
0.39999999999417923,
0.3000000000174623,
0.39999999999417923,
0.29999999998835847,
0.20000000001164153,
0.39999999999417923,
0.20000000001164153,
0.39999999999417923,
0.29999999998835847,
0.29999999998835847,
0.3000000000174623,
0.29999999998835847,
0.3000000000174623,
0.29999999998835847,
0.39999999999417923,
0.3000000000174623,
0.29999999998835847,
0.29999999998835847,
0.40000000002328306,
0.1999999999825377,
0.3000000000174623,
0.39999999999417923,
0.29999999998835847,
0.3000000000174623,
0.1999999999825377,
0.39999999999417923,
0.20000000001164153,
0.39999999999417923,
0.39999999999417923,
0.20000000001164153,
0.39999999999417923,
0.3000000000174623,
0.29999999998835847,
0.29999999998835847,
0.3000000000174623,
0.1999999999825377,
0.3000000000174623,
0.29999999998835847,
0.39999999999417923,
0.3000000000174623,
0.29999999998835847,
0.39999999999417923,
0.3000000000174623,
0.29999999998835847,
0.20000000001164153,
0.29999999998835847,
0.29999999998835847,
0.3000000000174623,
0.29999999998835847,
0.3000000000174623,
0.29999999998835847,
0.29999999998835847,
0.3000000000174623,
0.29999999998835847,
0.3000000000174623,
0.20000000001164153,
0.39999999999417923,
0.3000000000174623,
0.29999999998835847,
0.29999999998835847,
0.20000000001164153,
0.29999999998835847,
0.20000000001164153,
0.29999999998835847,
0.29999999998835847,
0.40000000002328306,
0.1999999999825377,
0.3000000000174623,
0.39999999999417923,
0.29999999998835847,
0.3000000000174623,
0.39999999999417923,
0.29999999998835847,
0.39999999999417923,
0.20000000001164153,
0.39999999999417923,
0.3000000000174623,
0.29999999998835847,
0.29999999998835847,
0.3000000000174623,
0.29999999998835847,
0.39999999999417923,
0.3000000000174623,
0.29999999998835847,
0.3000000000174623,
0.29999999998835847,
0.1999999999825377,
0.3000000000174623,
0.29999999998835847,
0.3000000000174623,
0.29999999998835847,
0.29999999998835847,
0.40000000002328306,
0.29999999998835847,
0.20000000001164153,
0.39999999999417923,
0.39999999999417923,
0.20000000001164153,
0.29999999998835847,
0.29999999998835847,
0.3000000000174623,
0.39999999999417923,
0.20000000001164153,
0.39999999999417923,
0.29999999998835847,
0.3000000000174623,
0.39999999999417923,
0.1999999999825377,
0.40000000002328306,
0.29999999998835847,
0.29999999998835847,
0.40000000002328306,
0.1999999999825377,
0.3000000000174623,
0.39999999999417923,
0.29999999998835847,
0.3000000000174623,
0.29999999998835847,
0.29999999998835847,
0.3000000000174623,
0.1999999999825377,
0.3000000000174623,
0.39999999999417923,
0.29999999998835847,
0.3000000000174623,
0.39999999999417923,
0.1999999999825377,
0.20000000001164153,
0.29999999998835847,
0.3000000000174623,
0.29999999998835847,
0.39999999999417923,
0.3000000000174623,
0.1999999999825377,
0.3000000000174623,
0.39999999999417923,
0.39999999999417923,
0.29999999998835847,
0.40000000002328306,
0.29999999998835847,
0.20000000001164153,
0.29999999998835847,
0.29999999998835847,
0.3000000000174623,
0.29999999998835847,
0.3000000000174623,
0.29999999998835847,
0.39999999999417923,
0.3000000000174623,
0.39999999999417923,
0.1999999999825377,
0.40000000002328306,
0.29999999998835847,
0.29999999998835847,
0.3000000000174623,
0.1999999999825377,
0.3000000000174623,
0.29999999998835847,
0.29999999998835847,
0.3000000000174623,
0.29999999998835847,
0.3000000000174623,
0.39999999999417923,
0.29999999998835847
==> sequence 1 B e7aa3c594e4799c54d48e2eeac37a2a1acf36b9b -> docs/ew/receipts/campaign-r6-20260914T1309Z/campaign-r6-20260914T1309Z-seq1-B.json
425.79999999998836,
426.29999999998836,
426.79999999998836,
428.0999999999767,
428.5999999999767,
429.0999999999767,
429.5999999999767,
430.29999999998836,
430.79999999998836,
431.29999999998836,
431.8999999999942,
432.3999999999942,
433.5999999999767,
434.19999999998254,
434.79999999998836,
435.29999999998836,
435.8999999999942,
436.5,
437.0999999999767,
437.5,
438.0999999999767,
438.69999999998254,
439.29999999998836,
439.79999999998836,
441.19999999998254,
441.69999999998254,
442.19999999998254,
442.79999999998836,
444.0999999999767,
444.5999999999767,
445.29999999998836,
447,
447.5999999999767,
448,
448.5999999999767,
449.19999999998254,
450.8999999999942,
451.5,
451.8999999999942,
452.69999999998254,
453.19999999998254,
453.69999999998254,
454.5,
455,
455.5999999999767,
456.0999999999767,
456.69999999998254,
457.19999999998254,
458.8999999999942,
459.3999999999942,
460,
460.5,
461,
461.5,
462,
462.5,
463.19999999998254,
463.69999999998254,
464.19999999998254,
464.79999999998836,
466.5,
467,
467.69999999998254,
468.0999999999767,
468.69999999998254,
469.19999999998254,
469.79999999998836,
470.29999999998836,
470.79999999998836,
471.5,
472,
472.5,
474.19999999998254,
474.8999999999942,
475.5,
476.19999999998254,
476.69999999998254,
477.0999999999767,
477.5999999999767,
478.0999999999767,
478.69999999998254,
479.29999999998836,
479.79999999998836,
480.3999999999942,
482.0999999999767,
482.5,
483.0999999999767,
483.5999999999767,
484.0999999999767,
484.79999999998836,
485.29999999998836,
485.8999999999942,
486.3999999999942,
487,
487.5,
488,
489.8999999999942,
490.3999999999942,
490.8999999999942,
491.3999999999942,
491.8999999999942,
492.5,
493,
493.69999999998254,
494.19999999998254,
494.69999999998254,
495.29999999998836,
495.79999999998836,
497,
497.79999999998836,
498.29999999998836,
499,
499.3999999999942,
500,
500.5,
501.0999999999767,
501.5,
502.19999999998254,
502.69999999998254,
503.29999999998836,
505,
505.5,
506,
506.69999999998254,
507.29999999998836,
508.0999999999767,
508.79999999998836,
509.79999999998836,
510.79999999998836,
511.29999999998836,
511.8999999999942,
512.5,
514,
514.6999999999825,
515.1999999999825,
515.8999999999942,
516.3999999999942,
517.5999999999767,
518.1999999999825,
518.6999999999825,
519.1999999999825,
519.8999999999942,
520.2999999999884,
520.7999999999884,
522.2999999999884,
522.7999999999884,
524,
524.5999999999767,
525.1999999999825,
525.5999999999767,
526.1999999999825,
526.8999999999942,
527.3999999999942,
527.8999999999942,
528.5,
528.8999999999942,
530.5999999999767,
531.1999999999825,
531.7999999999884,
532.2999999999884,
532.7999999999884,
533.3999999999942,
533.8999999999942,
534.3999999999942,
534.8999999999942,
535.5999999999767,
536.0999999999767,
536.6999999999825,
538.0999999999767,
539,
539.8999999999942,
543.2999999999884,
543.7999999999884,
544.3999999999942,
545,
545.5999999999767,
546.0999999999767,
546.5999999999767,
547.0999999999767,
547.6999999999825,
548.8999999999942,
549.5,
550,
550.5,
551,
551.5999999999767,
552.1999999999825,
552.5999999999767,
553.1999999999825,
553.7999999999884,
554.1999999999825,
554.7999999999884,
556.1999999999825,
556.7999999999884,
557.1999999999825,
557.7999999999884,
558.1999999999825,
558.7999999999884,
559.2999999999884,
559.7999999999884,
560.5,
561,
561.5999999999767,
562,
563.2999999999884,
563.8999999999942,
564.6999999999825,
565.1999999999825,
565.7999999999884,
566.3999999999942,
566.7999999999884,
567.2999999999884,
567.7999999999884,
568.5,
569.1999999999825,
569.6999999999825,
571.0999999999767,
571.6999999999825,
572.1999999999825,
572.6999999999825,
573.1999999999825,
573.8999999999942,
574.5,
575,
575.5999999999767,
576.0999999999767,
576.5999999999767,
577.1999999999825,
578.3999999999942,
579,
579.5,
580,
580.5999999999767,
581,
581.5999999999767,
582.1999999999825,
582.6999999999825,
583.1999999999825,
583.7999999999884,
584.5,
585.6999999999825,
586.2999999999884,
587,
587.5,
588,
588.5,
589.0999999999767,
590.3999999999942,
590.8999999999942,
591.5,
592.0999999999767,
592.6999999999825,
593.8999999999942,
594.3999999999942,
595,
595.5,
596.2999999999884,
596.7999999999884,
597.3999999999942,
597.8999999999942,
598.3999999999942,
598.8999999999942,
599.3999999999942,
599.8999999999942,
601.2999999999884,
601.8999999999942,
602.3999999999942,
602.7999999999884,
603.3999999999942,
603.8999999999942,
604.5999999999767,
605.0999999999767,
605.5999999999767,
606.0999999999767,
606.6999999999825,
607.1999999999825,
608.2999999999884,
609,
609.5999999999767,
610,
610.6999999999825,
611.1999999999825,
611.5999999999767,
612.1999999999825,
612.6999999999825,
613.2999999999884,
613.8999999999942,
614.3999999999942,
615.5999999999767,
616.0999999999767,
616.6999999999825,
617.2999999999884,
617.8999999999942,
618.3999999999942,
618.8999999999942,
619.3999999999942,
619.8999999999942,
620.3999999999942,
620.8999999999942,
621.5,
622.6999999999825,
623.1999999999825,
623.6999999999825,
624.2999999999884,
624.8999999999942,
625.2999999999884,
626,
626.5999999999767,
627.0999999999767,
627.5999999999767,
628.1999999999825,
628.6999999999825,
630.0999999999767,
630.5999999999767,
631.1999999999825,
631.6999999999825,
632.1999999999825,
632.6999999999825,
633.2999999999884,
633.7999999999884,
634.5,
635,
635.5,
636.0999999999767,
637.2999999999884,
637.7999999999884,
638.3999999999942,
639.1999999999825,
639.6999999999825,
640.2999999999884,
640.7999999999884,
641.2999999999884,
641.8999999999942,
642.3999999999942,
642.7999999999884,
643.5,
644.8999999999942,
645.3999999999942,
645.8999999999942,
646.3999999999942,
646.8999999999942,
647.5999999999767,
648,
648.5999999999767,
649,
649.5,
650,
650.5999999999767,
651.7999999999884,
652.2999999999884,
652.7999999999884,
653.3999999999942,
653.8999999999942,
654.2999999999884,
654.7999999999884,
655.3999999999942,
656.0999999999767,
656.5999999999767,
657.0999999999767,
657.5,
658.6999999999825,
659.1999999999825,
660.2999999999884,
660.8999999999942,
661.2999999999884,
661.7999999999884,
662.2999999999884,
662.7999999999884,
663.2999999999884,
663.7999999999884,
664.5,
665.1999999999825,
666.2999999999884,
666.7999999999884,
667.2999999999884,
667.7999999999884,
668.2999999999884,
668.8999999999942,
669.3999999999942,
670,
670.3999999999942,
670.8999999999942,
671.2999999999884,
671.8999999999942,
673.1999999999825,
673.6999999999825,
674.1999999999825,
674.7999999999884,
675.2999999999884,
675.7999999999884,
676.2999999999884,
676.7999999999884,
677.3999999999942,
677.8999999999942,
678.3999999999942,
679,
680.0999999999767,
680.5999999999767,
681.1999999999825,
681.6999999999825,
682.1999999999825,
682.6999999999825,
683.1999999999825,
683.5999999999767,
684.1999999999825,
684.7999999999884,
685.3999999999942,
686,
687,
687.5999999999767,
688.0999999999767,
688.5999999999767,
689.0999999999767,
689.6999999999825,
690.1999999999825,
690.6999999999825,
691.1999999999825,
691.6999999999825,
692.1999999999825,
692.6999999999825,
694,
694.5,
695.0999999999767,
695.5999999999767,
696.0999999999767,
696.6999999999825,
697.1999999999825,
697.7999999999884,
698.3999999999942,
698.7999999999884,
699.2999999999884,
699.7999999999884,
701,
701.5,
702.2999999999884,
702.7999999999884,
703.1999999999825,
703.6999999999825,
704.1999999999825,
704.7999999999884,
705.2999999999884,
705.7999999999884,
706.2999999999884,
706.8999999999942,
708,
708.5999999999767,
709.0999999999767,
709.5999999999767,
710.0999999999767,
710.6999999999825,
711.1999999999825,
711.6999999999825,
712.1999999999825,
712.5999999999767,
713.1999999999825,
713.5999999999767,
715.2999999999884,
715.7999999999884,
716.2999999999884,
716.7999999999884,
717.2999999999884,
717.7999999999884,
718.2999999999884,
718.8999999999942,
719.3999999999942,
719.8999999999942,
720.3999999999942,
720.8999999999942,
722,
722.5,
723.1999999999825,
723.6999999999825,
724.1999999999825,
724.6999999999825,
725.2999999999884,
725.7999999999884,
726.2999999999884,
726.7999999999884,
727.3999999999942,
727.8999999999942,
729,
729.5999999999767,
730,
730.5999999999767,
731.1999999999825,
731.6999999999825,
732.0999999999767,
732.6999999999825,
733.0999999999767,
733.5999999999767,
734.0999999999767,
734.6999999999825,
736.0999999999767,
736.5999999999767,
737.0999999999767,
737.6999999999825,
738.1999999999825,
738.6999999999825,
739.1999999999825,
739.7999999999884,
740.3999999999942,
740.8999999999942,
741.3999999999942,
741.8999999999942,
743.0999999999767,
743.6999999999825,
744.2999999999884,
744.8999999999942,
745.5,
746,
746.5,
747,
747.5,
748,
748.8999999999942,
749.3999999999942,
750.5,
751.0999999999767,
751.7999999999884,
752.3999999999942,
753,
753.5,
753.8999999999942,
754.5,
755.0999999999767,
755.5999999999767,
756.0999999999767,
756.5999999999767,
757.8999999999942,
758.5,
758.8999999999942,
759.3999999999942,
759.8999999999942,
760.3999999999942,
760.8999999999942,
761.5999999999767,
762,
762.5999999999767,
763.0999999999767,
763.5,
764.7999999999884,
765.3999999999942,
765.8999999999942,
766.5,
766.8999999999942,
767.5,
767.8999999999942,
768.3999999999942,
768.8999999999942,
770.1999999999825,
770.7999999999884,
771.2999999999884,
772.2999999999884,
772.8999999999942,
773.3999999999942,
773.8999999999942,
774.5,
775.0999999999767,
775.5999999999767,
776.0999999999767,
776.5999999999767,
777,
777.5,
778,
779.2999999999884,
779.6999999999825,
780.2999999999884,
780.7999999999884,
781.2999999999884,
781.7999999999884,
782.2999999999884,
783.0999999999767,
783.5999999999767,
784.0999999999767,
784.6999999999825,
785.1999999999825,
787.3999999999942,
788,
788.6999999999825,
789.5,
790.0999999999767,
790.7999999999884,
791.5,
792.2999999999884,
793.6999999999825,
794.1999999999825,
794.7999999999884,
795.3999999999942,
796.5999999999767,
797.0999999999767,
797.5999999999767,
798.2999999999884,
798.8999999999942,
799.5999999999767,
800.2999999999884,
801.0999999999767,
802.1999999999825,
803,
803.6999999999825,
804.3999999999942,
805.6999999999825,
806.2999999999884,
806.6999999999825,
807.1999999999825,
807.6999999999825,
808.1999999999825,
808.7999999999884,
809.1999999999825,
809.6999999999825,
810.1999999999825,
810.6999999999825,
811.1999999999825,
812.5999999999767,
813.0999999999767,
813.5999999999767,
814.1999999999825,
814.6999999999825,
815.0999999999767,
815.5999999999767,
816.1999999999825,
816.5999999999767,
817.0999999999767,
817.5999999999767,
818.0999999999767,
819.3999999999942,
819.8999999999942,
820.5,
821.0999999999767,
821.5999999999767,
822.0999999999767,
822.5999999999767,
823,
823.5,
824.0999999999767,
824.5999999999767,
825,
826.2999999999884,
826.7999999999884,
827.1999999999825,
827.7999999999884,
828.3999999999942,
828.8999999999942,
829.3999999999942,
829.8999999999942,
830.3999999999942,
830.8999999999942,
831.3999999999942,
832,
833.1999999999825,
833.6999999999825,
834.1999999999825,
834.5999999999767,
835.1999999999825,
835.5999999999767,
836.2999999999884,
836.7999999999884,
837.2999999999884,
837.7999999999884,
838.1999999999825,
838.6999999999825,
839.8999999999942,
840.5,
840.8999999999942,
841.5,
842,
842.5,
843,
843.5,
844,
844.6999999999825,
845.2999999999884,
845.7999999999884,
846.8999999999942,
847.3999999999942,
847.8999999999942,
848.3999999999942,
848.8999999999942,
849.2999999999884,
849.8999999999942,
850.2999999999884,
850.8999999999942,
851.3999999999942,
851.8999999999942,
852.5,
853.6999999999825,
854.1999999999825,
854.7999999999884,
855.2999999999884,
855.6999999999825,
856.1999999999825,
856.6999999999825,
857.1999999999825,
857.6999999999825,
858.2999999999884,
858.7999999999884,
859.2999999999884,
860.5999999999767,
861.1999999999825,
861.5999999999767,
862.0999999999767,
862.5999999999767,
863.0999999999767,
863.5999999999767,
864.0999999999767,
864.5999999999767,
865.1999999999825,
865.5999999999767,
866.0999999999767,
867.2999999999884,
867.7999999999884,
868.5,
868.8999999999942,
869.5,
870,
870.5,
871,
871.5,
871.8999999999942,
872.3999999999942,
872.8999999999942,
874.0999999999767,
874.6999999999825,
875.1999999999825,
875.6999999999825,
876.1999999999825,
876.8999999999942,
877.3999999999942,
877.8999999999942,
878.3999999999942,
878.7999999999884,
879.3999999999942,
879.7999999999884,
881,
881.5,
882,
882.5999999999767,
883.0999999999767,
883.5,
884,
884.6999999999825,
885.2999999999884,
885.8999999999942,
886.2999999999884,
886.7999999999884,
888,
888.5,
889,
889.5,
890,
890.5,
891,
891.5,
892,
892.6999999999825,
893.1999999999825,
893.6999999999825,
895,
895.5,
896,
896.5,
897,
897.5,
898.0999999999767,
898.6999999999825,
899.1999999999825,
899.6999999999825,
900.0999999999767,
900.7999999999884,
902.5999999999767,
903.0999999999767,
903.5999999999767,
904.0999999999767,
904.5999999999767,
905.1999999999825,
905.6999999999825,
906.1999999999825,
906.6999999999825,
907.2999999999884,
907.6999999999825,
908.1999999999825,
909.3999999999942,
910.2999999999884,
910.6999999999825,
911.1999999999825,
911.8999999999942,
912.2999999999884,
912.8999999999942,
913.2999999999884,
913.8999999999942,
914.2999999999884,
914.8999999999942,
915.5,
916.6999999999825,
917.1999999999825,
917.6999999999825,
918.3999999999942,
918.7999999999884,
919.2999999999884,
919.7999999999884,
920.2999999999884,
920.7999999999884,
921.2999999999884,
921.7999999999884,
922.3999999999942,
923.5,
924,
924.5999999999767,
925.2999999999884,
925.7999999999884,
926.2999999999884,
927,
927.3999999999942,
927.8999999999942,
928.3999999999942,
928.8999999999942,
929.3999999999942,
930.5999999999767,
931.6999999999825,
932.1999999999825,
932.6999999999825,
933.1999999999825,
933.6999999999825,
934.1999999999825,
934.6999999999825,
935.3999999999942,
935.7999999999884,
936.3999999999942,
936.7999999999884,
938,
938.5,
939,
939.3999999999942,
940.0999999999767,
940.5999999999767,
941,
941.5,
942,
942.5,
943,
943.5999999999767,
945,
945.3999999999942,
945.8999999999942,
946.3999999999942,
946.7999999999884,
947.3999999999942,
947.8999999999942,
948.3999999999942,
948.7999999999884,
949.2999999999884,
949.7999999999884,
950.3999999999942,
951.6999999999825,
952.1999999999825,
952.6999999999825,
953.1999999999825,
953.5999999999767,
954.0999999999767,
954.6999999999825,
955.2999999999884,
955.6999999999825,
956.1999999999825,
956.7999999999884,
957.1999999999825,
959,
960.1999999999825,
961.0999999999767,
961.5999999999767,
962.0999999999767,
962.5999999999767,
963.0999999999767,
963.5,
964,
964.5999999999767,
965.0999999999767,
965.5999999999767,
966.6999999999825,
967.2999999999884,
967.7999999999884,
968.1999999999825,
968.7999999999884,
969.5,
969.8999999999942,
970.5,
971,
971.5,
972,
972.5,
973.6999999999825,
974.1999999999825,
974.7999999999884,
975.2999999999884,
975.7999999999884,
976.2999999999884,
976.7999999999884,
977.3999999999942,
977.8999999999942,
978.5,
979,
979.3999999999942,
980.5999999999767,
981.0999999999767,
981.5999999999767,
982.0999999999767,
982.6999999999825,
983.3999999999942,
983.8999999999942,
984.3999999999942,
985,
985.5,
986.0999999999767,
986.6999999999825,
987.7999999999884,
988.2999999999884,
988.7999999999884,
989.2999999999884,
989.6999999999825,
990.2999999999884,
990.7999999999884,
991.3999999999942,
991.6999999999825,
992.2999999999884,
992.8999999999942,
993.3999999999942,
996.5,
997,
997.5,
997.8999999999942,
998.3999999999942,
998.8999999999942,
999.3999999999942,
999.8999999999942,
1000.5,
1000.8999999999942,
1001.5,
1002,
1003.0999999999767,
1003.7999999999884,
1004.2999999999884,
1004.8999999999942,
1005.3999999999942,
1005.8999999999942,
1006.3999999999942,
1006.8999999999942,
1007.3999999999942,
1007.8999999999942,
1008.3999999999942,
1008.8999999999942,
1010.0999999999767,
1010.5999999999767,
1011,
1011.5999999999767,
1012.3999999999942,
1012.8999999999942,
1013.2999999999884,
1013.8999999999942,
1014.3999999999942,
1014.8999999999942,
1015.5,
1016,
1017.1999999999825,
1017.6999999999825,
1018.1999999999825,
1018.6999999999825,
1019.1999999999825,
1019.6999999999825,
1021,
1021.5,
1021.8999999999942,
1022.5,
1022.8999999999942,
1023.3999999999942,
1024.5999999999767,
1025.1999999999825,
1025.6999999999825,
1026.1999999999825,
1026.6999999999825,
1027.0999999999767,
1027.5999999999767,
1028.0999999999767,
1028.6999999999825,
1029.2999999999884,
1029.7999999999884,
1030.1999999999825,
1031.3999999999942,
1032,
1032.3999999999942,
1033,
1033.5,
1034,
1034.5,
1035,
1036.1999999999825,
1036.6999999999825,
1037.1999999999825,
1039.2999999999884,
1040.5,
1041,
1041.3999999999942,
1041.8999999999942,
1042.3999999999942,
1042.8999999999942,
1043.3999999999942,
1043.7999999999884,
1044.3999999999942,
1044.8999999999942,
1045.5,
1046,
1047.0999999999767,
1047.7999999999884,
1048.2999999999884,
1048.7999999999884,
1049.2999999999884,
1049.6999999999825,
1050.1999999999825,
1050.6999999999825,
1051.1999999999825,
1051.6999999999825,
1052.0999999999767,
1052.5999999999767,
1053.7999999999884,
1054.1999999999825,
1054.8999999999942,
1055.2999999999884,
1056,
1056.5,
1057,
1057.5,
1058,
1058.5999999999767,
1059.0999999999767,
1059.5999999999767,
1060.7999999999884,
1061.1999999999825,
1061.6999999999825,
1062.1999999999825,
1062.6999999999825,
1063.0999999999767,
1063.5999999999767,
1064.2999999999884,
1065,
1065.3999999999942,
1065.8999999999942,
1066.3999999999942,
1067.5999999999767,
1068.0999999999767,
1068.5,
1069.0999999999767,
1069.5,
1070,
1070.5,
1071,
1071.5,
1072,
1072.5999999999767,
1073.1999999999825,
1074.2999999999884,
1074.8999999999942,
1075.3999999999942,
1076,
1076.3999999999942,
1077,
1077.3999999999942,
1077.8999999999942,
1078.3999999999942,
1078.8999999999942,
1079.2999999999884,
1079.7999999999884,
1081.1999999999825,
1081.5999999999767,
1082.0999999999767,
1082.5999999999767,
1083.0999999999767,
1083.5999999999767,
1084.0999999999767,
1084.5999999999767,
1085.1999999999825,
1085.5999999999767,
1086.0999999999767,
1086.6999999999825,
1087.7999999999884,
1088.2999999999884,
1088.8999999999942,
1089.3999999999942,
1089.8999999999942,
1090.3999999999942,
1090.8999999999942,
1091.3999999999942,
1091.8999999999942,
1092.3999999999942,
1092.7999999999884,
1093.2999999999884,
1094.3999999999942,
1095,
1095.5,
1096,
1096.5,
1097.0999999999767,
1097.6999999999825,
1098.0999999999767,
1098.5999999999767,
1099.0999999999767,
1099.5999999999767,
1100.0999999999767,
1101.2999999999884,
1101.6999999999825,
1102.1999999999825,
1102.5999999999767,
1103.0999999999767,
1103.5999999999767,
1104.0999999999767,
1104.6999999999825,
1105.3999999999942,
1106,
1106.3999999999942,
1107,
1108.1999999999825,
1108.6999999999825,
1109.1999999999825,
1109.5999999999767,
1110.1999999999825,
1110.5999999999767,
1111.1999999999825,
1111.6999999999825,
1112.0999999999767,
1112.5999999999767,
1113.0999999999767,
1113.7999999999884,
1115,
1115.5999999999767,
1116.0999999999767,
1116.5999999999767,
1117.0999999999767,
1117.5999999999767,
1118.0999999999767,
1118.5999999999767,
1119.1999999999825,
1119.5999999999767,
1120.0999999999767,
1120.5999999999767,
1121.6999999999825,
1122.3999999999942,
1122.8999999999942,
1123.2999999999884,
1123.8999999999942,
1124.3999999999942,
1125,
1125.5,
1126,
1126.5,
1126.8999999999942,
1127.5,
1128.6999999999825,
1129.1999999999825,
1129.6999999999825,
1130.1999999999825,
1130.8999999999942,
1131.3999999999942,
1131.8999999999942,
1132.3999999999942,
1132.7999999999884,
1133.3999999999942,
1133.7999999999884,
1134.2999999999884,
1135.5,
1136,
1136.5,
1137,
1137.5,
1138,
1138.5,
1139.5999999999767,
1140.0999999999767,
1140.5999999999767,
1141.0999999999767,
1141.5,
1142.7999999999884,
1143.1999999999825,
1143.6999999999825,
1144.1999999999825,
1144.7999999999884,
1145.2999999999884,
1145.7999999999884,
1146.1999999999825,
1146.7999999999884,
1147.2999999999884,
1147.8999999999942,
1148.3999999999942,
1149.5,
1150,
1150.5999999999767,
1151.0999999999767,
1151.5,
1152,
1152.5,
1153,
1153.5,
1154,
1154.5,
1155.0999999999767,
1156.5,
1157,
1157.3999999999942,
1157.8999999999942,
1158.5,
1158.8999999999942,
1159.5,
1159.8999999999942,
1160.3999999999942,
1160.8999999999942,
1161.3999999999942,
1161.7999999999884,
1163,
1163.5,
1164.0999999999767,
1164.7999999999884,
1165.2999999999884,
1165.7999999999884,
1166.2999999999884,
1166.7999999999884,
1167.2999999999884,
1167.7999999999884,
1168.2999999999884,
1168.6999999999825,
1169.8999999999942,
1170.5,
1170.8999999999942,
1171.3999999999942,
1171.8999999999942,
1172.5,
1173.0999999999767,
1173.5999999999767,
1174,
1174.5,
1175.1999999999825,
1175.5999999999767,
1176.7999999999884,
1177.2999999999884,
1177.7999999999884,
1178.2999999999884,
1178.7999999999884,
1179.1999999999825,
1179.7999999999884,
1180.2999999999884,
1181,
1181.3999999999942,
1181.8999999999942,
1182.3999999999942,
1183.5,
1184,
1184.5999999999767,
1185.1999999999825,
1185.6999999999825,
1186.1999999999825,
1186.5999999999767,
1187.0999999999767,
1187.5999999999767,
1188.0999999999767,
1188.5999999999767,
1189.2999999999884,
1190.3999999999942,
1190.8999999999942,
1191.3999999999942,
1191.8999999999942,
1192.3999999999942,
1192.8999999999942,
1193.3999999999942,
1193.8999999999942,
1194.5,
1195,
1195.5,
1196,
1197.0999999999767,
1197.7999999999884,
1198.2999999999884,
1198.8999999999942,
1199.2999999999884,
1199.7999999999884,
1200.2999999999884,
1200.7999999999884,
1201.2999999999884,
1201.7999999999884,
1202.2999999999884,
1202.7999999999884,
1203.8999999999942,
1204.3999999999942,
1204.8999999999942,
1205.3999999999942,
1206.0999999999767,
1206.5999999999767,
1207.0999999999767,
1207.5999999999767,
1208.0999999999767,
1208.6999999999825,
1209.1999999999825,
1209.5999999999767,
1210.6999999999825,
1211.1999999999825,
1211.6999999999825,
1212.1999999999825,
1212.5999999999767,
1213.1999999999825,
1213.7999999999884,
1214.2999999999884,
1214.8999999999942,
1215.3999999999942,
1216,
1216.5,
1217.5999999999767,
1218.1999999999825,
1218.6999999999825,
1219.1999999999825,
1219.6999999999825,
1220.0999999999767,
1220.5999999999767,
1221.1999999999825,
1221.6999999999825,
1222.2999999999884,
1222.7999999999884,
1223.2999999999884,
1224.5999999999767,
1225.1999999999825,
1225.5999999999767,
1226.0999999999767,
1226.5999999999767,
1227.0999999999767,
1227.5999999999767,
1228.0999999999767,
1228.5999999999767,
1229.0999999999767,
1229.5999999999767,
1230.0999999999767,
1231.3999999999942,
1231.8999999999942,
1232.5,
1232.8999999999942,
1233.3999999999942,
1233.8999999999942,
1234.3999999999942,
1235,
1235.5,
1236,
1236.5,
1237,
1238.0999999999767,
1238.6999999999825,
1239.2999999999884,
1239.7999999999884,
1240.2999999999884,
1240.7999999999884,
1241.2999999999884,
1241.7999999999884,
1242.2999999999884,
1242.6999999999825,
1243.1999999999825,
1243.6999999999825,
1245,
1245.5,
1246,
1246.5,
1247,
1247.5999999999767,
1248.1999999999825,
1248.7999999999884,
1249.1999999999825,
1249.6999999999825,
1250.1999999999825,
1250.6999999999825,
1251.7999999999884,
1252.2999999999884,
1252.8999999999942,
1253.2999999999884,
1253.7999999999884,
1254.2999999999884,
1254.8999999999942,
1255.3999999999942,
1256,
1256.5,
1257.0999999999767,
1257.5,
1258.5999999999767,
1259.1999999999825,
1259.5999999999767,
1260.1999999999825,
1260.5999999999767,
1261.0999999999767,
1261.5999999999767,
1262.0999999999767,
1262.5999999999767,
1263,
1263.6999999999825,
1264.1999999999825,
1265.5,
1266,
1266.5,
1267,
1267.5,
1268,
1268.5,
1268.8999999999942,
1269.5,
1269.8999999999942,
1270.5,
1271,
1272.1999999999825,
1272.7999999999884,
1273.2999999999884,
1273.7999999999884,
1274.1999999999825,
1274.7999999999884,
1275.1999999999825,
1275.7999999999884,
1276.1999999999825,
1276.7999999999884,
1277.1999999999825,
1277.6999999999825,
1278.8999999999942,
1279.2999999999884,
1279.8999999999942,
1280.5999999999767,
1281,
1281.5999999999767,
1282.0999999999767,
1282.5999999999767,
1283,
1283.5,
1284,
1284.5999999999767,
1285.7999999999884,
1286.2999999999884,
1286.7999999999884,
1287.2999999999884,
1287.6999999999825,
1288.2999999999884,
1289,
1289.5,
1289.8999999999942,
1290.3999999999942,
1290.8999999999942,
1291.3999999999942,
1292.5,
1293.0999999999767,
1293.5999999999767,
1294.0999999999767,
1294.5999999999767,
1295.1999999999825,
1295.6999999999825,
1296.1999999999825,
1296.6999999999825,
1297.3999999999942,
1297.8999999999942,
1298.2999999999884,
1299.3999999999942,
1299.8999999999942,
1300.3999999999942,
1300.8999999999942,
1301.3999999999942,
1301.7999999999884,
1302.3999999999942,
1302.7999999999884,
1303.3999999999942,
1303.8999999999942,
1304.3999999999942,
1305,
1306.2999999999884,
1306.7999999999884,
1307.2999999999884,
1307.7999999999884,
1308.2999999999884,
1308.6999999999825,
1309.1999999999825,
1309.6999999999825,
1310.1999999999825,
1310.6999999999825,
1311.1999999999825,
1311.6999999999825,
1312.7999999999884,
1313.3999999999942,
1313.8999999999942,
1314.3999999999942,
1314.8999999999942,
1315.5,
1316,
1316.5,
1316.8999999999942,
1317.5,
1317.8999999999942,
1318.5,
1319.5999999999767,
1320.1999999999825,
1320.5999999999767,
1321.0999999999767,
1321.7999999999884,
1322.2999999999884,
1322.7999999999884,
1323.2999999999884,
1323.6999999999825,
1324.1999999999825,
1324.7999999999884,
1325.2999999999884,
1326.5,
1327,
1327.5,
1328.0999999999767,
1328.5999999999767,
1329.0999999999767,
1329.5999999999767,
1330.1999999999825,
1330.6999999999825,
1331.1999999999825,
1331.6999999999825,
1332.1999999999825,
1333.2999999999884,
1333.7999999999884,
1334.3999999999942,
1334.8999999999942,
1335.5,
1336,
1336.3999999999942,
1337,
1337.3999999999942,
1337.8999999999942,
1338.5999999999767,
1339.0999999999767,
1340.1999999999825,
1340.6999999999825,
1341.1999999999825,
1341.6999999999825,
1342.1999999999825,
1342.6999999999825,
1343.1999999999825,
1343.6999999999825,
1344.1999999999825,
1344.7999999999884,
1345.2999999999884,
1345.7999999999884,
1347.0999999999767,
1347.5999999999767,
1348.0999999999767,
1348.5999999999767,
1349.1999999999825,
1349.5999999999767,
1350.1999999999825,
1350.5999999999767,
1351.1999999999825,
1351.6999999999825,
1352.0999999999767,
1352.6999999999825,
1353.7999999999884,
1354.1999999999825,
1354.7999999999884,
1355.7999999999884,
1356.1999999999825,
1356.6999999999825,
1357.1999999999825,
1357.7999999999884,
1358.1999999999825,
1358.6999999999825,
1359.1999999999825,
1359.6999999999825,
1360.7999999999884,
1361.5,
1361.8999999999942,
1362.3999999999942,
1363,
1363.3999999999942,
1364,
1364.5999999999767,
1365.0999999999767,
1365.6999999999825,
1366.1999999999825,
1366.6999999999825,
1367.7999999999884,
1368.2999999999884,
1368.6999999999825,
1369.2999999999884,
1369.7999999999884,
1370.1999999999825,
1370.6999999999825,
1371.2999999999884,
1371.6999999999825,
1372.3999999999942,
1373,
1373.5,
1374.7999999999884,
1375.2999999999884,
1375.6999999999825,
1376.2999999999884,
1376.7999999999884,
1377.1999999999825,
1377.7999999999884,
1378.1999999999825,
1378.6999999999825,
1379.1999999999825,
1379.6999999999825,
1380.1999999999825,
1381.5999999999767,
1382,
1382.5,
1383,
1383.5,
1384,
1384.5,
1385.1999999999825,
1385.6999999999825,
1386.0999999999767,
1386.6999999999825,
1387.0999999999767,
1388.1999999999825,
1389,
1389.3999999999942,
1389.8999999999942,
1390.3999999999942,
1390.7999999999884,
1391.3999999999942,
1391.8999999999942,
1392.3999999999942,
1392.8999999999942,
1393.2999999999884,
1393.7999999999884,
1395.0999999999767,
1395.5999999999767,
1396,
1396.5999999999767,
1397.1999999999825,
1397.6999999999825,
1398.2999999999884,
1398.6999999999825,
1399.1999999999825,
1399.7999999999884,
1400.1999999999825,
1400.7999999999884,
1401.8999999999942,
1402.3999999999942,
1402.7999999999884,
1403.2999999999884,
1403.8999999999942,
1404.3999999999942,
1404.8999999999942,
1405.5,
1406,
1406.5,
1407,
1407.3999999999942,
1408.5999999999767,
1409.0999999999767,
1409.5,
1410,
1410.5999999999767,
1411,
1411.5,
1412.0999999999767,
1412.5,
1413,
1413.5999999999767,
1414.1999999999825,
1415.2999999999884,
1415.7999999999884,
1416.2999999999884,
1416.7999999999884,
1417.2999999999884,
1417.7999999999884,
1418.2999999999884,
1418.7999999999884,
1419.1999999999825,
1419.6999999999825,
1420.2999999999884,
1420.7999999999884,
1422,
1422.5,
1423,
1423.5,
1424.0999999999767,
1424.5999999999767,
1425.0999999999767,
1425.5999999999767,
1426.0999999999767,
1426.5999999999767,
1427.0999999999767,
1427.5999999999767,
1428.6999999999825,
1429.2999999999884,
1429.7999999999884,
1430.2999999999884,
1430.8999999999942,
1431.2999999999884,
1431.7999999999884,
1432.2999999999884,
1432.8999999999942,
1433.2999999999884,
1433.7999999999884,
1434.2999999999884,
1435.5999999999767,
1436.0999999999767,
1436.5999999999767,
1437.0999999999767,
1437.5,
1438,
1438.5999999999767,
1439.0999999999767,
1439.5999999999767,
1440.0999999999767,
1440.5999999999767,
1441.0999999999767,
1442.1999999999825,
1442.7999999999884,
1443.1999999999825,
1443.7999999999884,
1444.1999999999825,
1444.6999999999825,
1446.2999999999884,
1446.7999999999884,
1447.3999999999942,
1448.2999999999884,
1449.0999999999767,
1449.5,
1451.0999999999767,
1451.7999999999884,
1452.1999999999825,
1452.8999999999942,
1453.5999999999767,
1454.0999999999767,
1454.5999999999767,
1455.2999999999884,
1455.6999999999825,
1456.1999999999825,
1456.6999999999825,
1457.1999999999825,
1458.5,
1459,
1459.5,
1460.0999999999767,
1460.5,
1461,
1461.5,
1461.8999999999942,
1462.3999999999942,
1463,
1463.8999999999942,
1464.6999999999825,
1466.7999999999884,
1467.5,
1468,
1468.3999999999942,
1468.8999999999942,
1469.3999999999942,
1469.8999999999942,
1470.3999999999942,
1470.8999999999942,
1471.2999999999884,
1472,
1472.3999999999942,
1473.5,
1474.0999999999767,
1474.6999999999825,
1475.1999999999825,
1475.7999999999884,
1476.2999999999884,
1476.7999999999884,
1477.1999999999825,
1477.6999999999825,
1478.1999999999825,
1478.6999999999825,
1479.1999999999825,
1480.2999999999884,
1480.7999999999884,
1481.3999999999942,
1481.7999999999884,
1482.2999999999884,
1482.7999999999884,
1483.2999999999884,
1484,
1484.5,
1485.0999999999767,
1485.5,
1486.0999999999767,
1487.1999999999825,
1487.6999999999825,
1488.1999999999825,
1488.6999999999825,
1489.1999999999825,
1489.6999999999825,
1490.0999999999767,
1490.5999999999767,
1491.0999999999767,
1491.5,
1492.1999999999825,
1492.6999999999825,
1493.8999999999942,
1494.5,
1495,
1495.5,
1496,
1496.3999999999942,
1497,
1497.5,
1498,
1498.5,
1499,
1499.3999999999942,
1500.7999999999884,
1501.2999999999884,
1501.6999999999825,
1502.2999999999884,
1502.7999999999884,
1503.1999999999825,
1503.6999999999825,
1504.2999999999884,
1504.7999999999884,
1505.2999999999884,
1505.6999999999825,
1506.1999999999825,
1507.3999999999942,
1507.7999999999884,
1508.3999999999942,
1509.0999999999767,
1509.5999999999767,
1510.0999999999767,
1510.5,
1511,
1511.5,
1512,
1512.5,
1513,
1514.0999999999767,
1514.6999999999825,
1515.3999999999942,
1515.8999999999942,
1516.3999999999942,
1516.8999999999942,
1517.5,
1518,
1518.5,
1518.8999999999942,
1519.3999999999942,
1519.8999999999942,
1520.8999999999942,
1521.5,
1521.8999999999942,
1522.5,
1522.8999999999942,
1523.3999999999942,
1523.8999999999942,
1524.5,
1525.0999999999767,
1525.6999999999825,
1526.0999999999767,
1526.6999999999825,
1527.7999999999884,
1528.2999999999884,
1528.7999999999884,
1529.2999999999884,
1529.7999999999884,
1530.2999999999884,
1530.7999999999884,
1531.2999999999884,
1531.7999999999884,
1532.1999999999825,
1532.7999999999884,
1533.3999999999942,
1534.5999999999767,
1535.1999999999825,
1535.6999999999825,
1536.2999999999884,
1536.6999999999825,
1537.1999999999825,
1537.5999999999767,
1538.1999999999825,
1538.6999999999825,
1539.0999999999767,
1539.5999999999767,
1540.0999999999767,
1541.1999999999825,
1541.8999999999942,
1542.3999999999942,
1542.8999999999942,
1543.3999999999942,
1544.0999999999767,
1544.5,
1545.0999999999767,
1545.5999999999767,
1546.0999999999767,
1546.5999999999767,
1547.0999999999767,
1548.2999999999884,
1548.7999999999884,
1549.1999999999825,
1549.6999999999825,
1550.2999999999884,
1550.7999999999884,
1551.2999999999884,
1551.8999999999942,
1552.2999999999884,
1552.7999999999884,
1553.2999999999884,
1553.7999999999884,
1555,
1555.5,
1556,
1556.5999999999767,
1557.0999999999767,
1557.5999999999767,
1558.0999999999767,
1558.7999999999884,
1559.2999999999884,
1559.7999999999884,
1560.1999999999825,
1560.6999999999825,
1561.7999999999884,
1562.2999999999884,
1562.7999999999884,
1563.1999999999825,
1563.6999999999825,
1564.2999999999884,
1564.7999999999884,
1565.3999999999942,
1565.8999999999942,
1566.2999999999884,
1567,
1567.5,
1568.6999999999825,
1569.1999999999825,
1569.5999999999767,
1570.0999999999767,
1570.5999999999767,
1571.0999999999767,
1571.5,
1572,
1572.5,
1573.0999999999767,
1573.5,
1574,
1575.3999999999942,
1575.8999999999942,
1576.3999999999942,
1576.7999999999884,
1577.3999999999942,
1577.7999999999884,
1578.2999999999884,
1578.7999999999884,
1579.2999999999884,
1579.7999999999884,
1580.2999999999884,
1580.7999999999884,
1581.8999999999942,
1582.3999999999942,
1583.0999999999767,
1583.5999999999767,
1584.0999999999767,
1584.6999999999825,
1585.0999999999767,
1585.5999999999767,
1586.0999999999767,
1586.5999999999767,
1587.1999999999825,
1587.6999999999825,
1588.7999999999884,
1589.2999999999884,
1589.7999999999884,
1590.1999999999825,
1590.6999999999825,
1591.3999999999942,
1591.8999999999942,
1592.2999999999884,
1592.7999999999884,
1593.2999999999884,
1593.7999999999884,
1594.2999999999884,
1595.5999999999767,
1596,
1596.5,
1597,
1597.3999999999942,
1598,
1598.5,
1599,
1599.6999999999825,
1600.1999999999825,
1600.6999999999825,
1601.1999999999825,
1602.2999999999884,
1602.6999999999825,
1603.1999999999825,
1603.7999999999884,
1604.1999999999825,
1604.7999999999884,
1605.2999999999884,
1605.8999999999942,
1606.3999999999942,
1606.8999999999942,
1607.2999999999884,
1608,
1609.1999999999825,
1609.6999999999825,
1610.0999999999767,
1610.7999999999884,
1611.2999999999884,
1611.6999999999825,
1612.1999999999825,
1612.6999999999825,
1613.1999999999825,
1613.5999999999767,
1614.1999999999825,
1614.6999999999825,
1615.7999999999884,
1616.5,
1617,
1617.3999999999942,
1618,
1618.3999999999942,
1618.8999999999942,
1619.3999999999942,
1619.8999999999942,
1620.3999999999942,
1620.7999999999884,
1621.2999999999884,
1622.5,
1623,
1623.3999999999942,
1624,
1624.6999999999825,
1625.2999999999884,
1625.6999999999825,
1626.1999999999825,
1626.6999999999825,
1627.1999999999825,
1627.7999999999884,
1628.1999999999825,
1629.2999999999884,
1629.8999999999942,
1630.3999999999942,
1630.7999999999884,
1631.2999999999884,
1631.7999999999884,
1632.2999999999884,
1633.0999999999767,
1633.5999999999767,
1634,
1634.5999999999767,
1635.0999999999767,
1636.2999999999884,
1636.7999999999884,
1637.2999999999884,
1637.7999999999884,
1638.2999999999884,
1638.6999999999825,
1639.1999999999825,
1639.7999999999884,
1640.2999999999884,
1640.7999999999884,
1641.5,
1641.8999999999942,
1643.0999999999767,
1643.5,
1644.0999999999767,
1644.5999999999767,
1645.1999999999825,
1645.6999999999825,
1646.1999999999825,
1646.5999999999767,
1647.1999999999825,
1647.5999999999767,
1648.1999999999825,
1648.6999999999825,
1649.8999999999942,
1650.3999999999942,
1650.8999999999942,
1651.3999999999942,
1651.8999999999942,
1652.3999999999942,
1652.8999999999942,
1653.3999999999942,
1653.7999999999884,
1654.2999999999884,
1655,
1655.5,
1656.5999999999767,
1657.1999999999825,
1657.6999999999825,
1658.2999999999884,
1658.7999999999884,
1659.2999999999884,
1659.7999999999884,
1660.2999999999884,
1660.7999999999884,
1661.2999999999884,
1661.7999999999884,
1662.1999999999825,
1663.5,
1663.8999999999942,
1664.5,
1665.0999999999767,
1665.5999999999767,
1666,
1667,
1667.5,
1667.8999999999942,
1668.5,
1668.8999999999942,
1669.3999999999942,
1670.7999999999884,
1671.1999999999825,
1671.6999999999825,
1672.1999999999825,
1672.6999999999825,
1673.5,
1674,
1674.5,
1675.0999999999767,
1675.6999999999825,
1676.1999999999825,
1676.7999999999884,
1677.8999999999942,
1678.3999999999942,
1678.8999999999942,
1679.3999999999942,
1679.7999999999884,
1680.2999999999884,
1680.7999999999884,
1681.1999999999825,
1681.7999999999884,
1682.1999999999825,
1682.7999999999884,
1683.1999999999825,
1684.5,
1685.0999999999767,
1685.5999999999767,
1686.0999999999767,
1686.5999999999767,
1687.0999999999767,
1687.5,
1688.0999999999767,
1688.5999999999767,
1689.0999999999767,
1689.5999999999767,
1690.0999999999767,
1691.2999999999884,
1691.8999999999942,
1692.5,
1693,
1693.3999999999942,
1693.8999999999942,
1694.3999999999942,
1694.8999999999942,
1695.5,
1695.8999999999942,
1696.3999999999942,
1696.8999999999942,
1698,
1698.5,
1699,
1699.5999999999767,
1700.1999999999825,
1700.7999999999884,
1701.2999999999884,
1701.7999999999884,
1702.2999999999884,
1702.6999999999825,
1703.1999999999825,
1703.6999999999825,
1705,
1705.5,
1706.0999999999767,
1706.5,
1707,
1707.5,
1708,
1708.6999999999825,
1709.1999999999825,
1709.6999999999825,
1710.1999999999825,
1710.6999999999825,
1711.8999999999942,
1712.2999999999884,
1712.7999999999884,
1713.3999999999942,
1713.7999999999884,
1714.2999999999884,
1714.8999999999942,
1715.2999999999884,
1715.8999999999942,
1716.2999999999884,
1717,
1717.5,
1718.5999999999767,
1719.1999999999825,
1719.5999999999767,
1720.1999999999825,
1720.5999999999767,
1721.0999999999767,
1721.5999999999767,
1722.0999999999767,
1722.5,
1723.0999999999767,
1723.5,
1724,
1725.5,
1726,
1726.3999999999942,
1726.8999999999942,
1727.3999999999942,
1727.8999999999942,
1728.3999999999942,
1728.8999999999942,
1729.3999999999942,
1729.8999999999942,
1730.3999999999942,
1730.8999999999942,
1732,
1732.5999999999767,
1733,
1733.6999999999825,
1734.0999999999767,
1734.6999999999825,
1735.1999999999825,
1735.6999999999825,
1736.1999999999825,
1736.6999999999825,
1737.1999999999825,
1737.6999999999825,
1738.8999999999942,
1739.3999999999942,
1739.7999999999884,
1740.3999999999942,
1740.7999999999884,
1741.2999999999884,
1742,
1742.5,
1743,
1743.3999999999942,
1743.8999999999942,
1744.3999999999942,
1745.5999999999767,
1746.0999999999767,
1746.5999999999767,
1747.0999999999767,
1747.5999999999767,
1748,
1748.5999999999767,
1749.0999999999767,
1749.5999999999767,
1750.3999999999942,
1750.8999999999942,
1751.3999999999942,
1752.5,
1753.0999999999767,
1753.5999999999767,
1754,
1754.5,
1755.0999999999767,
1755.5,
1756,
1756.5,
1757,
1757.5,
1758,
1759.2999999999884,
1759.7999999999884,
1760.1999999999825,
1760.7999999999884,
1761.2999999999884,
1761.7999999999884,
1762.2999999999884,
1762.7999999999884,
1763.1999999999825,
1763.7999999999884,
1764.2999999999884,
1764.7999999999884,
1766,
1766.3999999999942,
1767.1999999999825,
1767.6999999999825,
1768.1999999999825,
1768.6999999999825,
1769.1999999999825,
1769.6999999999825,
1770.1999999999825,
1770.5999999999767,
1771.1999999999825,
1771.6999999999825,
1772.7999999999884,
1773.3999999999942,
1773.8999999999942,
1774.3999999999942,
1775,
1775.5999999999767,
1776.1999999999825,
1776.5999999999767,
1777.0999999999767,
1777.5999999999767,
1778.0999999999767,
1778.5999999999767,
1779.6999999999825,
1780.1999999999825,
1780.5999999999767,
1781.1999999999825,
1781.6999999999825,
1782.1999999999825,
1782.6999999999825,
1783.1999999999825,
1783.7999999999884,
1784.2999999999884,
1784.8999999999942,
1785.5,
1786.5999999999767,
1787.0999999999767,
1787.5999999999767,
1788,
1788.5,
1789.0999999999767,
1789.5,
1790,
1790.5,
1791,
1791.5,
1792.0999999999767,
1793.1999999999825,
1793.7999999999884,
1794.2999999999884,
1794.8999999999942,
1795.3999999999942,
1795.7999999999884,
1796.2999999999884,
1796.7999999999884,
1797.2999999999884,
1797.7999999999884,
1798.2999999999884,
1798.6999999999825,
1800,
1800.5,
1801.0999999999767,
1801.5,
1802,
1802.5,
1803,
1803.5,
1804,
1804.5,
1805.0999999999767,
1805.5,
1806.6999999999825,
1807.0999999999767,
1807.6999999999825,
1808.2999999999884,
1808.7999999999884,
1809.2999999999884,
1809.6999999999825,
1810.1999999999825,
1810.6999999999825,
1811.1999999999825,
1811.7999999999884,
1812.2999999999884,
1813.3999999999942,
1813.8999999999942,
1814.3999999999942,
1814.8999999999942,
1815.3999999999942,
1815.8999999999942,
1816.5999999999767,
1817.1999999999825,
1817.5999999999767,
1818.0999999999767,
1818.5999999999767,
1819.0999999999767,
1820.1999999999825,
1820.6999999999825,
1821.0999999999767,
1821.6999999999825,
1822.1999999999825,
1822.6999999999825,
1823.1999999999825,
1823.6999999999825,
1824.0999999999767,
1824.8999999999942,
1825.5,
1826,
1827.1999999999825,
1827.5999999999767,
1828.0999999999767,
1828.5999999999767,
1829,
1829.5999999999767,
1830,
1830.5,
1831,
1831.5,
1832,
1832.5,
1833.6999999999825,
1834.2999999999884,
1834.7999999999884,
1835.3999999999942,
1835.8999999999942,
1836.3999999999942,
1836.8999999999942,
1837.3999999999942,
1837.8999999999942,
1838.2999999999884,
1838.7999999999884,
1839.3999999999942,
1840.5,
1840.8999999999942,
1841.6999999999825,
1842.1999999999825,
1842.6999999999825,
1843.2999999999884,
1843.7999999999884,
1844.1999999999825,
1844.7999999999884,
1845.2999999999884,
1845.8999999999942,
1846.3999999999942,
1847.5,
1848.0999999999767,
1848.5,
1849,
1849.5999999999767,
1850.1999999999825,
1850.5999999999767,
1851.0999999999767,
1851.5999999999767,
1852.0999999999767,
1852.5999999999767,
1853.0999999999767,
1854.2999999999884,
1854.7999999999884,
1855.3999999999942,
1855.7999999999884,
1856.2999999999884,
1856.7999999999884,
1857.3999999999942,
1857.7999999999884,
1858.5,
1859,
1859.5,
1860,
1861.0999999999767,
1861.5999999999767,
1862.0999999999767,
1862.5999999999767,
1863.0999999999767,
1863.5999999999767,
1864.0999999999767,
1864.6999999999825,
1865.1999999999825,
1865.6999999999825,
1866.1999999999825,
1866.7999999999884,
1868,
1868.3999999999942,
1868.8999999999942,
1869.3999999999942,
1869.8999999999942,
1870.3999999999942,
1870.8999999999942,
1871.3999999999942,
1871.8999999999942,
1872.3999999999942,
1872.8999999999942,
1873.3999999999942,
1874.5999999999767,
1875.2999999999884,
1875.6999999999825,
1876.1999999999825,
1876.5999999999767,
1877.1999999999825,
1877.5999999999767,
1878.1999999999825,
1878.5999999999767,
1879.1999999999825,
1879.6999999999825,
1880.1999999999825,
1881.3999999999942,
1881.8999999999942,
1882.2999999999884,
1882.7999999999884,
1883.3999999999942,
1883.8999999999942,
1884.5,
1885,
1885.5,
1886,
1886.5,
1887,
1888.0999999999767,
1888.5999999999767,
1889,
1889.5,
1890,
1890.5999999999767,
1891.0999999999767,
1891.7999999999884,
1892.2999999999884,
1892.8999999999942,
1893.3999999999942,
1893.8999999999942,
1895,
1896.0999999999767,
1897,
1898.1999999999825,
1899.0999999999767,
1899.6999999999825,
1900.1999999999825,
1900.6999999999825,
1901.1999999999825,
1901.6999999999825,
1902.3999999999942,
1902.7999999999884,
1904,
1904.3999999999942,
1905.5,
1906,
1906.5,
1906.8999999999942,
1907.5,
1907.8999999999942,
1908.3999999999942,
1908.8999999999942,
1909.3999999999942,
1910,
1911.2999999999884,
1911.7999999999884,
1912.3999999999942,
1912.7999999999884,
1913.2999999999884,
1913.6999999999825,
1914.2999999999884,
1914.7999999999884,
1915.2999999999884,
1915.7999999999884,
1916.3999999999942,
1916.7999999999884,
1918,
1918.5,
1919.1999999999825,
1919.5999999999767,
1920.0999999999767,
1920.5999999999767,
1921.0999999999767,
1921.5999999999767,
1922.0999999999767,
1922.5999999999767,
1923.0999999999767,
1923.5,
1925.1999999999825,
1925.6999999999825,
1926.1999999999825,
1926.7999999999884,
1927.1999999999825,
1927.6999999999825,
1928.5,
1928.8999999999942,
1929.3999999999942,
1930,
1930.3999999999942,
1930.8999999999942,
1931.8999999999942,
1932.5,
1932.8999999999942,
1933.5,
1934,
1934.5,
1935,
1935.5,
1936,
1936.6999999999825,
1937.1999999999825,
1937.6999999999825,
1938.7999999999884,
1939.2999999999884,
1939.7999999999884,
1940.1999999999825,
1940.6999999999825,
1941.2999999999884,
1941.6999999999825,
1942.1999999999825,
1942.6999999999825,
1943.1999999999825,
1943.6999999999825,
1944.1999999999825,
1945.5999999999767,
1946,
1946.5,
1947,
1947.5,
1948,
1948.5,
1948.8999999999942,
1949.5,
1950,
1950.5,
1950.8999999999942,
1952.0999999999767,
1952.6999999999825,
1953.2999999999884,
1953.6999999999825,
1954.2999999999884,
1954.8999999999942,
1955.3999999999942,
1955.7999999999884,
1956.3999999999942,
1956.7999999999884,
1957.2999999999884,
1957.7999999999884,
1958.8999999999942,
1959.5,
1960,
1960.3999999999942,
1961.0999999999767,
1961.5999999999767,
1962,
1962.5,
1963,
1963.5,
1964,
1964.5999999999767,
1965.6999999999825,
1966.2999999999884,
1966.6999999999825,
1967.1999999999825,
1967.6999999999825,
1968.0999999999767,
1968.6999999999825,
1969.3999999999942,
1969.7999999999884,
1970.2999999999884,
1970.7999999999884,
1971.2999999999884,
1972.3999999999942,
1972.8999999999942,
1973.3999999999942,
1973.8999999999942,
1974.3999999999942,
1975,
1975.5,
1976,
1976.3999999999942,
1976.8999999999942,
1977.5999999999767,
1978.0999999999767,
1979.1999999999825,
1979.6999999999825,
1980.1999999999825,
1980.6999999999825,
1981.0999999999767,
1981.6999999999825,
1982.1999999999825,
1982.5999999999767,
1983.0999999999767,
1983.5999999999767,
1984.0999999999767,
1984.5999999999767,
1986,
1986.3999999999942,
1986.8999999999942,
1987.5,
1987.8999999999942,
1988.3999999999942,
1988.8999999999942,
1989.2999999999884,
1989.8999999999942,
1990.2999999999884,
1990.7999999999884,
1991.2999999999884,
1992.5,
1992.8999999999942,
1993.3999999999942,
1994.0999999999767,
1994.5999999999767,
1995.1999999999825,
1995.5999999999767,
1996.0999999999767,
1996.6999999999825,
1997.1999999999825,
1997.5999999999767,
1998.0999999999767,
1999.1999999999825,
1999.6999999999825,
2000.1999999999825,
2000.6999999999825,
2001.1999999999825,
2001.6999999999825,
2002.3999999999942,
2003.0999999999767,
2003.5999999999767,
2004.0999999999767,
2004.6999999999825,
2005.0999999999767,
2006.1999999999825,
2006.6999999999825,
2007.3999999999942,
2007.7999999999884,
2008.2999999999884,
2008.7999999999884,
2009.1999999999825,
2009.7999999999884,
2010.2999999999884,
2010.8999999999942,
2011.3999999999942,
2011.8999999999942,
2013,
2013.5999999999767,
2014,
2014.6999999999825,
2015.0999999999767,
2015.5999999999767,
2016.0999999999767,
2016.5999999999767,
2017.1999999999825,
2017.6999999999825,
2018.1999999999825,
2018.5999999999767,
2020,
2020.5999999999767,
2021,
2021.5999999999767,
2022.0999999999767,
2022.5999999999767,
2023,
2023.5999999999767,
2024,
2024.5999999999767,
2025.1999999999825,
2025.5999999999767,
2026.7999999999884,
2027.2999999999884,
2028.0999999999767,
2028.6999999999825,
2029.1999999999825,
2029.5999999999767,
2030.1999999999825,
2030.5999999999767,
2031.0999999999767,
2031.5999999999767,
2032.0999999999767,
2032.5,
2033.6999999999825,
2034.0999999999767,
2034.6999999999825,
2035.1999999999825,
2035.6999999999825,
2036.2999999999884,
2036.7999999999884,
2037.2999999999884,
2037.7999999999884,
2038.1999999999825,
2038.6999999999825,
2039.1999999999825,
2040.3999999999942,
2040.8999999999942,
2041.3999999999942,
2041.8999999999942,
2042.3999999999942,
2042.8999999999942,
2043.3999999999942,
2043.8999999999942,
2044.5999999999767,
2045.0999999999767,
2045.5,
2046.0999999999767,
2047.3999999999942,
2047.8999999999942,
2048.399999999994,
2048.899999999994,
2049.399999999994,
2049.7999999999884,
2050.2999999999884,
2050.7999999999884,
2051.2999999999884,
2051.7999999999884,
2052.2999999999884,
2052.899999999994,
2054.0999999999767,
2054.6999999999825,
2055.1999999999825,
2055.5999999999767,
2056.0999999999767,
2056.5999999999767,
2057.1999999999825,
2057.5999999999767,
2058.0999999999767,
2058.5999999999767,
2059.0999999999767,
2059.6999999999825,
2061,
2061.5,
2062,
2062.5,
2063,
2063.399999999994,
2063.899999999994,
2064.5999999999767,
2065.1999999999825,
2065.5999999999767,
2066.0999999999767,
2066.5999999999767,
2067.6999999999825,
2068.1999999999825,
2068.7999999999884,
2069.399999999994,
2069.899999999994,
2070.399999999994,
2070.899999999994,
2071.399999999994,
2071.7999999999884,
2072.2999999999884,
2072.7999999999884,
2073.2999999999884,
2074.5,
2075.0999999999767,
2075.5,
2076,
2076.5,
2076.899999999994,
2077.6999999999825,
2078.1999999999825,
2078.6999999999825,
2079.0999999999767,
2079.5999999999767,
2080.0999999999767,
2081.2999999999884,
2081.7999999999884,
2082.2999999999884,
2082.7999999999884,
2083.1999999999825,
2083.6999999999825,
2084.1999999999825,
2084.7999999999884,
2085.2999999999884,
2085.899999999994,
2086.5,
2087,
2088.0999999999767,
2088.6999999999825,
2089.1999999999825,
2089.6999999999825,
2090.0999999999767,
2090.5999999999767,
2091.1999999999825,
2091.5999999999767,
2092,
2092.5999999999767,
2093.0999999999767,
2093.5999999999767,
2095,
2095.5,
2096.0999999999767,
2096.5999999999767,
2097,
2097.5,
2097.899999999994,
2098.5,
2099,
2099.5,
2099.899999999994,
2100.399999999994,
2101.5999999999767,
2102.0999999999767,
2102.6999999999825,
2103.1999999999825,
2103.6999999999825,
2104.1999999999825,
2104.6999999999825,
2105.2999999999884,
2105.899999999994,
2106.2999999999884,
2106.7999999999884,
2107.2999999999884,
2108.5,
2108.899999999994,
2109.5,
2109.899999999994,
2110.2999999999884,
2111,
2111.5,
2112,
2112.5,
2113,
2114.5999999999767,
2115.5999999999767,
2117,
2117.399999999994,
2117.899999999994,
2118.399999999994,
2118.899999999994,
2119.399999999994,
2119.899999999994,
2120.399999999994,
2121.1999999999825,
2121.6999999999825,
2122.2999999999884,
2122.6999999999825,
2124,
2124.5,
2125,
2125.5999999999767,
2126,
2126.5,
2127,
2127.5999999999767,
2128.0999999999767,
2128.5999999999767,
2129.0999999999767,
2129.6999999999825,
2130.899999999994,
2131.399999999994,
2131.899999999994,
2132.399999999994,
2132.899999999994,
2133.399999999994,
2133.899999999994,
2134.399999999994,
2134.899999999994,
2135.399999999994,
2135.899999999994,
2136.399999999994,
2137.5,
2138.1999999999825,
2138.6999999999825,
2139.1999999999825,
2139.6999999999825,
2140.1999999999825,
2140.7999999999884,
2141.1999999999825,
2141.6999999999825,
2142.1999999999825,
2142.6999999999825,
2143.0999999999767,
2144.399999999994,
2144.899999999994,
2145.399999999994,
2145.899999999994,
2146.5999999999767,
2147.0999999999767,
2147.5999999999767,
2148.0999999999767,
2148.5999999999767,
2149.0999999999767,
2149.5999999999767,
2150,
2151.2999999999884,
2152.2999999999884,
2152.7999999999884,
2153.2999999999884,
2153.7999999999884,
2154.2999999999884,
2154.899999999994,
2155.5999999999767,
2156,
2156.5,
2157,
2157.5,
2158.5999999999767,
2159.1999999999825,
2159.5999999999767,
2160.0999999999767,
2160.5,
2161.0999999999767,
2161.5999999999767,
2162,
2162.5,
2163.1999999999825,
2163.5999999999767,
2164.1999999999825,
2165.399999999994,
2165.899999999994,
2166.399999999994,
2167,
2167.399999999994,
2167.899999999994,
2168.399999999994,
2168.899999999994,
2169.399999999994,
2169.899999999994,
2170.2999999999884,
2170.7999999999884,
2172.1999999999825,
2172.5999999999767,
2173.0999999999767,
2173.5999999999767,
2174.1999999999825,
2174.6999999999825,
2175.2999999999884,
2175.6999999999825,
2176.1999999999825,
2176.6999999999825,
2177.1999999999825,
2177.6999999999825,
2178.7999999999884,
2179.2999999999884,
2180.0999999999767,
2180.5999999999767,
2181.0999999999767,
2181.5999999999767,
2182.0999999999767,
2182.5999999999767,
2183,
2183.5999999999767,
2184.0999999999767,
2184.5999999999767,
2185.6999999999825,
2186.1999999999825,
2186.6999999999825,
2187.1999999999825,
2187.6999999999825,
2188.399999999994,
2188.899999999994,
2189.399999999994,
2189.899999999994,
2190.399999999994,
2190.899999999994,
2191.5,
2192.5999999999767,
2193.0999999999767,
2193.6999999999825,
2194.0999999999767,
2194.899999999994,
2195.2999999999884,
2195.7999999999884,
2196.2999999999884,
2197,
2197.5,
2198,
2198.5,
2199.5999999999767,
2200.0999999999767,
2200.6999999999825,
2201.1999999999825,
2201.5999999999767,
2202.0999999999767,
2202.6999999999825,
2203.0999999999767,
2203.5999999999767,
2204.0999999999767,
2204.5999999999767,
2205.2999999999884,
2206.5,
2207,
2207.399999999994,
2208,
2208.5,
2209,
2209.399999999994,
2210,
2210.399999999994,
2210.899999999994,
2211.399999999994,
2212,
2213,
2213.6999999999825,
2214.1999999999825,
2214.7999999999884,
2215.2999999999884,
2215.7999999999884,
2216.2999999999884,
2216.7999999999884,
2217.1999999999825,
2217.6999999999825,
2218.1999999999825,
2218.6999999999825,
2219.7999999999884,
2220.1999999999825,
2220.7999999999884,
2221.2999999999884,
2221.899999999994,
2222.399999999994,
2222.899999999994,
2223.399999999994,
2223.899999999994,
2224.5,
2224.899999999994,
2225.399999999994,
2226.5999999999767,
2227,
2227.5,
2228.0999999999767,
2228.5999999999767,
2229.0999999999767,
2229.5,
2230.1999999999825,
2230.7999999999884,
2231.2999999999884,
2231.7999999999884,
2232.1999999999825,
2233.2999999999884,
2233.7999999999884,
2234.2999999999884,
2235,
2235.5999999999767,
2236,
2236.5,
2237,
2237.5,
2237.899999999994,
2238.6999999999825,
2239.0999999999767,
2240.2999999999884,
2240.6999999999825,
2241.1999999999825,
2241.6999999999825,
2242.1999999999825,
2242.5999999999767,
2243.1999999999825,
2243.5999999999767,
2244.0999999999767,
2244.5999999999767,
2245.1999999999825,
2245.6999999999825,
2246.899999999994,
2247.399999999994,
2247.899999999994,
2248.399999999994,
2248.899999999994,
2249.399999999994,
2249.899999999994,
2250.2999999999884,
2250.899999999994,
2251.399999999994,
2251.7999999999884,
2252.399999999994,
2253.399999999994,
2254,
2254.6999999999825,
2255.1999999999825,
2255.6999999999825,
2256.1999999999825,
2256.6999999999825,
2257.1999999999825,
2257.5999999999767,
2258.0999999999767,
2258.6999999999825,
2259.1999999999825,
2260.2999999999884,
2260.7999999999884,
2261.399999999994,
2261.7999999999884,
2262.2999999999884,
2263.0999999999767,
2263.6999999999825,
2264.0999999999767,
2264.5999999999767,
2265.1999999999825,
2265.5999999999767,
2266.0999999999767,
2267.1999999999825,
2267.7999999999884,
2268.2999999999884,
2268.7999999999884,
2269.1999999999825,
2269.6999999999825,
2270.1999999999825,
2270.6999999999825,
2271.2999999999884,
2271.899999999994,
2272.399999999994,
2272.7999999999884,
2274,
2274.5999999999767,
2275.1999999999825,
2275.6999999999825,
2276.1999999999825,
2276.6999999999825,
2277.1999999999825,
2277.5999999999767,
2278.0999999999767,
2278.5999999999767,
2279.0999999999767,
2279.7999999999884,
2280.899999999994,
2281.399999999994,
2281.899999999994,
2282.399999999994,
2282.899999999994,
2283.2999999999884,
2283.899999999994,
2284.399999999994,
2284.899999999994,
2285.5,
2285.899999999994,
2286.399999999994,
2287.5,
2288.1999999999825,
2288.7999999999884,
2289.1999999999825,
2289.6999999999825,
2290.1999999999825,
2290.6999999999825,
2291.0999999999767,
2291.5999999999767,
2292.0999999999767,
2292.5999999999767,
2293.0999999999767,
2294.2999999999884,
2294.7999999999884,
2295.2999999999884,
2295.7999999999884,
2296.5,
2296.899999999994,
2297.399999999994,
2297.899999999994,
2298.399999999994,
2298.899999999994,
2299.2999999999884,
2299.7999999999884,
2300.899999999994,
2301.399999999994,
2301.899999999994,
2302.399999999994,
2302.899999999994,
2303.399999999994,
2303.899999999994,
2304.5999999999767,
2305.0999999999767,
2305.6999999999825,
2306.1999999999825,
2306.5999999999767,
2307.7999999999884,
2308.399999999994,
2308.7999999999884,
2309.399999999994,
2309.7999999999884,
2310.2999999999884,
2310.7999999999884,
2311.2999999999884,
2311.6999999999825,
2312.2999999999884,
2312.899999999994,
2313.399999999994,
2314.5999999999767,
2315.0999999999767,
2315.5999999999767,
2316.0999999999767,
2316.5,
2317,
2317.5,
2318.0999999999767,
2318.5999999999767,
2319,
2319.5,
2320,
2321.399999999994,
2321.7999999999884,
2322.399999999994,
2322.899999999994,
2323.2999999999884,
2323.7999999999884,
2324.1999999999825,
2325,
2325.399999999994,
2326,
2326.5,
2326.899999999994,
2328.0999999999767,
2328.6999999999825,
2329.0999999999767,
2329.7999999999884,
2330.2999999999884,
2330.6999999999825,
2331.2999999999884,
2331.7999999999884,
2332.2999999999884,
2333.0999999999767,
2333.5999999999767,
2334.0999999999767,
2335.399999999994,
2335.7999999999884,
2336.399999999994,
2336.7999999999884,
2337.2999999999884,
2337.7999999999884,
2338.5,
2339,
2339.5,
2340,
2340.5,
2341.0999999999767,
2342.0999999999767,
2342.5999999999767,
2343.2999999999884,
2343.6999999999825,
2344.1999999999825,
2344.7999999999884,
2345.2999999999884,
2345.7999999999884,
2346.2999999999884,
2347,
2347.399999999994,
2348,
2349.0999999999767,
2349.5999999999767,
2350,
2350.5999999999767,
2351,
2351.5999999999767,
2352,
2352.5,
2353.0999999999767,
2353.5999999999767,
2354,
2354.5,
2355.899999999994,
2356.399999999994,
2356.899999999994,
2357.399999999994,
2357.7999999999884,
2358.399999999994,
2358.7999999999884,
2359.2999999999884,
2359.7999999999884,
2360.1999999999825,
2360.7999999999884,
2361.2999999999884,
2362.2999999999884,
2363,
2364,
2365.2999999999884,
2366.0999999999767,
2367.0999999999767,
2367.5999999999767,
2368.0999999999767,
2368.5999999999767,
2369.0999999999767,
2369.6999999999825,
2370.1999999999825,
2371.2999999999884,
2371.7999999999884,
2372.2999999999884,
2372.7999999999884,
2373.5,
2373.899999999994,
2374.5,
2374.899999999994,
2375.5,
2376,
2376.5,
2377,
2378.0999999999767,
2378.5999999999767,
2379.0999999999767,
2379.5999999999767,
2380.0999999999767,
2380.5999999999767,
2381.0999999999767,
2381.7999999999884,
2382.2999999999884,
2382.7999999999884,
2383.1999999999825,
2383.5999999999767,
2384.899999999994,
2385.5,
2386,
2386.399999999994,
2386.899999999994,
2387.399999999994,
2387.899999999994,
2388.5,
2388.899999999994,
2389.399999999994,
2390.0999999999767,
2390.5999999999767,
2391.7999999999884,
2392.2999999999884,
2392.7999999999884,
2393.2999999999884,
2393.7999999999884,
2394.1999999999825,
2394.6999999999825,
2395.1999999999825,
2395.6999999999825,
2396.1999999999825,
2396.6999999999825,
2397.1999999999825,
2398.5,
2399,
2399.5,
2400,
2400.5,
2400.899999999994,
2401.2999999999884,
2401.899999999994,
2402.399999999994,
2402.7999999999884,
2403.2999999999884,
2403.7999999999884,
2405,
2405.5,
2406,
2406.6999999999825,
2407.0999999999767,
2407.5999999999767,
2408.0999999999767,
2408.5999999999767,
2409.0999999999767,
2409.5999999999767,
2410.0999999999767,
2410.5999999999767,
2411.6999999999825,
2412.1999999999825,
2412.6999999999825,
2413.1999999999825,
2413.5999999999767,
2414.1999999999825,
2414.7999999999884,
2415.2999999999884,
2415.7999999999884,
2416.2999999999884,
2416.7999999999884,
2417.2999999999884,
2418.5999999999767,
2419,
2419.5999999999767,
2420.0999999999767,
2420.5,
2421.0999999999767,
2421.5,
2422,
2422.399999999994,
2423.0999999999767,
2423.5999999999767,
2424,
2425.2999999999884,
2425.7999999999884,
2426.2999999999884,
2426.7999999999884,
2427.2999999999884,
2427.899999999994,
2428.399999999994,
2428.899999999994,
2429.2999999999884,
2429.7999999999884,
2430.2999999999884,
2430.7999999999884,
2432.0999999999767,
2432.6999999999825,
2433.0999999999767,
2433.6999999999825,
2434.0999999999767,
2434.6999999999825,
2435.1999999999825,
2435.7999999999884,
2436.1999999999825,
2436.7999999999884,
2437.2999999999884,
2437.6999999999825,
2438.899999999994,
2439.5,
2440.0999999999767,
2440.5999999999767,
2441.0999999999767,
2441.6999999999825,
2442.0999999999767,
2442.5999999999767,
2443,
2443.5999999999767,
2444.0999999999767,
2444.5999999999767,
2445.7999999999884,
2446.2999999999884,
2446.6999999999825,
2447.2999999999884,
2447.7999999999884,
2448.399999999994,
2448.899999999994,
2449.5,
2449.899999999994,
2450.399999999994,
2450.899999999994,
2451.399999999994,
2452.5,
2453,
2453.5,
2453.899999999994,
2454.5,
2455,
2455.5,
2455.899999999994,
2456.5999999999767,
2457.0999999999767,
2457.5999999999767,
2458.0999999999767,
2459.1999999999825,
2459.6999999999825,
2460.1999999999825,
2460.6999999999825,
2461.1999999999825,
2461.5999999999767,
2462.0999999999767,
2462.5999999999767,
2463.0999999999767,
2463.5999999999767,
2464.0999999999767,
2464.7999999999884,
2465.899999999994,
2466.399999999994,
2466.7999999999884,
2467.2999999999884,
2467.7999999999884,
2468.2999999999884,
2468.7999999999884,
2469.2999999999884,
2469.7999999999884,
2470.2999999999884,
2470.7999999999884,
2471.2999999999884,
2472.5999999999767,
2473,
2473.5999999999767,
2474,
2474.5999999999767,
2475.0999999999767,
2475.5999999999767,
2476.0999999999767,
2476.6999999999825,
2477.0999999999767,
2477.5999999999767,
2478.0999999999767,
2479.1999999999825,
2479.5999999999767,
2480.0999999999767,
2480.899999999994,
2481.399999999994,
2481.7999999999884,
2482.399999999994,
2482.899999999994,
2483.2999999999884,
2483.7999999999884,
2484.2999999999884,
2484.899999999994,
2486,
2486.5,
2487,
2487.5,
2488,
2488.5,
2489.0999999999767,
2489.6999999999825,
2490.0999999999767,
2490.5999999999767,
2491.0999999999767,
2491.5999999999767,
2492.7999999999884,
2493.2999999999884,
2493.7999999999884,
2494.2999999999884,
2494.899999999994,
2495.399999999994,
2495.899999999994,
2496.399999999994,
2496.899999999994,
2497.5999999999767,
2498,
2498.5999999999767,
2499.6999999999825,
2500.1999999999825,
2500.6999999999825,
2501.1999999999825,
2501.5999999999767,
2502.1999999999825,
2502.6999999999825,
2503.0999999999767,
2503.5999999999767,
2504,
2504.5999999999767,
2505.0999999999767,
2506.5,
2507.0999999999767,
2507.5999999999767,
2508,
2508.5,
2509,
2509.5,
2509.899999999994,
2510.399999999994,
2510.899999999994,
2511.5,
2512,
2513.2999999999884,
2513.7999999999884,
2514.5,
2515,
2515.5,
2516,
2516.5,
2517,
2517.5,
2518,
2518.5,
2518.899999999994,
2520.0999999999767,
2520.6999999999825,
2521.0999999999767,
2521.6999999999825,
2522.0999999999767,
2522.7999999999884,
2523.2999999999884,
2523.7999999999884,
2524.1999999999825,
2524.7999999999884,
2525.2999999999884,
2525.6999999999825
0.5,
0.5,
1.2999999999883585,
0.5,
0.5,
0.5,
0.6000000000058208,
0.5,
0.5,
0.6000000000058208,
0.5,
1.1999999999825377,
0.5,
0.6000000000058208,
0.5,
0.6000000000058208,
0.6000000000058208,
0.5,
0.40000000002328306,
0.5999999999767169,
0.6000000000058208,
0.6000000000058208,
0.5,
1.2999999999883585,
0.5,
0.5,
0.6000000000058208,
1.2999999999883585,
0.5,
0.7000000000116415,
1.7000000000116415,
0.5,
0.40000000002328306,
0.5999999999767169,
0.6000000000058208,
1.7000000000116415,
0.6000000000058208,
0.39999999999417923,
0.6999999999825377,
0.5,
0.5,
0.8000000000174623,
0.5,
0.5,
0.5,
0.6000000000058208,
0.5,
1.7000000000116415,
0.5,
0.6000000000058208,
0.5,
0.5,
0.5,
0.5,
0.5,
0.6999999999825377,
0.5,
0.5,
0.6000000000058208,
1.7000000000116415,
0.5,
0.6999999999825377,
0.39999999999417923,
0.5,
0.5,
0.6000000000058208,
0.5,
0.5,
0.7000000000116415,
0.5,
0.5,
1.6999999999825377,
0.7000000000116415,
0.6000000000058208,
0.5999999999767169,
0.5,
0.39999999999417923,
0.5,
0.5,
0.6000000000058208,
0.6000000000058208,
0.5,
0.6000000000058208,
1.6999999999825377,
0.40000000002328306,
0.5999999999767169,
0.5,
0.40000000002328306,
0.7000000000116415,
0.5,
0.6000000000058208,
0.5,
0.6000000000058208,
0.5,
0.5,
1.8999999999941792,
0.5,
0.5,
0.5,
0.5,
0.6000000000058208,
0.5,
0.6999999999825377,
0.5,
0.5,
0.6000000000058208,
0.5,
1.2000000000116415,
0.7999999999883585,
0.5,
0.6000000000058208,
0.39999999999417923,
0.6000000000058208,
0.5,
0.5,
0.40000000002328306,
0.6999999999825377,
0.5,
0.6000000000058208,
1.6000000000058208,
0.5,
0.5,
0.6999999999825377,
0.6000000000058208,
0.7999999999883585,
0.7000000000116415,
1,
1,
0.5,
0.6000000000058208,
0.6000000000058208,
1.5,
0.6999999999825377,
0.5,
0.7000000000116415,
0.5,
1.1999999999825377,
0.5,
0.5,
0.5,
0.7000000000116415,
0.39999999999417923,
0.5,
1.5,
0.5,
1.2000000000116415,
0.5999999999767169,
0.6000000000058208,
0.39999999999417923,
0.6000000000058208,
0.7000000000116415,
0.5,
0.5,
0.6000000000058208,
0.39999999999417923,
1.6999999999825377,
0.6000000000058208,
0.6000000000058208,
0.5,
0.5,
0.6000000000058208,
0.5,
0.5,
0.5,
0.6999999999825377,
0.5,
0.6000000000058208,
1.3999999999941792,
0.9000000000232831,
0.8999999999941792,
3.3999999999941792,
0.5,
0.6000000000058208,
0.6000000000058208,
0.5999999999767169,
0.5,
0.5,
0.5,
0.6000000000058208,
1.2000000000116415,
0.6000000000058208,
0.5,
0.5,
0.5,
0.5999999999767169,
0.6000000000058208,
0.39999999999417923,
0.6000000000058208,
0.5,
0.39999999999417923,
0.6000000000058208,
1.2999999999883585,
0.6000000000058208,
0.39999999999417923,
0.6000000000058208,
0.39999999999417923,
0.6000000000058208,
0.5,
0.5,
0.7000000000116415,
0.5,
0.5999999999767169,
0.40000000002328306,
1.2999999999883585,
0.6000000000058208,
0.7999999999883585,
0.5,
0.6000000000058208,
0.5,
0.39999999999417923,
0.5,
0.5,
0.7000000000116415,
0.6999999999825377,
0.5,
1.3999999999941792,
0.6000000000058208,
0.5,
0.39999999999417923,
0.5,
0.7000000000116415,
0.6000000000058208,
0.5,
0.5999999999767169,
0.5,
0.5,
0.6000000000058208,
1.2000000000116415,
0.5,
0.5,
0.5,
0.5999999999767169,
0.40000000002328306,
0.5999999999767169,
0.6000000000058208,
0.5,
0.5,
0.6000000000058208,
0.7000000000116415,
1.1999999999825377,
0.5,
0.7000000000116415,
0.5,
0.5,
0.5,
0.5,
1.3000000000174623,
0.5,
0.6000000000058208,
0.5999999999767169,
0.6000000000058208,
1.1000000000058208,
0.5,
0.6000000000058208,
0.5,
0.7999999999883585,
0.5,
0.6000000000058208,
0.39999999999417923,
0.5,
0.5,
0.5,
0.5,
1.3999999999941792,
0.5,
0.5,
0.39999999999417923,
0.6000000000058208,
0.5,
0.6999999999825377,
0.5,
0.5,
0.5,
0.6000000000058208,
0.5,
1.1000000000058208,
0.7000000000116415,
0.5999999999767169,
0.40000000002328306,
0.6999999999825377,
0.39999999999417923,
0.39999999999417923,
0.6000000000058208,
0.5,
0.6000000000058208,
0.6000000000058208,
0.5,
1.1999999999825377,
0.5,
0.6000000000058208,
0.6000000000058208,
0.5,
0.5,
0.5,
0.5,
0.5,
0.5,
0.5,
0.6000000000058208,
1.1999999999825377,
0.5,
0.5,
0.6000000000058208,
0.6000000000058208,
0.39999999999417923,
0.7000000000116415,
0.5999999999767169,
0.5,
0.5,
0.6000000000058208,
0.5,
1.3999999999941792,
0.5,
0.6000000000058208,
0.5,
0.5,
0.5,
0.6000000000058208,
0.5,
0.7000000000116415,
0.5,
0.5,
0.5999999999767169,
1.2000000000116415,
0.5,
0.6000000000058208,
0.7999999999883585,
0.5,
0.6000000000058208,
0.5,
0.5,
0.6000000000058208,
0.5,
0.39999999999417923,
0.7000000000116415,
1.3999999999941792,
0.5,
0.5,
0.5,
0.5,
0.6999999999825377,
0.40000000002328306,
0.5999999999767169,
0.40000000002328306,
0.5,
0.5,
0.5999999999767169,
1.2000000000116415,
0.5,
0.5,
0.6000000000058208,
0.5,
0.39999999999417923,
0.5,
0.6000000000058208,
0.6999999999825377,
0.5,
0.5,
0.40000000002328306,
1.1999999999825377,
0.5,
1.1000000000058208,
0.6000000000058208,
0.39999999999417923,
0.5,
0.5,
0.5,
0.5,
0.5,
0.7000000000116415,
0.6999999999825377,
1.1000000000058208,
0.5,
0.5,
0.5,
0.5,
0.6000000000058208,
0.5,
0.5,
0.39999999999417923,
0.5,
0.39999999999417923,
0.6000000000058208,
1.2999999999883585,
0.5,
0.5,
0.6000000000058208,
0.5,
0.5,
0.5,
0.5,
0.6000000000058208,
0.5,
0.5,
0.6000000000058208,
1.099999999976717,
0.5,
0.6000000000058208,
0.5,
0.5,
0.5,
0.5,
0.39999999999417923,
0.6000000000058208,
0.6000000000058208,
0.6000000000058208,
0.6000000000058208,
1,
0.5999999999767169,
0.40000000002328306,
0.5,
0.5,
0.6000000000058208,
0.5,
0.5,
0.5,
0.5,
0.5,
0.5,
1.3000000000174623,
0.5,
0.5999999999767169,
0.5,
0.5,
0.5,
0.5,
0.6000000000058208,
0.6000000000058208,
0.39999999999417923,
0.5,
0.5,
1.2000000000116415,
0.5,
0.7999999999883585,
0.5,
0.39999999999417923,
0.5,
0.5,
0.6000000000058208,
0.5,
0.5,
0.5,
0.5,
1.1000000000058208,
0.5999999999767169,
0.5,
0.5,
0.5,
0.6000000000058208,
0.5,
0.5,
0.5,
0.39999999999417923,
0.6000000000058208,
0.39999999999417923,
1.7000000000116415,
0.5,
0.5,
0.5,
0.5,
0.5,
0.5,
0.6000000000058208,
0.5,
0.5,
0.5,
0.5,
1.1000000000058208,
0.5,
0.6999999999825377,
0.5,
0.5,
0.5,
0.6000000000058208,
0.5,
0.5,
0.5,
0.6000000000058208,
0.5,
1.1000000000058208,
0.5999999999767169,
0.40000000002328306,
0.5999999999767169,
0.6000000000058208,
0.5,
0.39999999999417923,
0.6000000000058208,
0.39999999999417923,
0.5,
0.5,
0.6000000000058208,
1.3999999999941792,
0.5,
0.5,
0.6000000000058208,
0.5,
0.5,
0.5,
0.6000000000058208,
0.6000000000058208,
0.5,
0.5,
0.5,
1.1999999999825377,
0.6000000000058208,
0.6000000000058208,
0.6000000000058208,
0.6000000000058208,
0.5,
0.5,
0.5,
0.5,
0.5,
0.8999999999941792,
0.5,
1.1000000000058208,
0.5999999999767169,
0.7000000000116415,
0.6000000000058208,
0.6000000000058208,
0.5,
0.39999999999417923,
0.6000000000058208,
0.5999999999767169,
0.5,
0.5,
0.5,
1.3000000000174623,
0.5,
0.39999999999417923,
0.39999999999417923,
0.5,
0.5,
0.5,
0.6000000000058208,
0.40000000002328306,
0.5999999999767169,
0.5,
0.40000000002328306,
1.2999999999883585,
0.6000000000058208,
0.5,
0.5,
0.39999999999417923,
0.5,
0.39999999999417923,
0.5,
0.5,
1.2999999999883585,
0.6000000000058208,
0.5,
1,
0.6000000000058208,
0.5,
0.39999999999417923,
0.6000000000058208,
0.5999999999767169,
0.5,
0.5,
0.5,
0.40000000002328306,
0.5,
0.5,
1.2999999999883585,
0.39999999999417923,
0.6000000000058208,
0.5,
0.5,
0.5,
0.5,
0.7999999999883585,
0.40000000002328306,
0.5,
0.6000000000058208,
0.5,
2.2000000000116415,
0.6000000000058208,
0.6999999999825377,
0.7000000000116415,
0.5999999999767169,
0.7000000000116415,
0.7000000000116415,
0.7999999999883585,
1.3999999999941792,
0.5,
0.6000000000058208,
0.6000000000058208,
1.1999999999825377,
0.5,
0.5,
0.7000000000116415,
0.6000000000058208,
0.6999999999825377,
0.7000000000116415,
0.7999999999883585,
1.1000000000058208,
0.7000000000116415,
0.6999999999825377,
0.6000000000058208,
1.2999999999883585,
0.5,
0.39999999999417923,
0.5,
0.5,
0.39999999999417923,
0.6000000000058208,
0.39999999999417923,
0.5,
0.5,
0.5,
0.5,
1.3999999999941792,
0.5,
0.5,
0.5,
0.5,
0.39999999999417923,
0.5,
0.6000000000058208,
0.39999999999417923,
0.5,
0.5,
0.5,
1.3000000000174623,
0.5,
0.6000000000058208,
0.5999999999767169,
0.40000000002328306,
0.5,
0.5,
0.40000000002328306,
0.5,
0.5999999999767169,
0.5,
0.40000000002328306,
1.2999999999883585,
0.5,
0.39999999999417923,
0.5,
0.6000000000058208,
0.5,
0.5,
0.5,
0.5,
0.5,
0.5,
0.6000000000058208,
1.099999999976717,
0.39999999999417923,
0.5,
0.39999999999417923,
0.6000000000058208,
0.39999999999417923,
0.7000000000116415,
0.5,
0.5,
0.5,
0.39999999999417923,
0.5,
1.2000000000116415,
0.6000000000058208,
0.39999999999417923,
0.6000000000058208,
0.5,
0.5,
0.5,
0.5,
0.5,
0.6999999999825377,
0.5,
0.5,
1.1000000000058208,
0.5,
0.5,
0.5,
0.5,
0.39999999999417923,
0.6000000000058208,
0.39999999999417923,
0.6000000000058208,
0.39999999999417923,
0.5,
0.6000000000058208,
1.1999999999825377,
0.5,
0.6000000000058208,
0.5,
0.39999999999417923,
0.5,
0.5,
0.5,
0.5,
0.6000000000058208,
0.5,
0.5,
1.2999999999883585,
0.6000000000058208,
0.39999999999417923,
0.5,
0.5,
0.5,
0.5,
0.5,
0.5,
0.6000000000058208,
0.39999999999417923,
0.5,
1.2000000000116415,
0.5,
0.7000000000116415,
0.39999999999417923,
0.6000000000058208,
0.5,
0.5,
0.5,
0.5,
0.39999999999417923,
0.5,
0.5,
1.1999999999825377,
0.6000000000058208,
0.5,
0.5,
0.5,
0.7000000000116415,
0.39999999999417923,
0.5,
0.5,
0.39999999999417923,
0.5,
0.39999999999417923,
1.2000000000116415,
0.5,
0.5,
0.5999999999767169,
0.5,
0.40000000002328306,
0.5,
0.6999999999825377,
0.6000000000058208,
0.5,
0.39999999999417923,
0.5,
1.2000000000116415,
0.5,
0.5,
0.5,
0.5,
0.5,
0.5,
0.5,
0.5,
0.6999999999825377,
0.5,
0.5,
1.3000000000174623,
0.5,
0.5,
0.5,
0.5,
0.5,
0.5999999999767169,
0.6000000000058208,
0.39999999999417923,
0.5,
0.39999999999417923,
0.7000000000116415,
1.7999999999883585,
0.5,
0.5,
0.5,
0.5,
0.6000000000058208,
0.5,
0.5,
0.5,
0.5,
0.39999999999417923,
0.5,
1.2000000000116415,
0.8999999999941792,
0.39999999999417923,
0.5,
0.7000000000116415,
0.39999999999417923,
0.6000000000058208,
0.39999999999417923,
0.6000000000058208,
0.39999999999417923,
0.6000000000058208,
0.6000000000058208,
1.1999999999825377,
0.5,
0.5,
0.7000000000116415,
0.39999999999417923,
0.5,
0.5,
0.5,
0.5,
0.5,
0.5,
0.6000000000058208,
1.1000000000058208,
0.5,
0.5999999999767169,
0.7000000000116415,
0.5,
0.39999999999417923,
0.7000000000116415,
0.39999999999417923,
0.5,
0.5,
0.5,
0.5,
1.1999999999825377,
1.1000000000058208,
0.5,
0.5,
0.5,
0.5,
0.5,
0.5,
0.7000000000116415,
0.39999999999417923,
0.5,
0.39999999999417923,
1.2000000000116415,
0.5,
0.5,
0.39999999999417923,
0.6999999999825377,
0.5,
0.40000000002328306,
0.5,
0.5,
0.5,
0.5,
0.5999999999767169,
1.400000000023283,
0.39999999999417923,
0.5,
0.5,
0.39999999999417923,
0.6000000000058208,
0.5,
0.5,
0.39999999999417923,
0.5,
0.5,
0.5,
1.2999999999883585,
0.5,
0.5,
0.5,
0.39999999999417923,
0.5,
0.5,
0.5,
0.39999999999417923,
0.5,
0.5,
0.29999999998835847,
1.8000000000174623,
1.1999999999825377,
0.8999999999941792,
0.5,
0.5,
0.5,
0.5,
0.40000000002328306,
0.5,
0.5999999999767169,
0.5,
0.5,
1.1000000000058208,
0.6000000000058208,
0.5,
0.39999999999417923,
0.6000000000058208,
0.7000000000116415,
0.39999999999417923,
0.6000000000058208,
0.5,
0.5,
0.5,
0.5,
1.1999999999825377,
0.5,
0.6000000000058208,
0.5,
0.5,
0.5,
0.5,
0.6000000000058208,
0.5,
0.6000000000058208,
0.39999999999417923,
0.39999999999417923,
1.1999999999825377,
0.5,
0.5,
0.5,
0.6000000000058208,
0.7000000000116415,
0.5,
0.5,
0.6000000000058208,
0.5,
0.5999999999767169,
0.6000000000058208,
1.1000000000058208,
0.5,
0.5,
0.5,
0.39999999999417923,
0.6000000000058208,
0.5,
0.5,
0.29999999998835847,
0.6000000000058208,
0.6000000000058208,
0.5,
3.1000000000058208,
0.5,
0.5,
0.39999999999417923,
0.5,
0.5,
0.5,
0.5,
0.6000000000058208,
0.39999999999417923,
0.6000000000058208,
0.5,
1.099999999976717,
0.7000000000116415,
0.5,
0.6000000000058208,
0.5,
0.5,
0.5,
0.5,
0.5,
0.5,
0.5,
0.5,
1.1999999999825377,
0.5,
0.40000000002328306,
0.5999999999767169,
0.8000000000174623,
0.5,
0.39999999999417923,
0.6000000000058208,
0.5,
0.5,
0.6000000000058208,
0.5,
1.1999999999825377,
0.5,
0.5,
0.5,
0.5,
0.5,
1.3000000000174623,
0.5,
0.39999999999417923,
0.6000000000058208,
0.39999999999417923,
0.5,
1.1999999999825377,
0.5,
0.5,
0.5,
0.5,
0.39999999999417923,
0.5,
0.5,
0.6000000000058208,
0.6000000000058208,
0.5,
0.39999999999417923,
1.2000000000116415,
0.6000000000058208,
0.39999999999417923,
0.6000000000058208,
0.5,
0.5,
0.5,
0.5,
1.1999999999825377,
0.5,
0.5,
2.1000000000058208,
1.2000000000116415,
0.5,
0.39999999999417923,
0.5,
0.5,
0.5,
0.5,
0.39999999999417923,
0.6000000000058208,
0.5,
0.5,
0.5,
1.099999999976717,
0.7000000000116415,
0.5,
0.5,
0.5,
0.39999999999417923,
0.5,
0.5,
0.39999999999417923,
0.5,
0.39999999999417923,
0.5,
1.2000000000116415,
0.39999999999417923,
0.7000000000116415,
0.39999999999417923,
0.7000000000116415,
0.5,
0.5,
0.5,
0.5,
0.5999999999767169,
0.5,
0.5,
1.1000000000058208,
0.39999999999417923,
0.5,
0.5,
0.5,
0.39999999999417923,
0.5,
0.7000000000116415,
0.7000000000116415,
0.39999999999417923,
0.5,
0.5,
1.1999999999825377,
0.40000000002328306,
0.40000000002328306,
0.5999999999767169,
0.40000000002328306,
0.5,
0.5,
0.5,
0.5,
0.5,
0.5999999999767169,
0.6000000000058208,
1.1000000000058208,
0.6000000000058208,
0.5,
0.6000000000058208,
0.39999999999417923,
0.6000000000058208,
0.39999999999417923,
0.5,
0.5,
0.5,
0.39999999999417923,
0.5,
1.3999999999941792,
0.39999999999417923,
0.5,
0.5,
0.5,
0.5,
0.5,
0.5,
0.6000000000058208,
0.39999999999417923,
0.5,
0.6000000000058208,
1.1000000000058208,
0.5,
0.6000000000058208,
0.5,
0.5,
0.5,
0.5,
0.5,
0.5,
0.39999999999417923,
0.39999999999417923,
0.5,
1.1000000000058208,
0.6000000000058208,
0.5,
0.5,
0.5,
0.5999999999767169,
0.6000000000058208,
0.39999999999417923,
0.5,
0.5,
0.5,
0.5,
1.2000000000116415,
0.39999999999417923,
0.39999999999417923,
0.39999999999417923,
0.5,
0.5,
0.5,
0.6000000000058208,
0.7000000000116415,
0.6000000000058208,
0.39999999999417923,
0.6000000000058208,
1.1999999999825377,
0.5,
0.5,
0.39999999999417923,
0.6000000000058208,
0.39999999999417923,
0.6000000000058208,
0.39999999999417923,
0.39999999999417923,
0.5,
0.5,
0.7000000000116415,
1.2000000000116415,
0.5999999999767169,
0.5,
0.5,
0.5,
0.5,
0.5,
0.5,
0.6000000000058208,
0.39999999999417923,
0.5,
0.5,
1.1000000000058208,
0.7000000000116415,
0.5,
0.39999999999417923,
0.6000000000058208,
0.5,
0.6000000000058208,
0.5,
0.5,
0.5,
0.39999999999417923,
0.6000000000058208,
1.1999999999825377,
0.5,
0.5,
0.5,
0.7000000000116415,
0.5,
0.5,
0.5,
0.39999999999417923,
0.6000000000058208,
0.39999999999417923,
0.5,
1.2000000000116415,
0.5,
0.5,
0.5,
0.5,
0.39999999999417923,
0.5,
1.099999999976717,
0.5,
0.5,
0.5,
0.40000000002328306,
1.2999999999883585,
0.39999999999417923,
0.5,
0.5,
0.6000000000058208,
0.5,
0.5,
0.39999999999417923,
0.6000000000058208,
0.5,
0.6000000000058208,
0.5,
1.1000000000058208,
0.5,
0.5,
0.5,
0.40000000002328306,
0.5,
0.5,
0.5,
0.5,
0.5,
0.5,
0.5999999999767169,
1.400000000023283,
0.5,
0.39999999999417923,
0.5,
0.6000000000058208,
0.39999999999417923,
0.5,
0.39999999999417923,
0.5,
0.5,
0.5,
0.39999999999417923,
1.2000000000116415,
0.5,
0.5999999999767169,
0.7000000000116415,
0.5,
0.5,
0.5,
0.5,
0.5,
0.5,
0.5,
0.39999999999417923,
1.2000000000116415,
0.6000000000058208,
0.39999999999417923,
0.5,
0.5,
0.6000000000058208,
0.5999999999767169,
0.5,
0.40000000002328306,
0.5,
0.6999999999825377,
0.39999999999417923,
1.2000000000116415,
0.5,
0.5,
0.5,
0.5,
0.39999999999417923,
0.6000000000058208,
0.5,
0.7000000000116415,
0.39999999999417923,
0.5,
0.5,
1.1000000000058208,
0.5,
0.5999999999767169,
0.5,
0.5,
0.5,
0.39999999999417923,
0.5,
0.5,
0.40000000002328306,
0.5,
0.7000000000116415,
1.1000000000058208,
0.5,
0.5,
0.5,
0.5,
0.5,
0.5,
0.5,
0.6000000000058208,
0.5,
0.5,
0.5,
1.099999999976717,
0.7000000000116415,
0.5,
0.6000000000058208,
0.39999999999417923,
0.5,
0.39999999999417923,
0.5,
0.5,
0.5,
0.5,
0.5,
1.1000000000058208,
0.5,
0.5,
0.5,
0.6000000000058208,
0.5,
0.5,
0.5,
0.5,
0.5,
0.39999999999417923,
0.39999999999417923,
1.1000000000058208,
0.5,
0.5,
0.5,
0.39999999999417923,
0.6000000000058208,
0.6000000000058208,
0.5,
0.6000000000058208,
0.5,
0.6000000000058208,
0.5,
1.099999999976717,
0.6000000000058208,
0.5,
0.5,
0.5,
0.39999999999417923,
0.5,
0.6000000000058208,
0.5,
0.6000000000058208,
0.5,
0.5,
1.2999999999883585,
0.5,
0.39999999999417923,
0.5,
0.5,
0.5,
0.5,
0.5,
0.5,
0.5,
0.5,
0.5,
1.3000000000174623,
0.5,
0.5,
0.39999999999417923,
0.5,
0.5,
0.5,
0.6000000000058208,
0.5,
0.5,
0.5,
0.5,
1.099999999976717,
0.6000000000058208,
0.6000000000058208,
0.5,
0.5,
0.5,
0.5,
0.5,
0.5,
0.39999999999417923,
0.5,
0.5,
1.3000000000174623,
0.5,
0.5,
0.5,
0.5,
0.5999999999767169,
0.6000000000058208,
0.6000000000058208,
0.39999999999417923,
0.5,
0.5,
0.5,
1.1000000000058208,
0.5,
0.5,
0.39999999999417923,
0.5,
0.5,
0.6000000000058208,
0.5,
0.6000000000058208,
0.5,
0.5999999999767169,
0.40000000002328306,
1.099999999976717,
0.6000000000058208,
0.39999999999417923,
0.6000000000058208,
0.39999999999417923,
0.5,
0.5,
0.5,
0.5,
0.40000000002328306,
0.6999999999825377,
0.5,
1.3000000000174623,
0.5,
0.39999999999417923,
0.5,
0.5,
0.5,
0.5,
0.39999999999417923,
0.6000000000058208,
0.39999999999417923,
0.6000000000058208,
0.5,
1.1999999999825377,
0.6000000000058208,
0.5,
0.5,
0.39999999999417923,
0.6000000000058208,
0.39999999999417923,
0.6000000000058208,
0.39999999999417923,
0.6000000000058208,
0.39999999999417923,
0.5,
1.2000000000116415,
0.39999999999417923,
0.6000000000058208,
0.6999999999825377,
0.40000000002328306,
0.5999999999767169,
0.5,
0.5,
0.40000000002328306,
0.5,
0.5,
0.5999999999767169,
1.1000000000058208,
0.5,
0.5,
0.5,
0.39999999999417923,
0.6000000000058208,
0.7000000000116415,
0.39999999999417923,
0.39999999999417923,
0.5,
0.5,
0.5,
1.1000000000058208,
0.5999999999767169,
0.5,
0.5,
0.5,
0.6000000000058208,
0.5,
0.5,
0.5,
0.7000000000116415,
0.5,
0.39999999999417923,
1.1000000000058208,
0.5,
0.5,
0.5,
0.5,
0.39999999999417923,
0.6000000000058208,
0.39999999999417923,
0.6000000000058208,
0.5,
0.5,
0.5,
1.2999999999883585,
0.5,
0.5,
0.5,
0.5,
0.39999999999417923,
0.5,
0.5,
0.5,
0.5,
0.5,
0.5,
1.1000000000058208,
0.6000000000058208,
0.5,
0.5,
0.5,
0.6000000000058208,
0.5,
0.5,
0.39999999999417923,
0.6000000000058208,
0.39999999999417923,
0.6000000000058208,
1.099999999976717,
0.6000000000058208,
0.39999999999417923,
0.5,
0.7000000000116415,
0.5,
0.5,
0.5,
0.39999999999417923,
0.5,
0.6000000000058208,
0.5,
1.2000000000116415,
0.5,
0.5,
0.5999999999767169,
0.5,
0.5,
0.40000000002328306,
0.6000000000058208,
0.5,
0.5,
0.5,
0.5,
1.1000000000058208,
0.5,
0.6000000000058208,
0.5,
0.6000000000058208,
0.39999999999417923,
0.39999999999417923,
0.6000000000058208,
0.39999999999417923,
0.5,
0.6999999999825377,
0.5,
1.1000000000058208,
0.5,
0.5,
0.5,
0.5,
0.5,
0.5,
0.5,
0.5,
0.6000000000058208,
0.5,
0.5,
1.2999999999883585,
0.5,
0.5,
0.5,
0.6000000000058208,
0.39999999999417923,
0.5,
0.39999999999417923,
0.6000000000058208,
0.5,
0.39999999999417923,
0.6000000000058208,
1.1000000000058208,
0.39999999999417923,
0.6000000000058208,
1,
0.39999999999417923,
0.5,
0.5,
0.6000000000058208,
0.39999999999417923,
0.5,
0.5,
0.5,
1.1000000000058208,
0.7000000000116415,
0.39999999999417923,
0.5,
0.6000000000058208,
0.39999999999417923,
0.6000000000058208,
0.5999999999767169,
0.5,
0.6000000000058208,
0.5,
0.5,
1.1000000000058208,
0.5,
0.39999999999417923,
0.6000000000058208,
0.5,
0.39999999999417923,
0.5,
0.6000000000058208,
0.39999999999417923,
0.7000000000116415,
0.5,
0.5,
1.2999999999883585,
0.5,
0.39999999999417923,
0.6000000000058208,
0.5,
0.39999999999417923,
0.6000000000058208,
0.29999999998835847,
0.5,
0.5,
0.5,
0.5,
1.3999999999941792,
0.40000000002328306,
0.5,
0.5,
0.5,
0.5,
0.5,
0.5999999999767169,
0.5,
0.39999999999417923,
0.6000000000058208,
0.39999999999417923,
1.1000000000058208,
0.7000000000116415,
0.39999999999417923,
0.5,
0.5,
0.39999999999417923,
0.6000000000058208,
0.5,
0.39999999999417923,
0.5,
0.39999999999417923,
0.5,
1.2999999999883585,
0.40000000002328306,
0.40000000002328306,
0.5999999999767169,
0.6000000000058208,
0.5,
0.5,
0.39999999999417923,
0.5,
0.5,
0.39999999999417923,
0.6000000000058208,
1.1000000000058208,
0.5,
0.39999999999417923,
0.5,
0.6000000000058208,
0.5,
0.5,
0.6000000000058208,
0.5,
0.5,
0.5,
0.39999999999417923,
1.1999999999825377,
0.5,
0.40000000002328306,
0.5,
0.5999999999767169,
0.40000000002328306,
0.5,
0.5999999999767169,
0.40000000002328306,
0.5,
0.5999999999767169,
0.6000000000058208,
1.1000000000058208,
0.5,
0.5,
0.5,
0.5,
0.5,
0.5,
0.5,
0.39999999999417923,
0.5,
0.6000000000058208,
0.5,
1.1000000000058208,
0.5,
0.5,
0.5,
0.5999999999767169,
0.5,
0.40000000002328306,
0.5,
0.5,
0.5,
0.5,
0.5,
1.1000000000058208,
0.6000000000058208,
0.5,
0.5,
0.6000000000058208,
0.39999999999417923,
0.5,
0.5,
0.5,
0.39999999999417923,
0.5,
0.5,
1.2999999999883585,
0.5,
0.5,
0.5,
0.40000000002328306,
0.5,
0.5999999999767169,
0.5,
0.5,
0.5,
0.5,
0.5,
1.1000000000058208,
0.6000000000058208,
0.39999999999417923,
0.5,
0.39999999999417923,
0.5,
1.6000000000058208,
0.5,
0.6000000000058208,
0.7999999999883585,
0.7999999999883585,
0.40000000002328306,
1.599999999976717,
0.7000000000116415,
0.39999999999417923,
0.7000000000116415,
0.6999999999825377,
0.5,
0.5,
0.6000000000058208,
0.39999999999417923,
0.5,
0.5,
0.5,
1.3000000000174623,
0.5,
0.5,
0.5999999999767169,
0.40000000002328306,
0.5,
0.5,
0.39999999999417923,
0.5,
0.6000000000058208,
0.8999999999941792,
0.7999999999883585,
2.1000000000058208,
0.7000000000116415,
0.5,
0.39999999999417923,
0.5,
0.5,
0.5,
0.5,
0.5,
0.39999999999417923,
0.7000000000116415,
0.39999999999417923,
1.1000000000058208,
0.5999999999767169,
0.6000000000058208,
0.39999999999417923,
0.6000000000058208,
0.5,
0.5,
0.39999999999417923,
0.5,
0.5,
0.5,
0.5,
1.1000000000058208,
0.5,
0.5,
0.39999999999417923,
0.5,
0.5,
0.5,
0.7000000000116415,
0.5,
0.5999999999767169,
0.40000000002328306,
0.5,
1.1000000000058208,
0.5,
0.5,
0.5,
0.5,
0.5,
0.39999999999417923,
0.5,
0.5,
0.40000000002328306,
0.6999999999825377,
0.5,
1.2000000000116415,
0.5,
0.5,
0.5,
0.5,
0.39999999999417923,
0.6000000000058208,
0.5,
0.5,
0.5,
0.5,
0.39999999999417923,
1.2999999999883585,
0.5,
0.39999999999417923,
0.5,
0.5,
0.39999999999417923,
0.5,
0.6000000000058208,
0.5,
0.5,
0.39999999999417923,
0.5,
1.2000000000116415,
0.39999999999417923,
0.6000000000058208,
0.6999999999825377,
0.40000000002328306,
0.5,
0.40000000002328306,
0.5,
0.5,
0.5,
0.5,
0.5,
1.099999999976717,
0.6000000000058208,
0.7000000000116415,
0.5,
0.5,
0.5,
0.6000000000058208,
0.5,
0.5,
0.39999999999417923,
0.5,
0.5,
1,
0.6000000000058208,
0.39999999999417923,
0.6000000000058208,
0.39999999999417923,
0.5,
0.5,
0.6000000000058208,
0.5999999999767169,
0.6000000000058208,
0.39999999999417923,
0.6000000000058208,
1.1000000000058208,
0.5,
0.5,
0.5,
0.5,
0.5,
0.5,
0.5,
0.39999999999417923,
0.39999999999417923,
0.6000000000058208,
0.6000000000058208,
1.1999999999825377,
0.5,
0.5,
0.5,
0.39999999999417923,
0.5,
0.39999999999417923,
0.6000000000058208,
0.39999999999417923,
0.39999999999417923,
0.5,
0.5,
1.1000000000058208,
0.7000000000116415,
0.5,
0.5,
0.5,
0.6999999999825377,
0.40000000002328306,
0.5999999999767169,
0.5,
0.5,
0.5,
0.5,
1.2000000000116415,
0.5,
0.39999999999417923,
0.5,
0.6000000000058208,
0.5,
0.5,
0.5,
0.39999999999417923,
0.5,
0.5,
0.39999999999417923,
1.2000000000116415,
0.5,
0.5,
0.5999999999767169,
0.5,
0.5,
0.40000000002328306,
0.7000000000116415,
0.39999999999417923,
0.39999999999417923,
0.39999999999417923,
0.5,
1.1000000000058208,
0.5,
0.39999999999417923,
0.39999999999417923,
0.5,
0.6000000000058208,
0.5,
0.6000000000058208,
0.5,
0.39999999999417923,
0.7000000000116415,
0.5,
1.1999999999825377,
0.5,
0.39999999999417923,
0.5,
0.5,
0.5,
0.40000000002328306,
0.5,
0.5,
0.5,
0.40000000002328306,
0.39999999999417923,
1.3999999999941792,
0.5,
0.5,
0.39999999999417923,
0.6000000000058208,
0.39999999999417923,
0.5,
0.5,
0.5,
0.5,
0.5,
0.5,
1.1000000000058208,
0.5,
0.6999999999825377,
0.5,
0.5,
0.6000000000058208,
0.39999999999417923,
0.5,
0.5,
0.5,
0.6000000000058208,
0.5,
1.1000000000058208,
0.5,
0.5,
0.39999999999417923,
0.5,
0.7000000000116415,
0.5,
0.39999999999417923,
0.5,
0.5,
0.5,
0.5,
1.2999999999883585,
0.40000000002328306,
0.5,
0.5,
0.39999999999417923,
0.6000000000058208,
0.5,
0.5,
0.6999999999825377,
0.5,
0.5,
0.5,
1.1000000000058208,
0.39999999999417923,
0.5,
0.6000000000058208,
0.39999999999417923,
0.6000000000058208,
0.5,
0.5,
0.5,
0.5,
0.39999999999417923,
0.7000000000116415,
1.099999999976717,
0.5,
0.39999999999417923,
0.7000000000116415,
0.39999999999417923,
0.39999999999417923,
0.5,
0.5,
0.5,
0.39999999999417923,
0.6000000000058208,
0.5,
1.1000000000058208,
0.7000000000116415,
0.5,
0.39999999999417923,
0.6000000000058208,
0.39999999999417923,
0.5,
0.5,
0.5,
0.5,
0.39999999999417923,
0.5,
1.2000000000116415,
0.5,
0.39999999999417923,
0.6000000000058208,
0.6999999999825377,
0.6000000000058208,
0.39999999999417923,
0.5,
0.5,
0.5,
0.6000000000058208,
0.39999999999417923,
1.1000000000058208,
0.5,
0.39999999999417923,
0.39999999999417923,
0.5,
0.5,
0.5,
0.7999999999883585,
0.5,
0.40000000002328306,
0.5999999999767169,
0.5,
1.2000000000116415,
0.5,
0.5,
0.5,
0.5,
0.39999999999417923,
0.5,
0.5,
0.5,
0.5,
0.6000000000058208,
0.39999999999417923,
1.1999999999825377,
0.40000000002328306,
0.5999999999767169,
0.5,
0.6000000000058208,
0.5,
0.39999999999417923,
0.39999999999417923,
0.6000000000058208,
0.39999999999417923,
0.6000000000058208,
0.5,
1.2000000000116415,
0.5,
0.5,
0.5,
0.5,
0.5,
0.5,
0.5,
0.39999999999417923,
0.5,
0.7000000000116415,
0.5,
1.099999999976717,
0.6000000000058208,
0.39999999999417923,
0.6000000000058208,
0.5,
0.5,
0.5,
0.5,
0.5,
0.5,
0.5,
0.39999999999417923,
1.3000000000174623,
0.39999999999417923,
0.6000000000058208,
0.5999999999767169,
0.5,
0.40000000002328306,
1,
0.5,
0.39999999999417923,
0.6000000000058208,
0.39999999999417923,
0.5,
1.2999999999883585,
0.39999999999417923,
0.5,
0.5,
0.5,
0.8000000000174623,
0.5,
0.5,
0.5999999999767169,
0.6000000000058208,
0.5,
0.6000000000058208,
1.1000000000058208,
0.5,
0.5,
0.39999999999417923,
0.39999999999417923,
0.5,
0.39999999999417923,
0.39999999999417923,
0.6000000000058208,
0.39999999999417923,
0.6000000000058208,
0.39999999999417923,
1.3000000000174623,
0.5999999999767169,
0.5,
0.5,
0.5,
0.5,
0.40000000002328306,
0.5999999999767169,
0.5,
0.5,
0.5,
0.5,
1.2000000000116415,
0.6000000000058208,
0.6000000000058208,
0.39999999999417923,
0.39999999999417923,
0.5,
0.5,
0.5,
0.5,
0.39999999999417923,
0.5,
0.5,
1.1000000000058208,
0.5,
0.5,
0.5999999999767169,
0.6000000000058208,
0.6000000000058208,
0.5,
0.5,
0.5,
0.39999999999417923,
0.5,
0.5,
1.3000000000174623,
0.5,
0.5,
0.40000000002328306,
0.5,
0.5,
0.5,
0.6999999999825377,
0.5,
0.5,
0.5,
0.5,
1.2000000000116415,
0.39999999999417923,
0.5,
0.6000000000058208,
0.39999999999417923,
0.5,
0.6000000000058208,
0.39999999999417923,
0.6000000000058208,
0.39999999999417923,
0.7000000000116415,
0.5,
1.099999999976717,
0.6000000000058208,
0.39999999999417923,
0.6000000000058208,
0.39999999999417923,
0.5,
0.5,
0.5,
0.40000000002328306,
0.5,
0.40000000002328306,
0.5,
1.5,
0.5,
0.39999999999417923,
0.5,
0.5,
0.5,
0.5,
0.5,
0.5,
0.5,
0.5,
0.5,
1.1000000000058208,
0.5999999999767169,
0.40000000002328306,
0.6999999999825377,
0.39999999999417923,
0.6000000000058208,
0.5,
0.5,
0.5,
0.5,
0.5,
0.5,
1.2000000000116415,
0.5,
0.39999999999417923,
0.6000000000058208,
0.39999999999417923,
0.5,
0.7000000000116415,
0.5,
0.5,
0.39999999999417923,
0.5,
0.5,
1.1999999999825377,
0.5,
0.40000000002328306,
0.5,
0.5,
0.40000000002328306,
0.5999999999767169,
0.5,
0.5,
0.8000000000174623,
0.5,
0.5,
1.1000000000058208,
0.5999999999767169,
0.5,
0.40000000002328306,
0.5,
0.5999999999767169,
0.40000000002328306,
0.5,
0.5,
0.5,
0.5,
0.5,
1.2999999999883585,
0.5,
0.39999999999417923,
0.6000000000058208,
0.5,
0.5,
0.5,
0.5,
0.39999999999417923,
0.6000000000058208,
0.5,
0.5,
1.2000000000116415,
0.39999999999417923,
0.7999999999883585,
0.5,
0.5,
0.5,
0.5,
0.5,
0.5,
0.39999999999417923,
0.6000000000058208,
0.5,
1.1000000000058208,
0.6000000000058208,
0.5,
0.5,
0.6000000000058208,
0.5999999999767169,
0.5,
0.39999999999417923,
0.5,
0.5,
0.5,
0.5,
1.1000000000058208,
0.5,
0.39999999999417923,
0.5,
0.5,
0.5,
0.5,
0.5,
0.6000000000058208,
0.5,
0.6000000000058208,
0.5,
1.099999999976717,
0.5,
0.5,
0.40000000002328306,
0.5,
0.5999999999767169,
0.40000000002328306,
0.5,
0.5,
0.5,
0.5,
0.5999999999767169,
1.1000000000058208,
0.6000000000058208,
0.5,
0.6000000000058208,
0.39999999999417923,
0.39999999999417923,
0.5,
0.5,
0.5,
0.5,
0.5,
0.39999999999417923,
1.3000000000174623,
0.5,
0.5999999999767169,
0.40000000002328306,
0.5,
0.5,
0.5,
0.5,
0.5,
0.5,
0.5999999999767169,
0.40000000002328306,
1.1999999999825377,
0.39999999999417923,
0.6000000000058208,
0.6000000000058208,
0.5,
0.5,
0.39999999999417923,
0.5,
0.5,
0.5,
0.6000000000058208,
0.5,
1.1000000000058208,
0.5,
0.5,
0.5,
0.5,
0.5,
0.6999999999825377,
0.6000000000058208,
0.39999999999417923,
0.5,
0.5,
0.5,
1.1000000000058208,
0.5,
0.39999999999417923,
0.6000000000058208,
0.5,
0.5,
0.5,
0.5,
0.39999999999417923,
0.8000000000174623,
0.6000000000058208,
0.5,
1.099999999976717,
0.39999999999417923,
0.5,
0.5,
0.40000000002328306,
0.5,
0.40000000002328306,
0.5,
0.5,
0.5,
0.5,
0.39999999999417923,
1.1999999999825377,
0.6000000000058208,
0.5,
0.6000000000058208,
0.39999999999417923,
0.5,
0.5,
0.5,
0.5,
0.39999999999417923,
0.5,
0.6000000000058208,
1.1000000000058208,
0.39999999999417923,
0.7999999999883585,
0.5,
0.5,
0.6000000000058208,
0.5,
0.39999999999417923,
0.6000000000058208,
0.5,
0.6000000000058208,
0.5,
1.1000000000058208,
0.5,
0.40000000002328306,
0.5,
0.5,
0.6000000000058208,
0.39999999999417923,
0.5,
0.5,
0.5,
0.5,
0.5,
1.2000000000116415,
0.5,
0.6000000000058208,
0.39999999999417923,
0.5,
0.5,
0.6000000000058208,
0.39999999999417923,
0.7000000000116415,
0.5,
0.5,
0.5,
1.099999999976717,
0.5,
0.5,
0.5,
0.5,
0.5,
0.5,
0.6000000000058208,
0.5,
0.5,
0.5,
0.6000000000058208,
1.2000000000116415,
0.39999999999417923,
0.5,
0.5,
0.5,
0.5,
0.5,
0.5,
0.5,
0.5,
0.5,
0.5,
1.1999999999825377,
0.7000000000116415,
0.39999999999417923,
0.5,
0.39999999999417923,
0.5,
0.39999999999417923,
0.6000000000058208,
0.39999999999417923,
0.6000000000058208,
0.5,
0.5,
1.2000000000116415,
0.39999999999417923,
0.39999999999417923,
0.5,
0.6000000000058208,
0.5,
0.6000000000058208,
0.5,
0.5,
0.5,
0.5,
0.5,
1.099999999976717,
0.5,
0.40000000002328306,
0.5,
0.5,
0.5999999999767169,
0.5,
0.7000000000116415,
0.5,
0.6000000000058208,
0.39999999999417923,
0.5,
1.1000000000058208,
1.099999999976717,
0.9000000000232831,
1.1999999999825377,
0.8999999999941792,
0.5,
0.5,
0.5,
0.5,
0.5,
0.6000000000058208,
0.39999999999417923,
1.2000000000116415,
0.39999999999417923,
1.1000000000058208,
0.5,
0.5,
0.39999999999417923,
0.6000000000058208,
0.39999999999417923,
0.5,
0.5,
0.5,
0.6000000000058208,
1.2999999999883585,
0.5,
0.6000000000058208,
0.39999999999417923,
0.5,
0.39999999999417923,
0.6000000000058208,
0.5,
0.5,
0.5,
0.5,
0.39999999999417923,
1.2000000000116415,
0.5,
0.5999999999767169,
0.39999999999417923,
0.5,
0.5,
0.5,
0.5,
0.5,
0.5,
0.5,
0.40000000002328306,
1.6999999999825377,
0.5,
0.5,
0.6000000000058208,
0.39999999999417923,
0.5,
0.7000000000116415,
0.39999999999417923,
0.5,
0.5,
0.39999999999417923,
0.5,
1,
0.6000000000058208,
0.39999999999417923,
0.6000000000058208,
0.5,
0.5,
0.5,
0.5,
0.5,
0.6999999999825377,
0.5,
0.5,
1.1000000000058208,
0.39999999999417923,
0.5,
0.39999999999417923,
0.5,
0.5,
0.39999999999417923,
0.5,
0.5,
0.5,
0.5,
0.5,
1.3999999999941792,
0.40000000002328306,
0.5,
0.5,
0.5,
0.5,
0.5,
0.39999999999417923,
0.6000000000058208,
0.5,
0.5,
0.39999999999417923,
1.1999999999825377,
0.6000000000058208,
0.6000000000058208,
0.39999999999417923,
0.5,
0.5,
0.5,
0.39999999999417923,
0.6000000000058208,
0.39999999999417923,
0.5,
0.5,
1.1000000000058208,
0.6000000000058208,
0.5,
0.39999999999417923,
0.6999999999825377,
0.5,
0.40000000002328306,
0.5,
0.5,
0.5,
0.5,
0.5,
1.1000000000058208,
0.6000000000058208,
0.39999999999417923,
0.5,
0.5,
0.39999999999417923,
0.6000000000058208,
0.7000000000116415,
0.39999999999417923,
0.5,
0.5,
0.5,
1.1000000000058208,
0.5,
0.5,
0.5,
0.5,
0.6000000000058208,
0.5,
0.5,
0.39999999999417923,
0.5,
0.6999999999825377,
0.5,
1.1000000000058208,
0.5,
0.5,
0.5,
0.39999999999417923,
0.6000000000058208,
0.5,
0.39999999999417923,
0.5,
0.40000000002328306,
0.5,
0.5,
1.400000000023283,
0.39999999999417923,
0.5,
0.5,
0.39999999999417923,
0.5,
0.5,
0.39999999999417923,
0.6000000000058208,
0.39999999999417923,
0.5,
0.5,
1.1000000000058208,
0.39999999999417923,
0.5,
0.6999999999825377,
0.5,
0.6000000000058208,
0.39999999999417923,
0.5,
0.6000000000058208,
0.5,
0.39999999999417923,
0.5,
1.1000000000058208,
0.5,
0.5,
0.5,
0.5,
0.5,
0.7000000000116415,
0.6999999999825377,
0.5,
0.5,
0.6000000000058208,
0.39999999999417923,
1.1000000000058208,
0.5,
0.6000000000058208,
0.39999999999417923,
0.5,
0.5,
0.39999999999417923,
0.6000000000058208,
0.5,
0.6000000000058208,
0.5,
0.5,
1.1000000000058208,
0.5999999999767169,
0.40000000002328306,
0.5999999999767169,
0.39999999999417923,
0.5,
0.5,
0.5,
0.6000000000058208,
0.5,
0.5,
0.39999999999417923,
1.400000000023283,
0.5999999999767169,
0.40000000002328306,
0.5999999999767169,
0.5,
0.40000000002328306,
0.40000000002328306,
0.5999999999767169,
0.40000000002328306,
0.5,
0.6000000000058208,
0.39999999999417923,
1.2000000000116415,
0.5,
0.7999999999883585,
0.6000000000058208,
0.5,
0.39999999999417923,
0.6000000000058208,
0.39999999999417923,
0.5,
0.5,
0.5,
0.40000000002328306,
1.1999999999825377,
0.39999999999417923,
0.6000000000058208,
0.5,
0.5,
0.6000000000058208,
0.5,
0.5,
0.5,
0.39999999999417923,
0.5,
0.5,
1.2000000000116415,
0.5,
0.5,
0.5,
0.5,
0.5,
0.5,
0.5,
0.6999999999825377,
0.5,
0.40000000002328306,
0.5999999999767169,
1.3000000000174623,
0.5,
0.5,
0.5,
0.5,
0.39999999999417923,
0.5,
0.5,
0.5,
0.5,
0.5,
0.6000000000058208,
1.1999999999825377,
0.6000000000058208,
0.5,
0.39999999999417923,
0.5,
0.5,
0.6000000000058208,
0.39999999999417923,
0.5,
0.5,
0.5,
0.6000000000058208,
1.3000000000174623,
0.5,
0.5,
0.5,
0.5,
0.39999999999417923,
0.5,
0.6999999999825377,
0.6000000000058208,
0.39999999999417923,
0.5,
0.5,
1.1000000000058208,
0.5,
0.6000000000058208,
0.6000000000058208,
0.5,
0.5,
0.5,
0.39999999999417923,
0.39999999999417923,
0.5,
0.5,
0.5,
1.2000000000116415,
0.5,
0.40000000002328306,
0.5,
0.5,
0.39999999999417923,
0.7999999999883585,
0.5,
0.5,
0.39999999999417923,
0.5,
0.5,
1.2000000000116415,
0.5,
0.5,
0.5,
0.39999999999417923,
0.5,
0.5,
0.6000000000058208,
0.5,
0.6000000000058208,
0.6000000000058208,
0.5,
1.099999999976717,
0.6000000000058208,
0.5,
0.5,
0.39999999999417923,
0.5,
0.5,
0.39999999999417923,
0.40000000002328306,
0.5999999999767169,
0.40000000002328306,
0.5,
1.400000000023283,
0.5,
0.5999999999767169,
0.5,
0.40000000002328306,
0.5,
0.39999999999417923,
0.6000000000058208,
0.5,
0.5,
0.39999999999417923,
0.5,
1.1999999999825377,
0.40000000002328306,
0.6000000000058208,
0.5,
0.5,
0.5,
0.5,
0.6000000000058208,
0.5,
0.39999999999417923,
0.5,
0.5,
1.1000000000058208,
0.39999999999417923,
0.6000000000058208,
0.39999999999417923,
0.39999999999417923,
0.7000000000116415,
0.5,
0.5,
0.5,
0.5,
1.5,
1,
1.400000000023283,
0.39999999999417923,
0.5,
0.5,
0.5,
0.5,
0.5,
0.5,
0.7999999999883585,
0.5,
0.6000000000058208,
0.39999999999417923,
1.3000000000174623,
0.5,
0.5,
0.5999999999767169,
0.40000000002328306,
0.5,
0.5,
0.5999999999767169,
0.5,
0.5,
0.5,
0.6000000000058208,
1.2000000000116415,
0.5,
0.5,
0.5,
0.5,
0.5,
0.5,
0.39999999999417923,
0.5,
0.5,
0.5,
0.5,
1.1000000000058208,
0.6999999999825377,
0.5,
0.5,
0.5,
0.5,
0.6000000000058208,
0.39999999999417923,
0.5,
0.5,
0.5,
0.39999999999417923,
1.3000000000174623,
0.5,
0.5,
0.5,
0.6000000000058208,
0.40000000002328306,
0.5,
0.40000000002328306,
0.5,
0.5,
0.40000000002328306,
0.40000000002328306,
1.2999999999883585,
1,
0.5,
0.5,
0.5,
0.5,
0.6000000000058208,
0.6999999999825377,
0.40000000002328306,
0.5,
0.5,
0.5,
1.099999999976717,
0.6000000000058208,
0.39999999999417923,
0.5,
0.40000000002328306,
0.5999999999767169,
0.40000000002328306,
0.40000000002328306,
0.5,
0.6999999999825377,
0.39999999999417923,
0.6000000000058208,
1.2000000000116415,
0.5,
0.5,
0.5,
0.39999999999417923,
0.5,
0.5,
0.5,
0.39999999999417923,
0.39999999999417923,
0.39999999999417923,
0.5,
1.3999999999941792,
0.39999999999417923,
0.5,
0.5,
0.6000000000058208,
0.5,
0.6000000000058208,
0.39999999999417923,
0.5,
0.5,
0.5,
0.5,
1.1000000000058208,
0.39999999999417923,
0.7999999999883585,
0.5,
0.5,
0.5,
0.5,
0.5,
0.40000000002328306,
0.5999999999767169,
0.5,
0.5,
1.1000000000058208,
0.5,
0.5,
0.5,
0.5,
0.7000000000116415,
0.5,
0.5,
0.5,
0.5,
0.5,
0.6000000000058208,
1.099999999976717,
0.5,
0.6000000000058208,
0.39999999999417923,
0.8000000000174623,
0.39999999999417923,
0.5,
0.5,
0.7000000000116415,
0.39999999999417923,
0.5,
0.5,
1.099999999976717,
0.5,
0.6000000000058208,
0.5,
0.39999999999417923,
0.5,
0.6000000000058208,
0.39999999999417923,
0.5,
0.5,
0.5,
0.7000000000116415,
1.2000000000116415,
0.5,
0.39999999999417923,
0.5,
0.5,
0.39999999999417923,
0.39999999999417923,
0.6000000000058208,
0.39999999999417923,
0.5,
0.5,
0.6000000000058208,
1,
0.6999999999825377,
0.5,
0.6000000000058208,
0.5,
0.5,
0.5,
0.5,
0.39999999999417923,
0.5,
0.5,
0.5,
1.1000000000058208,
0.39999999999417923,
0.6000000000058208,
0.5,
0.6000000000058208,
0.5,
0.5,
0.5,
0.5,
0.5,
0.39999999999417923,
0.5,
1.1999999999825377,
0.40000000002328306,
0.5,
0.5999999999767169,
0.5,
0.5,
0.40000000002328306,
0.6999999999825377,
0.5,
0.5,
0.5,
0.39999999999417923,
1.1000000000058208,
0.5,
0.5,
0.7000000000116415,
0.5,
0.40000000002328306,
0.5,
0.5,
0.5,
0.39999999999417923,
0.7999999999883585,
0.39999999999417923,
1.2000000000116415,
0.39999999999417923,
0.5,
0.5,
0.5,
0.39999999999417923,
0.6000000000058208,
0.39999999999417923,
0.5,
0.5,
0.6000000000058208,
0.5,
1.2000000000116415,
0.5,
0.5,
0.5,
0.5,
0.5,
0.5,
0.39999999999417923,
0.6000000000058208,
0.5,
0.39999999999417923,
0.6000000000058208,
1,
0.6000000000058208,
0.6999999999825377,
0.5,
0.5,
0.5,
0.5,
0.5,
0.39999999999417923,
0.5,
0.6000000000058208,
0.5,
1.1000000000058208,
0.5,
0.6000000000058208,
0.39999999999417923,
0.5,
0.7999999999883585,
0.6000000000058208,
0.39999999999417923,
0.5,
0.6000000000058208,
0.39999999999417923,
0.5,
1.1000000000058208,
0.6000000000058208,
0.5,
0.5,
0.39999999999417923,
0.5,
0.5,
0.5,
0.6000000000058208,
0.6000000000058208,
0.5,
0.39999999999417923,
1.2000000000116415,
0.5999999999767169,
0.6000000000058208,
0.5,
0.5,
0.5,
0.5,
0.39999999999417923,
0.5,
0.5,
0.5,
0.7000000000116415,
1.1000000000058208,
0.5,
0.5,
0.5,
0.39999999999417923,
0.39999999999417923,
0.6000000000058208,
0.5,
0.5,
0.6000000000058208,
0.39999999999417923,
0.5,
1.1000000000058208,
0.6999999999825377,
0.5,
0.39999999999417923,
0.5,
0.5,
0.5,
0.39999999999417923,
0.5,
0.5,
0.5,
0.5,
1.2000000000116415,
0.5,
0.5,
0.5,
0.7000000000116415,
0.39999999999417923,
0.5,
0.5,
0.5,
0.5,
0.39999999999417923,
0.5,
1.1000000000058208,
0.5,
0.5,
0.5,
0.5,
0.5,
0.5,
0.6999999999825377,
0.5,
0.5,
0.5,
0.39999999999417923,
1.2000000000116415,
0.5,
0.39999999999417923,
0.6000000000058208,
0.39999999999417923,
0.5,
0.5,
0.5,
0.39999999999417923,
0.5,
0.6000000000058208,
0.5,
1.1000000000058208,
0.5,
0.5,
0.5,
0.40000000002328306,
0.5,
0.5,
0.5999999999767169,
0.40000000002328306,
0.40000000002328306,
0.5,
0.5,
1.3999999999941792,
0.39999999999417923,
0.6000000000058208,
0.5,
0.39999999999417923,
0.5,
0.39999999999417923,
0.8000000000174623,
0.39999999999417923,
0.6000000000058208,
0.5,
0.39999999999417923,
1.1999999999825377,
0.6000000000058208,
0.39999999999417923,
0.6000000000058208,
0.5,
0.39999999999417923,
0.6000000000058208,
0.5,
0.5,
0.7999999999883585,
0.5,
0.5,
1.2000000000116415,
0.39999999999417923,
0.6000000000058208,
0.39999999999417923,
0.5,
0.5,
0.7000000000116415,
0.5,
0.5,
0.5,
0.5,
0.5999999999767169,
1,
0.5,
0.6000000000058208,
0.39999999999417923,
0.5,
0.6000000000058208,
0.5,
0.5,
0.5,
0.7000000000116415,
0.39999999999417923,
0.6000000000058208,
1.099999999976717,
0.5,
0.40000000002328306,
0.5999999999767169,
0.40000000002328306,
0.5999999999767169,
0.40000000002328306,
0.5,
0.5999999999767169,
0.40000000002328306,
0.40000000002328306,
0.5,
1.3999999999941792,
0.5,
0.5,
0.5,
0.39999999999417923,
0.6000000000058208,
0.39999999999417923,
0.5,
0.5,
0.39999999999417923,
0.6000000000058208,
0.5,
1,
0.7000000000116415,
1,
1.2999999999883585,
0.7999999999883585,
1,
0.5,
0.5,
0.5,
0.5,
0.6000000000058208,
0.5,
1.1000000000058208,
0.5,
0.5,
0.5,
0.6000000000058208,
0.39999999999417923,
0.6000000000058208,
0.39999999999417923,
0.6000000000058208,
0.5,
0.39999999999417923,
0.5,
1.099999999976717,
0.5,
0.5,
0.5,
0.5,
0.5,
0.5,
0.6000000000058208,
0.39999999999417923,
0.5,
0.39999999999417923,
0.39999999999417923,
1.3000000000174623,
0.6000000000058208,
0.5,
0.39999999999417923,
0.5,
0.5,
0.5,
0.6000000000058208,
0.39999999999417923,
0.5,
0.6999999999825377,
0.5,
1.2000000000116415,
0.5,
0.5,
0.5,
0.5,
0.39999999999417923,
0.5,
0.5,
0.5,
0.5,
0.5,
0.5,
1.2000000000116415,
0.5,
0.5,
0.5,
0.5,
0.39999999999417923,
0.39999999999417923,
0.6000000000058208,
0.5,
0.39999999999417923,
0.5,
0.5,
1.2000000000116415,
0.5,
0.5,
0.6999999999825377,
0.39999999999417923,
0.5,
0.5,
0.5,
0.5,
0.5,
0.5,
0.5,
1.1000000000058208,
0.5,
0.5,
0.5,
0.39999999999417923,
0.6000000000058208,
0.6000000000058208,
0.5,
0.5,
0.5,
0.5,
0.5,
1.2000000000116415,
0.40000000002328306,
0.5,
0.5,
0.40000000002328306,
0.5999999999767169,
0.40000000002328306,
0.5,
0.39999999999417923,
0.6999999999825377,
0.5,
0.40000000002328306,
1.2999999999883585,
0.5,
0.5,
0.5,
0.5,
0.6000000000058208,
0.5,
0.5,
0.39999999999417923,
0.5,
0.5,
0.5,
1.2999999999883585,
0.5,
0.39999999999417923,
0.6000000000058208,
0.39999999999417923,
0.6000000000058208,
0.5,
0.5,
0.39999999999417923,
0.6000000000058208,
0.5,
0.39999999999417923,
1.1000000000058208,
0.6000000000058208,
0.5999999999767169,
0.5,
0.5,
0.5,
0.39999999999417923,
0.5,
0.40000000002328306,
0.5999999999767169,
0.5,
0.5,
1.2000000000116415,
0.39999999999417923,
0.39999999999417923,
0.6000000000058208,
0.5,
0.6000000000058208,
0.5,
0.6000000000058208,
0.39999999999417923,
0.5,
0.5,
0.5,
1.1000000000058208,
0.5,
0.5,
0.39999999999417923,
0.6000000000058208,
0.5,
0.5,
0.39999999999417923,
0.6999999999825377,
0.5,
0.5,
0.5,
1.1000000000058208,
0.5,
0.5,
0.5,
0.5,
0.39999999999417923,
0.5,
0.5,
0.5,
0.5,
0.5,
0.7000000000116415,
1.1000000000058208,
0.5,
0.39999999999417923,
0.5,
0.5,
0.5,
0.5,
0.5,
0.5,
0.5,
0.5,
0.39999999999417923,
1.2999999999883585,
0.40000000002328306,
0.5999999999767169,
0.40000000002328306,
0.5999999999767169,
0.5,
0.5,
0.5,
0.5,
0.39999999999417923,
0.5,
0.40000000002328306,
1.1000000000058208,
0.39999999999417923,
0.5,
0.7000000000116415,
0.5,
0.39999999999417923,
0.6000000000058208,
0.5,
0.39999999999417923,
0.5,
0.5,
0.6000000000058208,
1.1000000000058208,
0.5,
0.5,
0.5,
0.5,
0.5,
0.5999999999767169,
0.6000000000058208,
0.39999999999417923,
0.5,
0.5,
0.5,
1.2000000000116415,
0.5,
0.5,
0.5,
0.6000000000058208,
0.5,
0.5,
0.5,
0.5,
0.6999999999825377,
0.40000000002328306,
0.5999999999767169,
1.1000000000058208,
0.5,
0.5,
0.5,
0.39999999999417923,
0.6000000000058208,
0.5,
0.39999999999417923,
0.5,
0.40000000002328306,
0.5999999999767169,
0.5,
1.400000000023283,
0.5999999999767169,
0.5,
0.40000000002328306,
0.5,
0.5,
0.5,
0.39999999999417923,
0.5,
0.5,
0.6000000000058208,
0.5,
1.2999999999883585,
0.5,
0.7000000000116415,
0.5,
0.5,
0.39999999999417923,
0.5,
0.5,
0.5,
0.5,
0.5,
0.39999999999417923,
1.1000000000058208,
0.6000000000058208,
0.39999999999417923,
0.6000000000058208,
0.39999999999417923,
0.7000000000116415,
0.5,
0.5,
0.39999999999417923,
0.6000000000058208,
0.5,
0.39999999999417923,
1.2000000000116415
==> sequence 1 C1 74caf837c7882a86e3bd7c74f083029453953c1a -> docs/ew/receipts/campaign-r6-20260914T1309Z/campaign-r6-20260914T1309Z-seq1-C1.json
474.29999999998836,
474.8999999999651,
475.3999999999651,
476.20000000001164,
476.70000000001164,
477.29999999998836,
477.79999999998836,
478.3999999999651,
478.8999999999651,
479.5,
480,
480.8999999999651,
482.3999999999651,
482.8999999999651,
483.5,
483.8999999999651,
484.3999999999651,
485.20000000001164,
485.70000000001164,
486.20000000001164,
486.70000000001164,
487.29999999998836,
487.70000000001164,
488.29999999998836,
489.8999999999651,
490.3999999999651,
490.8999999999651,
491.3999999999651,
492,
492.5,
493,
493.70000000001164,
494.20000000001164,
494.70000000001164,
495.20000000001164,
495.70000000001164,
497.0999999999767,
497.79999999998836,
498.29999999998836,
498.79999999998836,
499.3999999999651,
500,
500.5999999999767,
501.0999999999767,
501.5999999999767,
502.20000000001164,
502.79999999998836,
503.29999999998836,
504.5999999999767,
505.20000000001164,
505.5999999999767,
506.29999999998836,
506.79999999998836,
507.29999999998836,
507.79999999998836,
508.29999999998836,
508.8999999999651,
509.3999999999651,
510,
510.5999999999767,
512,
512.5999999999767,
513.0999999999767,
513.5,
514.0999999999767,
514.7999999999884,
515.2999999999884,
515.7999999999884,
516.2999999999884,
516.7999999999884,
517.3999999999651,
517.8999999999651,
519.5,
520.0999999999767,
520.7000000000116,
521.2000000000116,
521.5999999999767,
522.2000000000116,
522.7000000000116,
523.3999999999651,
523.8999999999651,
524.5,
525,
525.5,
526.8999999999651,
527.5,
528,
528.5999999999767,
529.2000000000116,
529.7000000000116,
530.2000000000116,
530.7999999999884,
531.2000000000116,
531.8999999999651,
532.3999999999651,
532.8999999999651,
534.5,
535.7000000000116,
536.5999999999767,
537.2999999999884,
537.7999999999884,
538.3999999999651,
538.7999999999884,
539.3999999999651,
540,
540.5,
541.0999999999767,
541.7000000000116,
543.0999999999767,
543.5999999999767,
544.0999999999767,
544.5999999999767,
545.0999999999767,
545.7999999999884,
546.2999999999884,
546.7999999999884,
547.3999999999651,
547.7999999999884,
548.2999999999884,
548.8999999999651,
550.5999999999767,
551.0999999999767,
551.5999999999767,
552.2000000000116,
552.5999999999767,
553.2999999999884,
553.7000000000116,
554.3999999999651,
554.8999999999651,
555.3999999999651,
556,
556.5,
557.7999999999884,
558.5,
559.0999999999767,
559.5999999999767,
560.0999999999767,
560.5999999999767,
561.2000000000116,
561.7000000000116,
562.2000000000116,
563,
563.5999999999767,
564.2000000000116,
565.5,
566.0999999999767,
566.5999999999767,
567.2999999999884,
567.7999999999884,
568.2999999999884,
568.7999999999884,
569.3999999999651,
570,
570.5999999999767,
571.2999999999884,
571.8999999999651,
573.2999999999884,
573.7999999999884,
574.3999999999651,
574.8999999999651,
575.3999999999651,
576.2000000000116,
576.7000000000116,
577.2000000000116,
577.7000000000116,
578.2000000000116,
578.7999999999884,
579.2999999999884,
581,
581.5,
582.0999999999767,
582.5999999999767,
583.0999999999767,
583.7000000000116,
584.2999999999884,
584.7999999999884,
585.2999999999884,
585.8999999999651,
586.5,
586.8999999999651,
588.2999999999884,
588.8999999999651,
589.5999999999767,
590.2000000000116,
590.5999999999767,
591.2000000000116,
591.7000000000116,
592.2000000000116,
592.8999999999651,
593.3999999999651,
593.8999999999651,
594.3999999999651,
595.7999999999884,
596.3999999999651,
596.7999999999884,
597.7999999999884,
598.2000000000116,
598.7999999999884,
599.3999999999651,
600.0999999999767,
601.2999999999884,
602.3999999999651,
603.2999999999884,
604.2999999999884,
608.3999999999651,
609.7000000000116,
610.7000000000116,
611.7999999999884,
613,
614.5999999999767,
615.5,
616.2999999999884,
617.2000000000116,
618.0999999999767,
619,
620,
622.5999999999767,
623.3999999999651,
624.2000000000116,
625,
625.7000000000116,
626.7000000000116,
627.0999999999767,
628,
628.5,
628.8999999999651,
629.5,
630.0999999999767,
631.8999999999651,
632.3999999999651,
632.8999999999651,
633.5,
634,
634.5999999999767,
635.0999999999767,
635.7999999999884,
636.2999999999884,
636.7999999999884,
637.3999999999651,
638,
639.3999999999651,
640,
640.5999999999767,
641.0999999999767,
641.5999999999767,
642.2999999999884,
642.7999999999884,
643.3999999999651,
643.8999999999651,
645.0999999999767,
645.5999999999767,
646.0999999999767,
647.5,
648.0999999999767,
648.5999999999767,
649.2000000000116,
649.8999999999651,
650.5,
651,
651.5,
652.2000000000116,
652.7000000000116,
653.2999999999884,
654,
655.5,
656.2999999999884,
656.7999999999884,
657.2999999999884,
657.8999999999651,
658.2999999999884,
658.8999999999651,
659.5,
660,
660.5,
661.0999999999767,
661.5,
663.2000000000116,
663.7999999999884,
664.2999999999884,
664.7999999999884,
665.2999999999884,
665.8999999999651,
666.5,
667.0999999999767,
667.5999999999767,
668.0999999999767,
668.7000000000116,
669.2999999999884,
670.8999999999651,
671.5,
672.0999999999767,
672.5999999999767,
673.2000000000116,
673.5999999999767,
674.2000000000116,
674.7000000000116,
675.2000000000116,
675.7000000000116,
676.2000000000116,
676.7999999999884,
678.0999999999767,
678.7000000000116,
679.2000000000116,
680,
680.5999999999767,
681,
681.5,
682.0999999999767,
682.5999999999767,
683.2000000000116,
683.5999999999767,
684.0999999999767,
685.5,
686.0999999999767,
686.5999999999767,
687.0999999999767,
687.7000000000116,
688.3999999999651,
689,
689.5,
690.0999999999767,
690.5999999999767,
691.0999999999767,
691.5999999999767,
693,
693.5999999999767,
694.0999999999767,
694.7000000000116,
695.2999999999884,
695.7000000000116,
696.2999999999884,
697,
697.5,
698,
698.5999999999767,
699,
700.5999999999767,
701.0999999999767,
701.7000000000116,
702.2000000000116,
702.7000000000116,
703.0999999999767,
703.7999999999884,
704.2999999999884,
704.7999999999884,
705.5999999999767,
706.0999999999767,
706.7000000000116,
708,
708.5999999999767,
709,
709.5999999999767,
710.0999999999767,
710.5999999999767,
711.0999999999767,
711.7000000000116,
712.2000000000116,
712.7000000000116,
713.2000000000116,
714,
715.2999999999884,
715.7999999999884,
716.2999999999884,
716.7999999999884,
717.3999999999651,
717.7999999999884,
718.3999999999651,
718.7999999999884,
719.2999999999884,
719.8999999999651,
720.5,
720.8999999999651,
722.5,
723,
723.5,
724,
724.5,
725,
725.5999999999767,
726,
726.5999999999767,
727.0999999999767,
727.5,
728,
729.3999999999651,
730.2999999999884,
730.7999999999884,
731.2999999999884,
731.8999999999651,
732.3999999999651,
732.8999999999651,
733.3999999999651,
733.7999999999884,
734.2999999999884,
734.8999999999651,
735.3999999999651,
736.7999999999884,
737.2999999999884,
737.7000000000116,
738.5,
739,
739.5,
740.2000000000116,
740.5999999999767,
741.2000000000116,
741.7000000000116,
742.0999999999767,
742.7000000000116,
744,
744.5999999999767,
745,
745.5999999999767,
746.0999999999767,
746.7999999999884,
747.2000000000116,
747.7999999999884,
748.2000000000116,
748.7000000000116,
749.2000000000116,
749.8999999999651,
751.2999999999884,
751.7999999999884,
752.2999999999884,
752.7000000000116,
753.2999999999884,
753.7999999999884,
754.2999999999884,
755,
755.5,
755.8999999999651,
756.3999999999651,
756.8999999999651,
758.3999999999651,
758.8999999999651,
759.5,
760.0999999999767,
760.5,
761,
761.5999999999767,
762.0999999999767,
762.5,
763.2999999999884,
763.7000000000116,
764.2000000000116,
765.5,
766.0999999999767,
766.5999999999767,
767.2000000000116,
767.5999999999767,
768.0999999999767,
768.5999999999767,
769.0999999999767,
769.7000000000116,
770.2999999999884,
770.7000000000116,
771.3999999999651,
772.7999999999884,
773.2999999999884,
773.8999999999651,
774.2999999999884,
774.7999999999884,
775.2000000000116,
775.7999999999884,
776.2999999999884,
776.7999999999884,
777.2999999999884,
777.7000000000116,
778.2000000000116,
779.8999999999651,
780.3999999999651,
781,
781.3999999999651,
781.8999999999651,
782.3999999999651,
782.8999999999651,
783.3999999999651,
783.8999999999651,
784.5,
785,
785.3999999999651,
786.8999999999651,
787.3999999999651,
788.2000000000116,
788.7000000000116,
789.2000000000116,
789.7000000000116,
790.2999999999884,
790.7999999999884,
791.2999999999884,
791.7999999999884,
792.2999999999884,
792.7999999999884,
794.2000000000116,
794.5999999999767,
795.0999999999767,
795.5999999999767,
796.2999999999884,
796.7999999999884,
797.3999999999651,
797.8999999999651,
798.3999999999651,
798.8999999999651,
799.3999999999651,
800,
801.2999999999884,
801.8999999999651,
802.3999999999651,
802.8999999999651,
803.3999999999651,
803.7999999999884,
804.7999999999884,
805.5,
806,
806.5,
807,
807.5,
808.8999999999651,
809.3999999999651,
810,
810.5,
811,
811.5,
812.2000000000116,
812.7000000000116,
814.2000000000116,
814.8999999999651,
815.5999999999767,
816.2000000000116,
817.7000000000116,
818.2000000000116,
818.7999999999884,
819.2999999999884,
820,
820.5,
821,
821.5,
822.0999999999767,
822.5999999999767,
823.8999999999651,
824.3999999999651,
825.8999999999651,
826.3999999999651,
826.8999999999651,
827.5,
828,
828.5,
829,
829.5999999999767,
830.0999999999767,
830.5999999999767,
831.0999999999767,
831.5999999999767,
833.2000000000116,
833.7000000000116,
834.2999999999884,
834.7999999999884,
835.2999999999884,
835.7999999999884,
836.2999999999884,
836.7999999999884,
837.5,
838,
838.5999999999767,
839.0999999999767,
840.7999999999884,
841.3999999999651,
841.8999999999651,
842.3999999999651,
842.8999999999651,
843.5,
844,
844.5,
845,
845.5,
846.0999999999767,
847.2999999999884,
848.7000000000116,
849.2000000000116,
850.0999999999767,
850.5999999999767,
851.2000000000116,
851.7000000000116,
852.2000000000116,
852.5999999999767,
853.2000000000116,
853.5999999999767,
854.0999999999767,
854.7000000000116,
856,
856.5,
857,
857.5999999999767,
858.0999999999767,
858.7999999999884,
859.2999999999884,
859.7999999999884,
860.5,
860.8999999999651,
861.5999999999767,
862.2000000000116,
863.5,
864.0999999999767,
864.5999999999767,
865.2000000000116,
865.7999999999884,
867.0999999999767,
867.5,
871.5,
872.0999999999767,
872.7000000000116,
873.0999999999767,
873.5999999999767,
874.8999999999651,
875.3999999999651,
876,
876.5,
877.0999999999767,
877.5999999999767,
878.2000000000116,
878.5999999999767,
879.2000000000116,
880,
880.5999999999767,
881.0999999999767,
882.3999999999651,
882.8999999999651,
883.3999999999651,
884,
884.5,
885,
885.5,
886,
886.5,
887,
887.5,
888.2000000000116,
889.7000000000116,
890.2999999999884,
890.7999999999884,
891.2999999999884,
891.7999999999884,
892.2999999999884,
892.7999999999884,
893.2999999999884,
893.7999999999884,
894.3999999999651,
894.8999999999651,
895.3999999999651,
897,
897.5,
897.8999999999651,
898.3999999999651,
899,
899.5999999999767,
900.2000000000116,
900.5999999999767,
901.2000000000116,
901.5999999999767,
902.2000000000116,
902.7000000000116,
904,
904.5,
905,
905.7000000000116,
906.2000000000116,
906.7999999999884,
907.2999999999884,
907.7000000000116,
908.2999999999884,
908.7000000000116,
909.2999999999884,
909.7999999999884,
911.2000000000116,
911.7000000000116,
912.2000000000116,
912.7000000000116,
913.2000000000116,
913.8999999999651,
914.3999999999651,
914.8999999999651,
915.3999999999651,
915.8999999999651,
916.3999999999651,
916.8999999999651,
918.2999999999884,
918.7999999999884,
919.2999999999884,
919.8999999999651,
920.3999999999651,
920.8999999999651,
921.2999999999884,
922.0999999999767,
922.5999999999767,
923.0999999999767,
923.5,
924.2000000000116,
925.5,
926,
926.5,
927,
927.5,
927.8999999999651,
928.3999999999651,
929,
929.5,
930,
930.5999999999767,
931.0999999999767,
932.5,
933.0999999999767,
933.5,
934,
934.5999999999767,
935.0999999999767,
935.5,
936,
936.5,
937.0999999999767,
937.5999999999767,
938.0999999999767,
939.7000000000116,
940.2000000000116,
940.7000000000116,
941.0999999999767,
941.5999999999767,
942.2000000000116,
942.5999999999767,
943.0999999999767,
943.5999999999767,
944.0999999999767,
944.7000000000116,
945.2000000000116,
946.3999999999651,
947.2000000000116,
947.5999999999767,
948.0999999999767,
948.5999999999767,
949.0999999999767,
949.5999999999767,
950.2000000000116,
950.7000000000116,
951.2000000000116,
951.7000000000116,
952.0999999999767,
953.5,
954,
954.5999999999767,
955.2999999999884,
955.7999999999884,
956.3999999999651,
956.7999999999884,
957.2999999999884,
957.7999999999884,
958.2999999999884,
958.8999999999651,
959.3999999999651,
960.8999999999651,
961.3999999999651,
961.8999999999651,
962.5,
963,
964,
964.5,
965.2000000000116,
965.7999999999884,
966.2999999999884,
966.7999999999884,
967.3999999999651,
968.8999999999651,
969.3999999999651,
970,
970.5,
970.8999999999651,
971.3999999999651,
972,
972.5,
973.0999999999767,
973.5999999999767,
974.2000000000116,
974.7000000000116,
975.8999999999651,
976.3999999999651,
976.8999999999651,
977.3999999999651,
977.8999999999651,
978.3999999999651,
978.8999999999651,
979.2999999999884,
979.8999999999651,
980.3999999999651,
981.0999999999767,
981.5,
982.7999999999884,
983.3999999999651,
983.8999999999651,
984.3999999999651,
984.8999999999651,
985.3999999999651,
985.8999999999651,
986.3999999999651,
986.7999999999884,
987.2999999999884,
987.7999999999884,
988.2999999999884,
989.8999999999651,
990.5,
990.8999999999651,
991.5,
992,
992.5,
993.0999999999767,
993.5999999999767,
994,
994.5999999999767,
995,
995.5,
996.7999999999884,
997.5,
998,
998.5,
999,
999.5,
1000.0999999999767,
1000.5999999999767,
1001.0999999999767,
1001.5999999999767,
1002.2000000000116,
1003.0999999999767,
1005.2000000000116,
1005.7999999999884,
1006.2999999999884,
1006.7999999999884,
1007.3999999999651,
1007.8999999999651,
1008.3999999999651,
1008.8999999999651,
1009.3999999999651,
1010,
1010.5,
1011,
1012.2999999999884,
1012.7000000000116,
1013.2000000000116,
1013.7000000000116,
1014.2000000000116,
1014.7999999999884,
1015.3999999999651,
1015.8999999999651,
1016.3999999999651,
1016.8999999999651,
1017.3999999999651,
1018.0999999999767,
1019.3999999999651,
1020,
1020.5,
1021,
1021.5,
1022,
1022.5,
1023,
1023.7000000000116,
1024.2000000000116,
1024.7000000000116,
1025.2999999999884,
1026.5999999999767,
1027.0999999999767,
1027.5999999999767,
1028.0999999999767,
1028.5999999999767,
1029.0999999999767,
1029.7000000000116,
1030.2000000000116,
1030.7000000000116,
1031.0999999999767,
1031.7000000000116,
1032.399999999965,
1033.7999999999884,
1034.2000000000116,
1034.7999999999884,
1035.2999999999884,
1035.7999999999884,
1036.2999999999884,
1036.7999999999884,
1037.2999999999884,
1037.899999999965,
1038.399999999965,
1038.7999999999884,
1039.399999999965,
1041,
1041.5,
1042,
1042.5,
1043,
1043.5999999999767,
1044,
1044.5999999999767,
1045.0999999999767,
1045.5,
1046.0999999999767,
1046.5999999999767,
1047.899999999965,
1048.399999999965,
1049.0999999999767,
1049.7000000000116,
1050.2999999999884,
1050.7999999999884,
1051.2999999999884,
1051.7999999999884,
1052.2999999999884,
1052.7999999999884,
1053.2999999999884,
1053.7999999999884,
1055,
1055.5999999999767,
1056.0999999999767,
1056.5999999999767,
1057.2999999999884,
1057.7999999999884,
1058.399999999965,
1058.899999999965,
1059.5,
1059.899999999965,
1060.5,
1060.899999999965,
1062.2999999999884,
1062.7999999999884,
1063.2999999999884,
1063.7999999999884,
1064.2999999999884,
1064.7999999999884,
1065.399999999965,
1066,
1066.5,
1067,
1067.399999999965,
1068,
1069.2999999999884,
1069.7999999999884,
1070.399999999965,
1070.899999999965,
1071.2999999999884,
1072,
1072.399999999965,
1073,
1073.5,
1074.0999999999767,
1074.5999999999767,
1075.0999999999767,
1076.399999999965,
1076.899999999965,
1077.399999999965,
1077.899999999965,
1078.399999999965,
1078.899999999965,
1079.399999999965,
1080,
1080.5,
1081,
1081.399999999965,
1082,
1083.5,
1084,
1084.5999999999767,
1085.2000000000116,
1085.7000000000116,
1086.2000000000116,
1086.7999999999884,
1087.2000000000116,
1087.5999999999767,
1088.2000000000116,
1088.5999999999767,
1089.2000000000116,
1090.7000000000116,
1091.2999999999884,
1091.7000000000116,
1092.2000000000116,
1092.7000000000116,
1093.2000000000116,
1093.7000000000116,
1094.2999999999884,
1094.7999999999884,
1095.2999999999884,
1095.7000000000116,
1096.2000000000116,
1097.5999999999767,
1098,
1098.5,
1099.399999999965,
1100,
1100.399999999965,
1101,
1101.399999999965,
1102,
1102.5,
1102.899999999965,
1103.5,
1104.7999999999884,
1105.2999999999884,
1105.899999999965,
1106.5,
1107,
1107.7999999999884,
1108.2999999999884,
1108.7999999999884,
1109.399999999965,
1110,
1110.5999999999767,
1111.2000000000116,
1112.5999999999767,
1113.0999999999767,
1113.5999999999767,
1114.399999999965,
1115,
1115.5,
1116,
1116.7000000000116,
1117.2000000000116,
1117.7000000000116,
1118.2000000000116,
1118.7999999999884,
1120.2999999999884,
1120.7999999999884,
1121.2999999999884,
1122,
1122.5,
1123,
1123.5,
1124.0999999999767,
1124.5999999999767,
1125.0999999999767,
1125.7000000000116,
1126.2999999999884,
1127.5,
1128,
1128.5,
1129,
1129.5999999999767,
1130.2000000000116,
1130.7000000000116,
1131.0999999999767,
1131.5999999999767,
1132.0999999999767,
1132.7000000000116,
1133.0999999999767,
1134.5999999999767,
1135.2000000000116,
1135.5999999999767,
1136.2000000000116,
1136.5999999999767,
1137.0999999999767,
1137.5999999999767,
1138.0999999999767,
1138.7000000000116,
1139.0999999999767,
1139.5999999999767,
1140.2999999999884,
1141.5999999999767,
1142.2999999999884,
1142.7000000000116,
1143.2999999999884,
1143.7999999999884,
1144.2999999999884,
1144.7999999999884,
1145.2000000000116,
1145.7000000000116,
1146.2999999999884,
1146.7000000000116,
1147.2000000000116,
1148.5,
1149,
1149.5999999999767,
1150.2999999999884,
1150.899999999965,
1151.2999999999884,
1151.899999999965,
1152.2999999999884,
1152.7999999999884,
1153.2999999999884,
1153.7999999999884,
1154.2999999999884,
1155.5999999999767,
1156.0999999999767,
1156.5999999999767,
1157.0999999999767,
1157.5999999999767,
1158.0999999999767,
1159.0999999999767,
1159.7000000000116,
1160.2999999999884,
1160.7999999999884,
1161.2000000000116,
1161.7999999999884,
1163.0999999999767,
1163.5999999999767,
1164.0999999999767,
1164.5,
1165.0999999999767,
1165.5999999999767,
1166.0999999999767,
1166.5,
1167.2000000000116,
1167.7000000000116,
1168.2000000000116,
1168.7000000000116,
1170.0999999999767,
1170.5999999999767,
1171.0999999999767,
1171.5999999999767,
1172.0999999999767,
1172.5999999999767,
1173.0999999999767,
1173.7000000000116,
1174.2000000000116,
1174.5999999999767,
1175.0999999999767,
1175.7999999999884,
1177.2000000000116,
1177.7000000000116,
1178.2000000000116,
1178.7999999999884,
1179.2000000000116,
1179.7999999999884,
1180.399999999965,
1180.7999999999884,
1181.2999999999884,
1181.7999999999884,
1182.2000000000116,
1182.7999999999884,
1184.2999999999884,
1184.7999999999884,
1185.2999999999884,
1185.7000000000116,
1186.2999999999884,
1186.7999999999884,
1187.2999999999884,
1187.7999999999884,
1188.2999999999884,
1188.7999999999884,
1189.2999999999884,
1189.899999999965,
1191.2000000000116,
1191.5999999999767,
1192.399999999965,
1193,
1193.399999999965,
1194,
1194.399999999965,
1194.899999999965,
1195.5,
1195.899999999965,
1196.399999999965,
1196.899999999965,
1198.2999999999884,
1198.7000000000116,
1199.399999999965,
1199.899999999965,
1200.5,
1201.0999999999767,
1201.5999999999767,
1202.0999999999767,
1202.5999999999767,
1203,
1203.5999999999767,
1204.0999999999767,
1205.399999999965,
1205.899999999965,
1206.399999999965,
1206.899999999965,
1207.2999999999884,
1207.7999999999884,
1208.5999999999767,
1209,
1209.5999999999767,
1210.0999999999767,
1210.7000000000116,
1211.0999999999767,
1212.399999999965,
1212.899999999965,
1213.5,
1213.899999999965,
1214.399999999965,
1214.899999999965,
1215.399999999965,
1215.7999999999884,
1216.399999999965,
1217.0999999999767,
1217.5999999999767,
1218.0999999999767,
1219.399999999965,
1219.899999999965,
1220.399999999965,
1220.899999999965,
1221.399999999965,
1221.899999999965,
1222.2999999999884,
1222.899999999965,
1223.399999999965,
1223.7999999999884,
1224.2999999999884,
1225.0999999999767,
1226.5,
1227,
1227.5,
1228,
1228.5,
1229,
1229.5,
1230,
1230.5,
1230.899999999965,
1231.5,
1232,
1233.5,
1234,
1234.5,
1235,
1235.5999999999767,
1236,
1236.5999999999767,
1237.0999999999767,
1237.5999999999767,
1238.0999999999767,
1238.7000000000116,
1239.2000000000116,
1240.5999999999767,
1241.2000000000116,
1241.7999999999884,
1242.2999999999884,
1242.7999999999884,
1243.2999999999884,
1243.7999999999884,
1244.2999999999884,
1244.7999999999884,
1245.2999999999884,
1245.899999999965,
1246.399999999965,
1247.7000000000116,
1248.2000000000116,
1248.7000000000116,
1249.2000000000116,
1250,
1250.399999999965,
1251,
1251.399999999965,
1252,
1252.5,
1252.899999999965,
1253.399999999965,
1254.7999999999884,
1255.2999999999884,
1255.7999999999884,
1256.2000000000116,
1256.7999999999884,
1257.2999999999884,
1257.7999999999884,
1258.399999999965,
1259,
1259.5,
1260.0999999999767,
1260.5999999999767,
1261.899999999965,
1262.399999999965,
1262.7999999999884,
1263.399999999965,
1263.899999999965,
1264.399999999965,
1264.899999999965,
1265.399999999965,
1265.899999999965,
1266.5999999999767,
1267.0999999999767,
1267.5999999999767,
1268.899999999965,
1269.399999999965,
1270,
1270.5999999999767,
1271.0999999999767,
1271.5999999999767,
1272.0999999999767,
1272.5,
1273,
1273.5999999999767,
1274.0999999999767,
1274.5,
1276.399999999965,
1276.899999999965,
1277.399999999965,
1277.899999999965,
1278.5,
1278.899999999965,
1279.399999999965,
1280,
1280.5,
1281,
1281.5,
1282,
1283.5,
1284.0999999999767,
1284.5999999999767,
1285.0999999999767,
1285.5,
1286.0999999999767,
1286.5,
1287.0999999999767,
1287.5,
1288,
1288.5,
1289,
1290.5999999999767,
1291,
1291.5999999999767,
1292.2000000000116,
1292.7000000000116,
1293.2000000000116,
1293.7000000000116,
1294.0999999999767,
1294.7000000000116,
1295.0999999999767,
1295.5999999999767,
1296.2000000000116,
1297.5999999999767,
1298.0999999999767,
1298.7000000000116,
1299.2000000000116,
1299.7999999999884,
1300.5,
1301.0999999999767,
1301.5999999999767,
1302.0999999999767,
1302.5999999999767,
1303.0999999999767,
1303.5999999999767,
1304.899999999965,
1305.399999999965,
1306,
1306.5,
1307,
1307.399999999965,
1308,
1308.5999999999767,
1309.2000000000116,
1309.7999999999884,
1310.2000000000116,
1310.7999999999884,
1312.0999999999767,
1312.5999999999767,
1313.0999999999767,
1313.5999999999767,
1314,
1314.5999999999767,
1315.0999999999767,
1315.5,
1316.0999999999767,
1316.5,
1317.2000000000116,
1317.7000000000116,
1319.0999999999767,
1319.7000000000116,
1320.2999999999884,
1320.7000000000116,
1321.2000000000116,
1321.7000000000116,
1322.2000000000116,
1322.7000000000116,
1323.2999999999884,
1323.7999999999884,
1324.2999999999884,
1324.7000000000116,
1326.2000000000116,
1326.7000000000116,
1327.2000000000116,
1327.7000000000116,
1328.2000000000116,
1328.5999999999767,
1329.0999999999767,
1329.5999999999767,
1330.2000000000116,
1330.7999999999884,
1331.2000000000116,
1331.7000000000116,
1333,
1333.5999999999767,
1334.2000000000116,
1334.7000000000116,
1335.2000000000116,
1335.7000000000116,
1336.2000000000116,
1336.5999999999767,
1337.0999999999767,
1337.5999999999767,
1338.2000000000116,
1338.7000000000116,
1340.2000000000116,
1340.7000000000116,
1341.0999999999767,
1341.7999999999884,
1342.2999999999884,
1342.7999999999884,
1343.2999999999884,
1343.7999999999884,
1344.2999999999884,
1344.7000000000116,
1345.2999999999884,
1345.7999999999884,
1347,
1347.5999999999767,
1348.2000000000116,
1348.5999999999767,
1349.0999999999767,
1349.899999999965,
1350.2999999999884,
1350.7999999999884,
1351.399999999965,
1351.899999999965,
1352.399999999965,
1352.899999999965,
1354.0999999999767,
1354.5999999999767,
1355.2000000000116,
1355.7000000000116,
1356.2000000000116,
1356.7000000000116,
1357.2000000000116,
1357.7000000000116,
1358.399999999965,
1358.7999999999884,
1359.399999999965,
1359.899999999965,
1361.2000000000116,
1361.7000000000116,
1362.2000000000116,
1362.7000000000116,
1363.2000000000116,
1363.7000000000116,
1364.2000000000116,
1364.7000000000116,
1365.2999999999884,
1365.7000000000116,
1366.399999999965,
1366.899999999965,
1368.2000000000116,
1368.7000000000116,
1369.2000000000116,
1369.7000000000116,
1370.2999999999884,
1370.7999999999884,
1371.2999999999884,
1371.7999999999884,
1372.2999999999884,
1372.7999999999884,
1373.2999999999884,
1373.7999999999884,
1375.2999999999884,
1375.7999999999884,
1376.2999999999884,
1376.7999999999884,
1377.2999999999884,
1377.7999999999884,
1378.2999999999884,
1378.7000000000116,
1379.2000000000116,
1379.7999999999884,
1380.2999999999884,
1380.7999999999884,
1382.0999999999767,
1382.7000000000116,
1383.2999999999884,
1383.7999999999884,
1384.2999999999884,
1384.7999999999884,
1385.2000000000116,
1385.7000000000116,
1386.2999999999884,
1386.7999999999884,
1387.2000000000116,
1387.7000000000116,
1388.899999999965,
1389.5,
1390.0999999999767,
1390.7999999999884,
1391.2999999999884,
1391.7999999999884,
1392.2000000000116,
1392.7999999999884,
1393.2999999999884,
1393.7000000000116,
1394.2000000000116,
1394.7000000000116,
1396.0999999999767,
1396.5999999999767,
1397.0999999999767,
1397.5,
1398,
1398.5999999999767,
1399.2000000000116,
1399.7000000000116,
1400.2999999999884,
1400.7999999999884,
1401.2999999999884,
1401.7999999999884,
1403.0999999999767,
1403.5999999999767,
1404.0999999999767,
1404.5999999999767,
1405.0999999999767,
1405.5999999999767,
1406.0999999999767,
1406.5999999999767,
1407.2000000000116,
1407.7999999999884,
1408.2000000000116,
1408.7000000000116,
1410,
1410.5,
1411,
1411.5,
1412,
1412.5,
1413,
1413.5,
1414,
1414.5,
1415,
1415.7000000000116,
1416.899999999965,
1417.5,
1417.899999999965,
1418.399999999965,
1419,
1419.399999999965,
1420.0999999999767,
1420.5,
1421.0999999999767,
1421.5999999999767,
1422,
1422.5,
1424,
1424.5,
1425.0999999999767,
1425.5999999999767,
1426,
1426.5,
1427.0999999999767,
1427.5,
1428.0999999999767,
1428.5,
1429.0999999999767,
1429.5999999999767,
1430.899999999965,
1431.399999999965,
1432.0999999999767,
1432.5999999999767,
1433.0999999999767,
1433.5,
1434.0999999999767,
1434.5999999999767,
1435.0999999999767,
1435.5999999999767,
1436.0999999999767,
1436.5,
1437.7999999999884,
1438.399999999965,
1438.7999999999884,
1439.399999999965,
1440.0999999999767,
1440.7000000000116,
1441.2000000000116,
1441.5999999999767,
1442.2000000000116,
1442.5999999999767,
1443,
1443.5999999999767,
1445,
1445.5,
1446.0999999999767,
1446.5999999999767,
1447.0999999999767,
1447.5,
1448.2000000000116,
1449,
1449.5,
1450.0999999999767,
1450.5999999999767,
1451.0999999999767,
1452.399999999965,
1452.7999999999884,
1453.2999999999884,
1453.899999999965,
1454.399999999965,
1454.899999999965,
1455.2999999999884,
1455.7999999999884,
1456.399999999965,
1457.0999999999767,
1457.5999999999767,
1458.0999999999767,
1459.399999999965,
1460,
1460.5,
1461,
1461.5,
1462.0999999999767,
1463.0999999999767,
1464,
1465.2000000000116,
1466,
1466.5,
1467.2000000000116,
1468.5,
1469,
1469.5999999999767,
1470.0999999999767,
1470.7000000000116,
1471.0999999999767,
1471.5999999999767,
1472.0999999999767,
1472.5,
1473,
1473.5,
1474.0999999999767,
1475.5,
1476,
1476.5,
1477,
1477.5,
1478,
1478.5,
1479.0999999999767,
1479.5999999999767,
1480.2000000000116,
1480.5999999999767,
1481.0999999999767,
1482.399999999965,
1483,
1483.5999999999767,
1484.0999999999767,
1484.5999999999767,
1485.0999999999767,
1485.5999999999767,
1486.0999999999767,
1486.5999999999767,
1487.0999999999767,
1487.5999999999767,
1488,
1489.399999999965,
1490,
1490.399999999965,
1490.899999999965,
1491.399999999965,
1492,
1492.5999999999767,
1493,
1493.5,
1494,
1494.5,
1495,
1496.2000000000116,
1496.7999999999884,
1497.2999999999884,
1497.7999999999884,
1498.2999999999884,
1498.7999999999884,
1499.2999999999884,
1500,
1500.5,
1501,
1501.5,
1502,
1503.399999999965,
1503.7999999999884,
1504.2999999999884,
1504.7999999999884,
1505.2999999999884,
1505.7999999999884,
1506.2999999999884,
1506.7999999999884,
1507.2999999999884,
1507.7999999999884,
1508.5,
1508.899999999965,
1510.2999999999884,
1510.7999999999884,
1511.2999999999884,
1511.7999999999884,
1512.2000000000116,
1512.7999999999884,
1513.2999999999884,
1513.7999999999884,
1514.2999999999884,
1514.7999999999884,
1515.2999999999884,
1515.7000000000116,
1517.2000000000116,
1517.7000000000116,
1518.2999999999884,
1518.7000000000116,
1519.2999999999884,
1519.899999999965,
1520.399999999965,
1520.7999999999884,
1521.399999999965,
1521.7999999999884,
1522.399999999965,
1522.899999999965,
1524.0999999999767,
1524.7999999999884,
1525.2999999999884,
1525.7999999999884,
1526.2999999999884,
1526.7999999999884,
1527.2999999999884,
1527.899999999965,
1528.2999999999884,
1528.7999999999884,
1529.2000000000116,
1529.7999999999884,
1531.2000000000116,
1531.7000000000116,
1532.2000000000116,
1532.899999999965,
1533.5,
1534.0999999999767,
1534.5,
1535,
1535.5,
1536,
1536.5,
1537,
1538.2000000000116,
1538.7000000000116,
1539.2999999999884,
1539.7999999999884,
1540.399999999965,
1540.7999999999884,
1541.5,
1542,
1542.5,
1543,
1543.5,
1544.0999999999767,
1545.2999999999884,
1545.7999999999884,
1546.399999999965,
1546.7999999999884,
1547.2999999999884,
1547.7999999999884,
1548.2999999999884,
1548.7000000000116,
1549.5,
1550.0999999999767,
1550.5999999999767,
1551.0999999999767,
1552.399999999965,
1552.899999999965,
1553.399999999965,
1553.7999999999884,
1554.2999999999884,
1554.899999999965,
1555.399999999965,
1555.7999999999884,
1556.2999999999884,
1556.7999999999884,
1557.2999999999884,
1558,
1559.2999999999884,
1560,
1560.399999999965,
1560.899999999965,
1561.5,
1562,
1562.399999999965,
1562.899999999965,
1563.399999999965,
1563.7999999999884,
1564.399999999965,
1564.899999999965,
1566.5,
1566.899999999965,
1567.5,
1567.899999999965,
1568.399999999965,
1568.899999999965,
1569.5,
1570,
1570.5,
1570.899999999965,
1571.399999999965,
1571.899999999965,
1573.2000000000116,
1573.7000000000116,
1574.399999999965,
1574.899999999965,
1575.399999999965,
1575.899999999965,
1576.399999999965,
1576.899999999965,
1577.399999999965,
1578,
1578.399999999965,
1579,
1580.399999999965,
1581,
1581.399999999965,
1582,
1582.5999999999767,
1583.0999999999767,
1583.5,
1584,
1584.5999999999767,
1585.0999999999767,
1585.5,
1586,
1587.399999999965,
1587.899999999965,
1588.399999999965,
1588.899999999965,
1589.399999999965,
1589.899999999965,
1590.5,
1591.2000000000116,
1591.5999999999767,
1592.0999999999767,
1592.5999999999767,
1593.2000000000116,
1594.399999999965,
1595,
1595.5999999999767,
1596,
1596.5,
1597,
1597.5,
1598,
1598.5,
1599.0999999999767,
1599.7999999999884,
1600.399999999965,
1601.5999999999767,
1602.0999999999767,
1602.5999999999767,
1603.0999999999767,
1603.5999999999767,
1604.0999999999767,
1604.5999999999767,
1605.0999999999767,
1605.5,
1606.0999999999767,
1606.5999999999767,
1607.0999999999767,
1609.7000000000116,
1610.2999999999884,
1610.7000000000116,
1611.2000000000116,
1611.7999999999884,
1612.2000000000116,
1612.7000000000116,
1613.2000000000116,
1613.7000000000116,
1614.0999999999767,
1614.5999999999767,
1615.0999999999767,
1616.399999999965,
1617.0999999999767,
1617.5999999999767,
1618.0999999999767,
1618.5999999999767,
1619.0999999999767,
1619.7000000000116,
1620.2000000000116,
1620.7000000000116,
1621.2999999999884,
1621.7000000000116,
1622.2000000000116,
1623.5,
1624,
1624.5,
1625.0999999999767,
1625.7000000000116,
1626.0999999999767,
1626.5999999999767,
1627.0999999999767,
1627.7000000000116,
1628.0999999999767,
1628.5999999999767,
1629,
1630.5,
1631.0999999999767,
1631.5,
1632.0999999999767,
1632.5999999999767,
1633.0999999999767,
1633.7000000000116,
1634.0999999999767,
1634.7000000000116,
1635.2000000000116,
1635.7000000000116,
1636.2000000000116,
1637.399999999965,
1637.899999999965,
1638.399999999965,
1638.899999999965,
1639.5,
1640,
1640.5999999999767,
1641,
1641.7000000000116,
1642.2000000000116,
1642.7000000000116,
1643.2000000000116,
1644.5,
1644.899999999965,
1645.5,
1645.899999999965,
1646.5,
1647,
1647.5,
1648,
1648.5,
1649,
1649.7000000000116,
1650.2999999999884,
1651.5999999999767,
1652,
1652.5999999999767,
1653.0999999999767,
1653.5999999999767,
1654.0999999999767,
1654.5999999999767,
1655.0999999999767,
1655.5,
1656,
1656.5,
1657,
1658.5,
1659,
1659.5999999999767,
1660.0999999999767,
1660.5999999999767,
1661.0999999999767,
1661.5999999999767,
1662.0999999999767,
1662.5999999999767,
1663.0999999999767,
1663.5,
1664.0999999999767,
1665.399999999965,
1666.0999999999767,
1666.5999999999767,
1667.0999999999767,
1667.5999999999767,
1668.0999999999767,
1668.5999999999767,
1669.0999999999767,
1669.7000000000116,
1670.2000000000116,
1670.7000000000116,
1671.2000000000116,
1672.5,
1672.899999999965,
1673.399999999965,
1673.899999999965,
1674.5999999999767,
1675,
1675.5999999999767,
1676.0999999999767,
1676.5,
1677,
1677.5,
1678.0999999999767,
1679.399999999965,
1680,
1680.5,
1681,
1681.399999999965,
1682,
1682.7000000000116,
1683.0999999999767,
1683.5999999999767,
1684.0999999999767,
1684.5999999999767,
1685,
1686.399999999965,
1686.7999999999884,
1687.399999999965,
1687.7999999999884,
1688.399999999965,
1688.899999999965,
1689.399999999965,
1690.0999999999767,
1690.5,
1691.2999999999884,
1691.7999999999884,
1692.2999999999884,
1693.5,
1694.0999999999767,
1694.7000000000116,
1695.0999999999767,
1695.5999999999767,
1696,
1696.5,
1697,
1697.5,
1698.0999999999767,
1698.5,
1699.2000000000116,
1700.5,
1701.0999999999767,
1701.5999999999767,
1702.0999999999767,
1702.5,
1703.0999999999767,
1703.5,
1704,
1704.5,
1704.899999999965,
1705.5,
1706,
1707.399999999965,
1707.899999999965,
1708.399999999965,
1708.899999999965,
1709.5,
1710.0999999999767,
1710.5,
1711,
1711.399999999965,
1712,
1712.399999999965,
1712.899999999965,
1714.2000000000116,
1714.7999999999884,
1715.399999999965,
1715.899999999965,
1716.5,
1716.899999999965,
1717.399999999965,
1717.899999999965,
1718.399999999965,
1718.899999999965,
1719.399999999965,
1720,
1721.2999999999884,
1721.899999999965,
1722.2999999999884,
1722.7999999999884,
1723.2999999999884,
1724,
1724.399999999965,
1725,
1725.5,
1726,
1726.5,
1727,
1728.2000000000116,
1728.7000000000116,
1729.2000000000116,
1729.7999999999884,
1730.2999999999884,
1730.899999999965,
1731.399999999965,
1732,
1732.399999999965,
1732.899999999965,
1733.399999999965,
1733.899999999965,
1735.2000000000116,
1735.7000000000116,
1736.2999999999884,
1736.7000000000116,
1737.2999999999884,
1737.7000000000116,
1738.2999999999884,
1738.7000000000116,
1739.2000000000116,
1739.7000000000116,
1740.5,
1741,
1742.2999999999884,
1742.7999999999884,
1743.2999999999884,
1743.7999999999884,
1744.2999999999884,
1744.7999999999884,
1745.2999999999884,
1745.7999999999884,
1746.2999999999884,
1746.7999999999884,
1747.2999999999884,
1747.7000000000116,
1749.2999999999884,
1749.7999999999884,
1750.399999999965,
1750.899999999965,
1751.399999999965,
1751.899999999965,
1752.2999999999884,
1752.899999999965,
1753.399999999965,
1753.7999999999884,
1754.2999999999884,
1754.899999999965,
1756.2999999999884,
1757.2000000000116,
1757.7000000000116,
1758.2999999999884,
1758.7999999999884,
1759.5,
1760.0999999999767,
1760.5999999999767,
1761,
1761.5,
1762,
1762.5999999999767,
1763.899999999965,
1764.7999999999884,
1765.2999999999884,
1766,
1766.5,
1767,
1767.5,
1768,
1768.5,
1769,
1769.5,
1770,
1771.2999999999884,
1771.7000000000116,
1772.2999999999884,
1772.7000000000116,
1773.2999999999884,
1773.7999999999884,
1774.399999999965,
1774.899999999965,
1775.399999999965,
1775.899999999965,
1776.399999999965,
1776.899999999965,
1778.2999999999884,
1778.7999999999884,
1779.2999999999884,
1779.7999999999884,
1780.2999999999884,
1780.7000000000116,
1781.2000000000116,
1781.7999999999884,
1782.399999999965,
1783,
1783.399999999965,
1783.899999999965,
1785.2000000000116,
1785.7000000000116,
1786.2000000000116,
1786.7999999999884,
1787.2999999999884,
1787.7000000000116,
1788.2000000000116,
1788.7000000000116,
1789.0999999999767,
1789.7999999999884,
1790.2999999999884,
1791,
1792.399999999965,
1792.7999999999884,
1793.2999999999884,
1793.7999999999884,
1794.2999999999884,
1794.7999999999884,
1795.2999999999884,
1795.7999999999884,
1796.2999999999884,
1796.7999999999884,
1797.2000000000116,
1797.7999999999884,
1799.2999999999884,
1799.7999999999884,
1800.2999999999884,
1800.7999999999884,
1801.399999999965,
1801.899999999965,
1802.2999999999884,
1802.7999999999884,
1803.2999999999884,
1803.7000000000116,
1804.2000000000116,
1804.7000000000116,
1806,
1806.5,
1809.7999999999884,
1810.399999999965,
1810.899999999965,
1811.5,
1811.899999999965,
1812.399999999965,
1812.899999999965,
1813.2999999999884,
1813.899999999965,
1814.399999999965,
1815.5999999999767,
1816.0999999999767,
1816.5999999999767,
1817.0999999999767,
1817.5999999999767,
1818.2999999999884,
1818.7999999999884,
1819.2999999999884,
1819.7999999999884,
1820.2999999999884,
1820.7999999999884,
1821.2999999999884,
1822.7000000000116,
1823.2000000000116,
1823.7000000000116,
1824.2000000000116,
1824.7000000000116,
1825.2000000000116,
1825.5999999999767,
1826.899999999965,
1827.399999999965,
1828,
1828.5,
1829,
1830.2999999999884,
1830.899999999965,
1831.399999999965,
1831.899999999965,
1832.399999999965,
1832.7999999999884,
1833.2999999999884,
1833.7999999999884,
1834.2999999999884,
1834.7999999999884,
1835.5,
1836,
1837.2000000000116,
1837.7999999999884,
1838.2999999999884,
1838.7999999999884,
1839.2999999999884,
1839.7999999999884,
1840.399999999965,
1840.899999999965,
1841.399999999965,
1841.7999999999884,
1842.2999999999884,
1842.7999999999884,
1844.2999999999884,
1844.899999999965,
1845.399999999965,
1845.899999999965,
1846.399999999965,
1846.7999999999884,
1847.399999999965,
1847.7999999999884,
1848.2999999999884,
1848.7999999999884,
1849.2999999999884,
1849.7999999999884,
1851.2000000000116,
1851.7999999999884,
1852.2999999999884,
1852.7999999999884,
1853.399999999965,
1853.899999999965,
1854.399999999965,
1854.899999999965,
1855.399999999965,
1855.7999999999884,
1856.2999999999884,
1856.7000000000116,
1858.2000000000116,
1858.5999999999767,
1859.2000000000116,
1859.899999999965,
1860.399999999965,
1860.899999999965,
1861.399999999965,
1861.7999999999884,
1862.2999999999884,
1862.899999999965,
1863.399999999965,
1863.7999999999884,
1865,
1865.5999999999767,
1866.0999999999767,
1866.5999999999767,
1867.0999999999767,
1867.5999999999767,
1868.2000000000116,
1868.7999999999884,
1869.2000000000116,
1869.7999999999884,
1870.2999999999884,
1870.7999999999884,
1872.0999999999767,
1872.5,
1873,
1873.5999999999767,
1874,
1874.5,
1875,
1875.5,
1876.0999999999767,
1876.5999999999767,
1877.0999999999767,
1877.5999999999767,
1879,
1879.399999999965,
1880,
1880.5,
1881,
1881.5,
1882,
1882.5,
1883,
1883.5,
1883.899999999965,
1884.5999999999767,
1885.7999999999884,
1886.399999999965,
1886.899999999965,
1887.2999999999884,
1888,
1888.899999999965,
1890,
1890.899999999965,
1891.5,
1892.0999999999767,
1892.5999999999767,
1893,
1894.5999999999767,
1895.2000000000116,
1895.5999999999767,
1896.0999999999767,
1896.5999999999767,
1897.0999999999767,
1897.5999999999767,
1898,
1898.5,
1899.0999999999767,
1899.5999999999767,
1900.2000000000116,
1901.5,
1902,
1902.7000000000116,
1903.2000000000116,
1903.5999999999767,
1904.2000000000116,
1904.5999999999767,
1905.0999999999767,
1905.7000000000116,
1906.2999999999884,
1906.7999999999884,
1907.2000000000116,
1908.5,
1909.2000000000116,
1909.899999999965,
1910.5,
1910.899999999965,
1911.7999999999884,
1912.2000000000116,
1912.7999999999884,
1913.2999999999884,
1913.899999999965,
1914.2999999999884,
1914.899999999965,
1916.2999999999884,
1916.899999999965,
1917.2999999999884,
1917.7999999999884,
1918.5,
1919,
1919.5,
1920.2999999999884,
1920.899999999965,
1921.2999999999884,
1922,
1922.5999999999767,
1923.7999999999884,
1924.2999999999884,
1924.7999999999884,
1925.5,
1926,
1926.399999999965,
1927,
1927.399999999965,
1927.899999999965,
1928.399999999965,
1929,
1929.5,
1930.7999999999884,
1931.2999999999884,
1931.7999999999884,
1932.399999999965,
1932.7999999999884,
1933.2999999999884,
1933.7000000000116,
1934.2999999999884,
1934.7999999999884,
1935.2000000000116,
1935.7000000000116,
1936.2000000000116,
1937.7000000000116,
1938.2999999999884,
1938.7000000000116,
1939.2000000000116,
1939.7999999999884,
1940.399999999965,
1940.7999999999884,
1941.2999999999884,
1941.899999999965,
1942.2999999999884,
1942.899999999965,
1943.2999999999884,
1944.5999999999767,
1945.2999999999884,
1945.7999999999884,
1946.2000000000116,
1946.7999999999884,
1947.2000000000116,
1947.7000000000116,
1948.2000000000116,
1948.7000000000116,
1949.2999999999884,
1949.7999999999884,
1950.399999999965,
1951.5999999999767,
1952.0999999999767,
1952.7000000000116,
1953.399999999965,
1953.7999999999884,
1954.2999999999884,
1954.899999999965,
1955.2999999999884,
1955.7999999999884,
1956.2999999999884,
1956.7999999999884,
1957.2999999999884,
1958.5999999999767,
1959.0999999999767,
1959.5999999999767,
1960.2000000000116,
1960.7000000000116,
1961.2999999999884,
1962.0999999999767,
1962.5999999999767,
1963.2000000000116,
1963.5999999999767,
1964.0999999999767,
1964.5999999999767,
1966,
1966.5,
1967.0999999999767,
1967.5999999999767,
1968,
1968.5999999999767,
1969,
1969.5,
1970.2999999999884,
1970.7000000000116,
1971.2999999999884,
1971.7999999999884,
1973.0999999999767,
1973.5999999999767,
1974.2000000000116,
1974.5999999999767,
1975.0999999999767,
1975.5999999999767,
1976,
1976.5999999999767,
1977.0999999999767,
1977.5999999999767,
1978.0999999999767,
1978.7999999999884,
1980.0999999999767,
1980.7999999999884,
1981.2999999999884,
1981.7000000000116,
1982.2000000000116,
1982.7000000000116,
1983.2000000000116,
1983.7000000000116,
1984.2000000000116,
1984.7000000000116,
1985.0999999999767,
1985.5999999999767,
1987.2000000000116,
1987.7000000000116,
1988.2000000000116,
1988.7000000000116,
1989.2000000000116,
1989.899999999965,
1990.2999999999884,
1990.7999999999884,
1991.2999999999884,
1991.7999999999884,
1992.2999999999884,
1992.7999999999884,
1994.0999999999767,
1994.5999999999767,
1995.2000000000116,
1995.7000000000116,
1996.2000000000116,
1996.7000000000116,
1997.2000000000116,
1997.7000000000116,
1998.0999999999767,
1998.5999999999767,
1999.0999999999767,
1999.7000000000116,
2001.0999999999767,
2001.5999999999767,
2002.2000000000116,
2002.7000000000116,
2003.0999999999767,
2003.7999999999884,
2004.2999999999884,
2004.7999999999884,
2005.2999999999884,
2005.7000000000116,
2006.2999999999884,
2006.7999999999884,
2008,
2008.5,
2009,
2009.7000000000116,
2010.2000000000116,
2010.7000000000116,
2011.2000000000116,
2011.899999999965,
2012.2999999999884,
2012.899999999965,
2013.2999999999884,
2013.7000000000116,
2015.0999999999767,
2015.5999999999767,
2016.0999999999767,
2016.5999999999767,
2017.0999999999767,
2017.5999999999767,
2018.0999999999767,
2018.5,
2019,
2019.5999999999767,
2020.2999999999884,
2020.7999999999884,
2022.0999999999767,
2022.5999999999767,
2023.0999999999767,
2023.5999999999767,
2024.0999999999767,
2024.5999999999767,
2025.0999999999767,
2025.5,
2026,
2026.5,
2027,
2027.5,
2028.899999999965,
2029.399999999965,
2030.0999999999767,
2030.5999999999767,
2031.0999999999767,
2031.5999999999767,
2032.0999999999767,
2032.5999999999767,
2033.0999999999767,
2033.5999999999767,
2034.0999999999767,
2034.5999999999767,
2035.7999999999884,
2036.5999999999767,
2037,
2037.5,
2038,
2038.5,
2039,
2039.5,
2040.0999999999767,
2040.5,
2041.0999999999767,
2041.5999999999767,
2042.7999999999884,
2043.399999999965,
2043.7999999999884,
2044.5,
2045,
2045.5999999999767,
2046.0999999999767,
2046.5,
2047,
2047.5,
2048,
2048.5,
2049.7999999999884,
2050.399999999965,
2050.899999999965,
2051.399999999965,
2051.7999999999884,
2052.2999999999884,
2053,
2053.5,
2054,
2054.5,
2055,
2055.5,
2056.7999999999884,
2057.2999999999884,
2057.7999999999884,
2058.2999999999884,
2058.7999999999884,
2059.2000000000116,
2059.899999999965,
2060.2999999999884,
2061,
2061.5,
2062,
2062.5,
2063.7000000000116,
2064.2999999999884,
2064.7000000000116,
2065.2999999999884,
2065.7999999999884,
2066.2000000000116,
2066.7000000000116,
2067.2000000000116,
2067.7000000000116,
2068.2000000000116,
2068.5999999999767,
2069.2999999999884,
2070.7000000000116,
2071.2000000000116,
2071.7999999999884,
2072.2000000000116,
2072.7999999999884,
2073.2000000000116,
2073.7000000000116,
2074.2000000000116,
2074.7999999999884,
2075.2999999999884,
2075.7000000000116,
2076.2000000000116,
2077.7000000000116,
2078.0999999999767,
2078.5999999999767,
2079.2000000000116,
2079.7000000000116,
2080.2000000000116,
2080.7000000000116,
2081.2000000000116,
2081.7000000000116,
2082.0999999999767,
2082.5999999999767,
2083,
2084.2999999999884,
2084.7999999999884,
2085.5,
2086,
2086.5,
2087,
2087.5,
2088,
2088.399999999965,
2088.899999999965,
2089.399999999965,
2090.0999999999767,
2091.2999999999884,
2091.7999999999884,
2092.2999999999884,
2092.7999999999884,
2093.399999999965,
2094,
2094.5,
2094.899999999965,
2095.5,
2095.899999999965,
2096.399999999965,
2096.899999999965,
2098.0999999999767,
2098.7000000000116,
2099.2000000000116,
2099.7999999999884,
2100.2999999999884,
2100.7999999999884,
2101.2999999999884,
2101.899999999965,
2102.399999999965,
2103,
2103.5,
2104,
2105.2999999999884,
2105.7000000000116,
2106.2999999999884,
2106.7999999999884,
2107.2000000000116,
2107.7999999999884,
2108.2000000000116,
2108.7000000000116,
2109.0999999999767,
2110,
2110.5,
2110.899999999965,
2112.2000000000116,
2112.7999999999884,
2113.2999999999884,
2113.7000000000116,
2114.2999999999884,
2114.7999999999884,
2115.2000000000116,
2115.7000000000116,
2116.2000000000116,
2116.7999999999884,
2117.2999999999884,
2117.7000000000116,
2119.5,
2120,
2120.5999999999767,
2121,
2121.5999999999767,
2122.0999999999767,
2122.5,
2123,
2123.5,
2124,
2124.5,
2125,
2126.5,
2126.899999999965,
2127.5,
2127.899999999965,
2128.399999999965,
2128.899999999965,
2129.399999999965,
2130,
2130.5,
2131,
2131.399999999965,
2131.899999999965,
2133.2000000000116,
2133.7000000000116,
2134.0999999999767,
2134.899999999965,
2135.2999999999884,
2135.899999999965,
2136.399999999965,
2136.899999999965,
2137.2999999999884,
2137.7999999999884,
2138.2999999999884,
2138.899999999965,
2140.2999999999884,
2140.7999999999884,
2141.2999999999884,
2141.7999999999884,
2142.2000000000116,
2142.7000000000116,
2143.399999999965,
2143.899999999965,
2144.2999999999884,
2144.899999999965,
2145.2999999999884,
2145.7000000000116,
2147.0999999999767,
2147.5999999999767,
2148.0999999999767,
2148.5999999999767,
2149.0999999999767,
2149.5999999999767,
2150.2000000000116,
2150.7000000000116,
2151.399999999965,
2151.7999999999884,
2152.399999999965,
2152.7999999999884,
2154.2000000000116,
2154.5999999999767,
2155.0999999999767,
2155.5999999999767,
2156.0999999999767,
2156.5999999999767,
2157.0999999999767,
2157.5999999999767,
2158,
2158.5999999999767,
2159.0999999999767,
2159.7999999999884,
2161.0999999999767,
2161.5999999999767,
2162.0999999999767,
2162.5999999999767,
2163.0999999999767,
2163.5999999999767,
2164.0999999999767,
2164.5999999999767,
2165.0999999999767,
2165.5999999999767,
2166.0999999999767,
2166.5999999999767,
2168.0999999999767,
2168.5999999999767,
2169,
2169.5999999999767,
2170.0999999999767,
2170.5999999999767,
2171.0999999999767,
2171.5999999999767,
2172.0999999999767,
2172.5,
2173,
2173.5,
2174.899999999965,
2175.2999999999884,
2176,
2176.5,
2177,
2177.5999999999767,
2178.0999999999767,
2178.5999999999767,
2179.0999999999767,
2179.5999999999767,
2180.0999999999767,
2180.5999999999767,
2182,
2182.5,
2183,
2183.5,
2184.2000000000116,
2184.7000000000116,
2185.0999999999767,
2185.7000000000116,
2186.0999999999767,
2186.5999999999767,
2187.2000000000116,
2187.5999999999767,
2188.7999999999884,
2189.399999999965,
2189.899999999965,
2190.5,
2190.899999999965,
2191.399999999965,
2191.899999999965,
2194.399999999965,
2194.899999999965,
2195.5,
2195.899999999965,
2196.399999999965,
2197.7000000000116,
2198.2999999999884,
2198.7000000000116,
2199.2999999999884,
2199.7999999999884,
2200.2999999999884,
2200.7999999999884,
2201.2999999999884,
2201.7999999999884,
2202.399999999965,
2202.899999999965,
2203.5,
2204.7999999999884,
2205.2000000000116,
2205.7000000000116,
2206.2999999999884,
2206.7000000000116,
2207.2999999999884,
2207.7999999999884,
2208.2000000000116,
2208.7999999999884,
2209.2000000000116,
2209.899999999965,
2210.399999999965,
2211.7999999999884,
2212.2999999999884,
2212.7999999999884,
2213.2999999999884,
2213.7000000000116,
2214.2000000000116,
2214.7999999999884,
2215.2000000000116,
2215.7999999999884,
2216.2000000000116,
2216.7000000000116,
2217.2000000000116,
2218.5,
2219.399999999965,
2219.899999999965,
2220.5,
2221,
2221.399999999965,
2222,
2222.5,
2223,
2223.399999999965,
2223.899999999965,
2224.399999999965,
2225.7000000000116,
2226.2000000000116,
2226.7000000000116,
2227.2999999999884,
2227.899999999965,
2228.399999999965,
2228.899999999965,
2229.2999999999884,
2229.899999999965,
2230.5,
2231,
2231.5,
2232.7999999999884,
2233.2999999999884,
2233.899999999965,
2234.399999999965,
2234.7999999999884,
2235.2999999999884,
2236,
2236.5,
2237,
2237.399999999965,
2237.899999999965,
2238.399999999965,
2239.7999999999884,
2240.2000000000116,
2240.7000000000116,
2241.2000000000116,
2241.7999999999884,
2242.2999999999884,
2242.7999999999884,
2243.2999999999884,
2243.899999999965,
2244.399999999965,
2244.899999999965,
2245.399999999965,
2246.7000000000116,
2247.2000000000116,
2247.7000000000116,
2248.0999999999767,
2248.5999999999767,
2249.0999999999767,
2249.5999999999767,
2250.2000000000116,
2250.5999999999767,
2251.0999999999767,
2251.5999999999767,
2252.2999999999884,
2253.5999999999767,
2254.0999999999767,
2254.5999999999767,
2255.0999999999767,
2255.5999999999767,
2256.0999999999767,
2256.5999999999767,
2257.0999999999767,
2257.5999999999767,
2258.0999999999767,
2258.5999999999767,
2259,
2260.7999999999884,
2261.399999999965,
2261.899999999965,
2262.399999999965,
2262.899999999965,
2263.399999999965,
2263.899999999965,
2264.399999999965,
2264.899999999965,
2265.2999999999884,
2265.899999999965,
2266.399999999965,
2267.7000000000116,
2268.2000000000116,
2268.899999999965,
2269.5,
2270.0999999999767,
2270.7000000000116,
2271.0999999999767,
2271.5999999999767,
2272.0999999999767,
2272.5999999999767,
2273,
2273.5,
2274.7999999999884,
2275.2999999999884,
2275.899999999965,
2276.2999999999884,
2276.899999999965,
2277.5,
2278,
2278.5,
2279,
2279.5999999999767,
2280.0999999999767,
2280.5999999999767,
2281.899999999965,
2282.399999999965,
2282.899999999965,
2283.5,
2283.899999999965,
2284.399999999965,
2284.899999999965,
2285.7000000000116,
2286.2999999999884,
2286.899999999965,
2287.5999999999767,
2288.0999999999767,
2289.399999999965,
2290,
2290.5,
2291,
2291.5,
2292,
2292.5999999999767,
2293.0999999999767,
2293.5999999999767,
2294.2000000000116,
2294.7000000000116,
2295.2000000000116,
2296.7000000000116,
2297.2000000000116,
2297.7000000000116,
2298.2000000000116,
2298.7000000000116,
2299.0999999999767,
2299.7000000000116,
2300.2000000000116,
2300.7000000000116,
2301.2000000000116,
2301.7999999999884,
2302.399999999965,
2303.7999999999884,
2304.2999999999884,
2304.7999999999884,
2305.399999999965,
2305.899999999965,
2306.2999999999884,
2306.899999999965,
2307.2999999999884,
2307.7999999999884,
2308.2999999999884,
2308.899999999965,
2309.2999999999884,
2310.899999999965,
2311.399999999965,
2312,
2312.399999999965,
2312.899999999965,
2313.399999999965,
2313.899999999965,
2314.399999999965,
2314.899999999965,
2315.2999999999884,
2315.899999999965,
2316.2999999999884,
2317.5999999999767,
2318.0999999999767,
2318.7000000000116,
2319.399999999965,
2320,
2320.399999999965,
2320.899999999965,
2321.399999999965,
2322,
2322.399999999965,
2322.899999999965,
2323.399999999965,
2324.7000000000116,
2325.2000000000116,
2325.7000000000116,
2326.2999999999884,
2326.7000000000116,
2327.399999999965,
2327.899999999965,
2328.399999999965,
2328.899999999965,
2329.399999999965,
2329.899999999965,
2330.399999999965,
2331.7000000000116,
2332.2000000000116,
2332.7000000000116,
2333.2000000000116,
2333.7000000000116,
2334.2000000000116,
2334.7000000000116,
2335.2000000000116,
2335.899999999965,
2336.2999999999884,
2336.7999999999884,
2337.2999999999884,
2338.5999999999767,
2339.0999999999767,
2339.7000000000116,
2340.2999999999884,
2340.7999999999884,
2341.2999999999884,
2341.7000000000116,
2342.2000000000116,
2342.7000000000116,
2343.2999999999884,
2343.899999999965,
2344.399999999965,
2345.7999999999884,
2346.2999999999884,
2346.7999999999884,
2347.2000000000116,
2347.7000000000116,
2348.0999999999767,
2348.7000000000116,
2349.2000000000116,
2349.7000000000116,
2350.2999999999884,
2350.7999999999884,
2351.2999999999884,
2352.899999999965,
2353.2999999999884,
2353.899999999965,
2354.399999999965,
2354.899999999965,
2355.399999999965,
2355.899999999965,
2356.399999999965,
2356.899999999965,
2357.5,
2358.5,
2359.5,
2361.899999999965,
2362.5999999999767,
2363,
2363.5999999999767,
2364.0999999999767,
2364.5999999999767,
2365,
2365.5,
2366,
2366.399999999965,
2367,
2367.5,
2368.7000000000116,
2369.2000000000116,
2369.899999999965,
2370.2999999999884,
2371.0999999999767,
2371.5,
2372,
2372.5,
2372.899999999965,
2373.5,
2374,
2374.5,
2375.7999999999884,
2376.2000000000116,
2376.7999999999884,
2377.2000000000116,
2377.7999999999884,
2378.2000000000116,
2378.899999999965,
2379.5,
2379.899999999965,
2380.399999999965,
2380.899999999965,
2381.399999999965,
2382.7000000000116,
2383.2000000000116,
2383.7000000000116,
2384.2000000000116,
2384.5999999999767,
2385.0999999999767,
2385.7000000000116,
2386.2000000000116,
2386.5999999999767,
2387.2999999999884,
2387.7999999999884,
2388.2999999999884,
2389.5999999999767,
2390.0999999999767,
2390.5999999999767,
2391.2000000000116,
2391.5999999999767,
2392.0999999999767,
2392.5999999999767,
2393,
2393.5999999999767,
2394.0999999999767,
2394.5999999999767,
2395.2000000000116,
2396.5,
2396.899999999965,
2397.399999999965,
2397.899999999965,
2398.5,
2398.899999999965,
2399.5,
2400,
2400.5999999999767,
2401,
2401.5,
2402,
2403.5,
2404,
2404.5,
2405,
2405.5,
2406,
2406.399999999965,
2407,
2407.5,
2407.899999999965,
2408.5,
2409,
2410.2999999999884,
2410.899999999965,
2411.399999999965,
2412.0999999999767,
2412.5,
2413,
2413.5,
2414,
2414.5,
2414.899999999965,
2415.5,
2416,
2417.2000000000116,
2417.7000000000116,
2418.2999999999884,
2418.7000000000116,
2419.2999999999884,
2420.0999999999767,
2420.5999999999767,
2421.0999999999767,
2421.5999999999767,
2422.0999999999767,
2422.5,
2423,
2424.2999999999884,
2424.7999999999884,
2425.2999999999884,
2425.7999999999884,
2426.2999999999884,
2426.7999999999884,
2427.2999999999884,
2427.7000000000116,
2428.2999999999884,
2428.899999999965,
2429.5,
2429.899999999965,
2431.2000000000116,
2431.7000000000116,
2432.2000000000116,
2432.7000000000116,
2433.2000000000116,
2433.7000000000116,
2434.0999999999767,
2434.7000000000116,
2435.2000000000116,
2435.5999999999767,
2436.2999999999884,
2436.7999999999884,
2438.0999999999767,
2438.5999999999767,
2439.0999999999767,
2439.5999999999767,
2440.2000000000116,
2440.7000000000116,
2441.2000000000116,
2441.7000000000116,
2442.2000000000116,
2442.5999999999767,
2443.2000000000116,
2443.7000000000116,
2445.0999999999767,
2445.5999999999767,
2446.0999999999767,
2446.5999999999767,
2447.0999999999767,
2447.5999999999767,
2448,
2448.5,
2449.0999999999767,
2449.5999999999767,
2450.0999999999767,
2450.7999999999884,
2452,
2452.7000000000116,
2453.2999999999884,
2453.7000000000116,
2454.2999999999884,
2454.7999999999884,
2455.2000000000116,
2455.7000000000116,
2456.2000000000116,
2456.7000000000116,
2457.2000000000116,
2457.7000000000116,
2459.0999999999767,
2459.7000000000116,
2460.2000000000116,
2460.7000000000116,
2461.399999999965,
2461.7999999999884,
2462.399999999965,
2462.7999999999884,
2463.399999999965,
2463.7999999999884,
2464.2999999999884,
2464.7999999999884,
2466.0999999999767,
2466.5999999999767,
2467.0999999999767,
2467.5999999999767,
2468,
2468.5999999999767,
2469.2999999999884,
2469.899999999965,
2470.2999999999884,
2470.899999999965,
2471.399999999965,
2471.7999999999884,
2473.0999999999767,
2473.5999999999767,
2474.0999999999767,
2474.5,
2475.0999999999767,
2475.5999999999767,
2476,
2476.5,
2477.0999999999767,
2477.7999999999884,
2478.399999999965,
2478.899999999965,
2480.2999999999884,
2480.7999999999884,
2481.2999999999884,
2481.7999999999884,
2482.2000000000116,
2482.7999999999884,
2483.2999999999884,
2483.7999999999884,
2484.2999999999884,
2484.7000000000116,
2485.2000000000116,
2485.7999999999884,
2487.0999999999767,
2487.5999999999767,
2488.0999999999767,
2488.5999999999767,
2489.0999999999767,
2489.5999999999767,
2490.2000000000116,
2490.7000000000116,
2491.2000000000116,
2491.7999999999884,
2492.2000000000116,
2492.7000000000116,
2494.0999999999767,
2494.5999999999767,
2495.0999999999767,
2495.7000000000116,
2496.0999999999767,
2496.5999999999767,
2497.0999999999767,
2497.5999999999767,
2498.0999999999767,
2498.5,
2499.0999999999767,
2499.5999999999767,
2501,
2501.5,
2502,
2502.7000000000116,
2503.2000000000116,
2503.7000000000116,
2504.0999999999767,
2504.5999999999767,
2505.0999999999767,
2505.5999999999767,
2506.0999999999767,
2506.5,
2507.7999999999884,
2508.399999999965,
2508.899999999965,
2509.2999999999884,
2509.899999999965,
2510.5,
2511.0999999999767,
2511.5999999999767,
2512.0999999999767,
2512.5,
2513.0999999999767,
2513.5,
2514.7999999999884,
2515.2999999999884,
2515.7999999999884,
2516.2999999999884,
2516.7999999999884,
2517.2000000000116,
2517.7999999999884,
2518.2999999999884,
2518.7999999999884,
2519.399999999965,
2519.899999999965,
2520.5,
2521.7999999999884,
2522.2000000000116,
2522.7999999999884,
2523.2000000000116,
2523.7000000000116,
2524.2000000000116,
2524.7999999999884,
2525.2000000000116,
2525.7000000000116,
2526.2000000000116,
2526.899999999965,
2527.399999999965,
2528.5999999999767,
2529.2000000000116,
2529.7000000000116,
2530.2000000000116,
2530.7000000000116,
2531.2999999999884,
2531.7000000000116,
2532.2000000000116,
2532.7000000000116,
2533.2000000000116,
2533.7000000000116,
2534.2000000000116,
2535.7000000000116,
2536.2000000000116,
2536.7000000000116,
2537.0999999999767,
2537.5999999999767,
2538.0999999999767,
2538.5999999999767,
2539.0999999999767,
2539.7000000000116,
2540.2000000000116,
2540.7000000000116,
2541.2000000000116,
2542.5,
2543.2000000000116,
2543.7000000000116,
2544.2000000000116,
2544.7000000000116,
2545.2000000000116,
2545.7000000000116,
2546.2000000000116,
2546.7000000000116,
2547.2000000000116,
2547.7000000000116,
2548.2000000000116,
2549.399999999965,
2550.0999999999767,
2550.5999999999767,
2551,
2551.7999999999884,
2552.2000000000116,
2552.7000000000116,
2553.2000000000116,
2553.5999999999767,
2554.2000000000116,
2554.7000000000116,
2555.2000000000116,
2556.399999999965,
2557,
2557.399999999965,
2557.899999999965,
2558.399999999965,
2558.899999999965,
2559.7000000000116,
2560.2000000000116,
2560.5999999999767,
2561.0999999999767,
2561.5999999999767,
2562.0999999999767,
2563.399999999965,
2563.7999999999884,
2564.399999999965,
2564.7999999999884,
2565.2999999999884,
2565.7999999999884,
2566.399999999965,
2566.7999999999884,
2567.399999999965,
2568,
2568.399999999965,
2568.899999999965,
2570.399999999965,
2570.899999999965,
2571.399999999965,
2571.899999999965,
2572.399999999965,
2572.7999999999884,
2573.2999999999884,
2573.7999999999884,
2574.2999999999884,
2574.7999999999884,
2575.2999999999884,
2576.2000000000116,
2577.5,
2578,
2578.5,
2579,
2579.5,
2579.899999999965,
2580.5,
2581,
2581.5,
2582,
2582.5,
2583,
2584.399999999965,
2584.899999999965,
2585.399999999965,
2585.899999999965,
2586.399999999965,
2586.899999999965,
2587.399999999965,
2587.899999999965,
2588.399999999965,
2588.899999999965,
2589.2999999999884,
2589.899999999965,
2591.2000000000116,
2591.7000000000116,
2592.2000000000116,
2592.899999999965,
2593.7000000000116,
2594.2999999999884,
2595,
2595.7000000000116,
2596.399999999965,
2597.0999999999767,
2598,
2600.2999999999884,
2603.0999999999767,
2604.2000000000116,
2605.2999999999884,
2606.2999999999884,
2607.399999999965,
2609.0999999999767,
2609.5999999999767,
2610.2999999999884,
2610.7999999999884,
2611.2999999999884,
2611.899999999965,
2612.399999999965,
2613.7000000000116,
2614.2000000000116,
2614.7000000000116,
2615.2000000000116,
2615.7000000000116,
2616.2000000000116,
2616.7000000000116,
2617.2000000000116,
2617.899999999965,
2618.5999999999767,
2619.5,
2620.399999999965,
2622.5,
2623.2999999999884,
2624.0999999999767,
2624.899999999965,
2626,
2627,
2627.5999999999767,
2628.5,
2629.0999999999767,
2630.399999999965,
2631.5,
2632,
2633.2000000000116,
2633.7999999999884,
2634.2999999999884,
2634.7999999999884,
2635.2999999999884,
2635.7999999999884,
2636.2999999999884,
2636.7999999999884,
2637.2999999999884,
2637.7999999999884,
2638.399999999965,
2638.899999999965,
2640.2999999999884,
2640.7999999999884,
2641.2999999999884,
2641.7999999999884,
2642.2999999999884,
2642.899999999965,
2643.2999999999884,
2643.7999999999884,
2644.2999999999884,
2644.899999999965,
2645.399999999965,
2645.899999999965,
2647.2000000000116,
2647.7000000000116,
2648.5,
2648.899999999965,
2649.5,
2650,
2650.399999999965,
2651,
2651.5,
2652,
2652.399999999965,
2652.899999999965
0.5999999999767169,
0.5,
0.7000000000116415,
0.5,
0.5999999999767169,
0.5,
0.5999999999767169,
0.5,
0.6000000000349246,
0.5,
0.8999999999650754,
1.5,
0.5,
0.5,
0.3999999999650754,
0.5,
0.8000000000465661,
0.5,
0.5,
0.5,
0.5999999999767169,
0.40000000002328306,
0.5999999999767169,
1.599999999976717,
0.5,
0.5,
0.5,
0.6000000000349246,
0.5,
0.5,
0.7000000000116415,
0.5,
0.5,
0.5,
0.5,
1.3999999999650754,
0.7000000000116415,
0.5,
0.5,
0.5999999999767169,
0.6000000000349246,
0.5999999999767169,
0.5,
0.5,
0.6000000000349246,
0.5999999999767169,
0.5,
1.2999999999883585,
0.6000000000349246,
0.3999999999650754,
0.7000000000116415,
0.5,
0.5,
0.5,
0.5,
0.5999999999767169,
0.5,
0.6000000000349246,
0.5999999999767169,
1.400000000023283,
0.5999999999767169,
0.5,
0.40000000002328306,
0.5999999999767169,
0.7000000000116415,
0.5,
0.5,
0.5,
0.5,
0.5999999999767169,
0.5,
1.6000000000349246,
0.5999999999767169,
0.5,
0.5,
0.3999999999650754,
0.6000000000349246,
0.5,
0.6999999999534339,
0.5,
0.6000000000349246,
0.5,
0.5,
1.3999999999650754,
0.6000000000349246,
0.5,
0.5999999999767169,
0.5,
0.5,
0.5,
0.5999999999767169,
0.40000000002328306,
0.6999999999534339,
0.5,
0.5,
1.6000000000349246,
1.2000000000116415,
0.8999999999650754,
0.7000000000116415,
0.5,
0.5999999999767169,
0.40000000002328306,
0.5999999999767169,
0.6000000000349246,
0.5,
0.5999999999767169,
0.6000000000349246,
1.3999999999650754,
0.5,
0.5,
0.5,
0.5,
0.7000000000116415,
0.5,
0.5,
0.5,
0.40000000002328306,
0.5,
0.5999999999767169,
1.7000000000116415,
0.5,
0.5,
0.6000000000349246,
0.3999999999650754,
0.6000000000349246,
0.40000000002328306,
0.6999999999534339,
0.5,
0.5,
0.6000000000349246,
0.5,
1.2999999999883585,
0.7000000000116415,
0.5999999999767169,
0.5,
0.5,
0.5,
0.6000000000349246,
0.5,
0.5,
0.7999999999883585,
0.5999999999767169,
0.6000000000349246,
1.2999999999883585,
0.5,
0.5,
0.7000000000116415,
0.5,
0.5,
0.5,
0.5999999999767169,
0.6000000000349246,
0.5999999999767169,
0.7000000000116415,
0.5999999999767169,
1.400000000023283,
0.5,
0.5999999999767169,
0.5,
0.5,
0.8000000000465661,
0.5,
0.5,
0.5,
0.5,
0.5999999999767169,
0.5,
1.7000000000116415,
0.5,
0.5,
0.5,
0.5,
0.6000000000349246,
0.5999999999767169,
0.5,
0.5,
0.5999999999767169,
0.6000000000349246,
0.3999999999650754,
1.400000000023283,
0.5999999999767169,
0.7000000000116415,
0.6000000000349246,
0.3999999999650754,
0.6000000000349246,
0.5,
0.5,
0.6999999999534339,
0.5,
0.5,
0.5,
1.400000000023283,
0.5999999999767169,
0.40000000002328306,
1,
0.40000000002328306,
0.5999999999767169,
0.5,
0.7000000000116415,
1.2000000000116415,
1.099999999976717,
0.9000000000232831,
1,
4.099999999976717,
1.2000000000116415,
1,
1.099999999976717,
1.2000000000116415,
1.599999999976717,
0.9000000000232831,
0.7999999999883585,
0.9000000000232831,
0.8999999999650754,
0.9000000000232831,
1,
2.599999999976717,
0.7999999999883585,
0.8000000000465661,
0.7999999999883585,
0.7000000000116415,
1,
0.3999999999650754,
0.9000000000232831,
0.5,
0.3999999999650754,
0.6000000000349246,
0.5999999999767169,
1.7999999999883585,
0.5,
0.5,
0.6000000000349246,
0.5,
0.5999999999767169,
0.5,
0.7000000000116415,
0.5,
0.5,
0.5999999999767169,
0.5,
1.3999999999650754,
0.6000000000349246,
0.5999999999767169,
0.5,
0.5,
0.7000000000116415,
0.5,
0.5999999999767169,
0.5,
1.2000000000116415,
0.5,
0.5,
1.400000000023283,
0.5999999999767169,
0.5,
0.5,
0.6999999999534339,
0.6000000000349246,
0.5,
0.5,
0.7000000000116415,
0.5,
0.5999999999767169,
0.7000000000116415,
1.5,
0.7999999999883585,
0.5,
0.5,
0.5999999999767169,
0.40000000002328306,
0.5,
0.6000000000349246,
0.5,
0.5,
0.5999999999767169,
0.40000000002328306,
1.7000000000116415,
0.5999999999767169,
0.5,
0.5,
0.5,
0.5999999999767169,
0.5,
0.5,
0.5,
0.5,
0.6000000000349246,
0.5999999999767169,
1.599999999976717,
0.6000000000349246,
0.5999999999767169,
0.5,
0.6000000000349246,
0.3999999999650754,
0.6000000000349246,
0.5,
0.5,
0.5,
0.5,
0.5999999999767169,
1.2999999999883585,
0.6000000000349246,
0.5,
0.7999999999883585,
0.5999999999767169,
0.40000000002328306,
0.5,
0.5999999999767169,
0.5,
0.6000000000349246,
0.3999999999650754,
0.5,
1.400000000023283,
0.5999999999767169,
0.5,
0.5,
0.6000000000349246,
0.6999999999534339,
0.6000000000349246,
0.5,
0.5999999999767169,
0.5,
0.5,
0.5,
1.400000000023283,
0.5999999999767169,
0.5,
0.6000000000349246,
0.5,
0.40000000002328306,
0.5999999999767169,
0.7000000000116415,
0.5,
0.5,
0.5999999999767169,
0.40000000002328306,
1.599999999976717,
0.5,
0.6000000000349246,
0.5,
0.3999999999650754,
0.3999999999650754,
0.7000000000116415,
0.5,
0.40000000002328306,
0.7999999999883585,
0.5,
0.6000000000349246,
1.2999999999883585,
0.5999999999767169,
0.40000000002328306,
0.5999999999767169,
0.5,
0.5,
0.5,
0.6000000000349246,
0.5,
0.5,
0.5,
0.7999999999883585,
1.2999999999883585,
0.5,
0.5,
0.5,
0.5999999999767169,
0.40000000002328306,
0.5,
0.40000000002328306,
0.5,
0.5999999999767169,
0.6000000000349246,
0.3999999999650754,
1.6000000000349246,
0.5,
0.5,
0.5,
0.3999999999650754,
0.5,
0.5999999999767169,
0.40000000002328306,
0.5999999999767169,
0.5,
0.40000000002328306,
0.5,
1.3999999999650754,
0.9000000000232831,
0.5,
0.5,
0.5999999999767169,
0.5,
0.5,
0.5,
0.40000000002328306,
0.5,
0.5999999999767169,
0.5,
1.400000000023283,
0.5,
0.40000000002328306,
0.7999999999883585,
0.5,
0.5,
0.5999999999767169,
0.3999999999650754,
0.6000000000349246,
0.5,
0.3999999999650754,
0.6000000000349246,
1.2999999999883585,
0.5999999999767169,
0.40000000002328306,
0.5999999999767169,
0.5,
0.6000000000349246,
0.40000000002328306,
0.5999999999767169,
0.40000000002328306,
0.5,
0.5,
0.6999999999534339,
1.400000000023283,
0.5,
0.5,
0.40000000002328306,
0.5999999999767169,
0.5,
0.5,
0.7000000000116415,
0.3999999999650754,
0.3999999999650754,
0.5,
0.5,
1.5,
0.5,
0.6000000000349246,
0.5999999999767169,
0.40000000002328306,
0.5,
0.5999999999767169,
0.5,
0.40000000002328306,
0.7999999999883585,
0.40000000002328306,
0.5,
1.2999999999883585,
0.5999999999767169,
0.5,
0.6000000000349246,
0.3999999999650754,
0.5,
0.5,
0.5,
0.6000000000349246,
0.5999999999767169,
0.40000000002328306,
0.6999999999534339,
1.400000000023283,
0.5,
0.5999999999767169,
0.40000000002328306,
0.5,
0.40000000002328306,
0.5999999999767169,
0.5,
0.40000000002328306,
0.5,
0.40000000002328306,
0.5,
1.6999999999534339,
0.5,
0.6000000000349246,
0.3999999999650754,
0.5,
0.5,
0.5,
0.5,
0.5,
0.5,
0.5,
0.3999999999650754,
1.400000000023283,
0.5,
0.8000000000465661,
0.5,
0.5,
0.5,
0.5999999999767169,
0.5,
0.5,
0.40000000002328306,
0.5,
0.5,
1.400000000023283,
0.3999999999650754,
0.5,
0.5,
0.7000000000116415,
0.5,
0.5999999999767169,
0.5,
0.5,
0.5,
0.5,
0.6000000000349246,
1.2999999999883585,
0.5999999999767169,
0.5,
0.5,
0.5,
0.40000000002328306,
1,
0.7000000000116415,
0.5,
0.5,
0.5,
0.5,
1.2999999999883585,
0.5,
0.6000000000349246,
0.3999999999650754,
0.5,
0.5,
0.7000000000116415,
0.5,
1.5,
0.6999999999534339,
0.7000000000116415,
0.6000000000349246,
1.5,
0.5,
0.5999999999767169,
0.5,
0.7000000000116415,
0.5,
0.3999999999650754,
0.5,
0.5999999999767169,
0.5,
1.2999999999883585,
0.5,
1.5,
0.5,
0.5,
0.6000000000349246,
0.3999999999650754,
0.5,
0.5,
0.5999999999767169,
0.5,
0.5,
0.5,
0.5,
1.6000000000349246,
0.5,
0.5999999999767169,
0.40000000002328306,
0.5,
0.5,
0.5,
0.5,
0.7000000000116415,
0.5,
0.5,
0.5,
1.7000000000116415,
0.5999999999767169,
0.5,
0.5,
0.5,
0.6000000000349246,
0.5,
0.5,
0.5,
0.5,
0.5999999999767169,
1.2000000000116415,
1.400000000023283,
0.5,
0.8999999999650754,
0.5,
0.6000000000349246,
0.5,
0.5,
0.3999999999650754,
0.5,
0.3999999999650754,
0.5,
0.6000000000349246,
1.2999999999883585,
0.5,
0.5,
0.5999999999767169,
0.5,
0.7000000000116415,
0.5,
0.5,
0.5999999999767169,
0.3999999999650754,
0.7000000000116415,
0.6000000000349246,
1.2999999999883585,
0.5999999999767169,
0.5,
0.6000000000349246,
0.5999999999767169,
1.2999999999883585,
0.40000000002328306,
4,
0.5999999999767169,
0.6000000000349246,
0.3999999999650754,
0.5,
1.2999999999883585,
0.5,
0.6000000000349246,
0.5,
0.5999999999767169,
0.5,
0.6000000000349246,
0.3999999999650754,
0.6000000000349246,
0.7999999999883585,
0.5999999999767169,
0.5,
1.2999999999883585,
0.5,
0.5,
0.6000000000349246,
0.5,
0.5,
0.5,
0.5,
0.5,
0.5,
0.5,
0.7000000000116415,
1.5,
0.5999999999767169,
0.5,
0.5,
0.5,
0.5,
0.5,
0.5,
0.5,
0.5999999999767169,
0.5,
0.5,
1.6000000000349246,
0.5,
0.3999999999650754,
0.5,
0.6000000000349246,
0.5999999999767169,
0.6000000000349246,
0.3999999999650754,
0.6000000000349246,
0.3999999999650754,
0.6000000000349246,
0.3999999999650754,
1.2999999999883585,
0.5,
0.5,
0.7000000000116415,
0.5,
0.5,
0.5,
0.40000000002328306,
0.5,
0.40000000002328306,
0.5999999999767169,
0.5,
1.2999999999883585,
0.5,
0.5,
0.5,
0.5,
0.6999999999534339,
0.5,
0.5,
0.5,
0.5,
0.5,
0.5,
1.3000000000465661,
0.5,
0.5,
0.5999999999767169,
0.5,
0.40000000002328306,
0.40000000002328306,
0.7999999999883585,
0.5,
0.5,
0.40000000002328306,
0.7000000000116415,
1.1999999999534339,
0.5,
0.5,
0.5,
0.3999999999650754,
0.3999999999650754,
0.5,
0.5,
0.5,
0.5,
0.5999999999767169,
0.5,
1.400000000023283,
0.5999999999767169,
0.40000000002328306,
0.5,
0.5999999999767169,
0.5,
0.40000000002328306,
0.5,
0.5,
0.5999999999767169,
0.5,
0.5,
1.6000000000349246,
0.5,
0.5,
0.3999999999650754,
0.5,
0.5,
0.3999999999650754,
0.5,
0.5,
0.5,
0.6000000000349246,
0.5,
1.1999999999534339,
0.8000000000465661,
0.3999999999650754,
0.5,
0.5,
0.5,
0.5,
0.6000000000349246,
0.5,
0.5,
0.5,
0.3999999999650754,
1.400000000023283,
0.5,
0.5999999999767169,
0.7000000000116415,
0.5,
0.5999999999767169,
0.40000000002328306,
0.5,
0.5,
0.5,
0.5999999999767169,
0.5,
1.5,
0.40000000002328306,
0.5,
0.5,
0.5,
1,
0.5,
0.7000000000116415,
0.5999999999767169,
0.5,
0.5,
0.5999999999767169,
1.5,
0.40000000002328306,
0.6000000000349246,
0.5,
0.3999999999650754,
0.5,
0.6000000000349246,
0.3999999999650754,
0.5999999999767169,
0.5,
0.6000000000349246,
0.5,
1.1999999999534339,
0.5,
0.5,
0.5,
0.5,
0.5,
0.5,
0.40000000002328306,
0.5999999999767169,
0.5,
0.7000000000116415,
0.40000000002328306,
1.2999999999883585,
0.5999999999767169,
0.5,
0.5,
0.5,
0.5,
0.5,
0.5,
0.40000000002328306,
0.5,
0.5,
0.5,
1.599999999976717,
0.6000000000349246,
0.3999999999650754,
0.6000000000349246,
0.3999999999650754,
0.5,
0.5999999999767169,
0.5,
0.40000000002328306,
0.5999999999767169,
0.40000000002328306,
0.5,
1.2999999999883585,
0.7000000000116415,
0.5,
0.5,
0.5,
0.5,
0.5999999999767169,
0.5,
0.5,
0.5,
0.6000000000349246,
0.8999999999650754,
2.1000000000349246,
0.5999999999767169,
0.5,
0.5,
0.5999999999767169,
0.5,
0.5,
0.5,
0.5,
0.6000000000349246,
0.5,
0.5,
1.2999999999883585,
0.40000000002328306,
0.5,
0.5,
0.5,
0.5999999999767169,
0.5999999999767169,
0.5,
0.5,
0.40000000002328306,
0.40000000002328306,
0.7000000000116415,
1.2999999999883585,
0.6000000000349246,
0.5,
0.5,
0.5,
0.5,
0.5,
0.5,
0.7000000000116415,
0.5,
0.5,
0.5999999999767169,
1.2999999999883585,
0.5,
0.5,
0.5,
0.5,
0.5,
0.6000000000349246,
0.5,
0.5,
0.3999999999650754,
0.6000000000349246,
0.6999999999534339,
1.400000000023283,
0.40000000002328306,
0.5,
0.5,
0.5,
0.5,
0.5,
0.5,
0.5999999999767169,
0.5,
0.40000000002328306,
0.5999999999767169,
1.6000000000349246,
0.5,
0.5,
0.5,
0.5,
0.5999999999767169,
0.40000000002328306,
0.5999999999767169,
0.5,
0.40000000002328306,
0.5999999999767169,
0.5,
1.2999999999883585,
0.5,
0.7000000000116415,
0.6000000000349246,
0.5999999999767169,
0.5,
0.5,
0.5,
0.5,
0.5,
0.5,
0.5,
1.2000000000116415,
0.5999999999767169,
0.5,
0.5,
0.7000000000116415,
0.5,
0.5999999999767169,
0.5,
0.6000000000349246,
0.3999999999650754,
0.6000000000349246,
0.3999999999650754,
1.400000000023283,
0.5,
0.5,
0.5,
0.5,
0.5,
0.5,
0.6000000000349246,
0.5,
0.5,
0.3999999999650754,
0.6000000000349246,
1.2999999999883585,
0.5,
0.5999999999767169,
0.5,
0.40000000002328306,
0.5999999999767169,
0.3999999999650754,
0.6000000000349246,
0.5,
0.5999999999767169,
0.5,
0.5,
1.2999999999883585,
0.5,
0.5,
0.5,
0.5,
0.5,
0.5,
0.6000000000349246,
0.5,
0.5,
0.3999999999650754,
0.6000000000349246,
1.5,
0.5,
0.5999999999767169,
0.6000000000349246,
0.5,
0.5,
0.5,
0.40000000002328306,
0.3999999999650754,
0.6000000000349246,
0.3999999999650754,
0.6000000000349246,
1.5,
0.5999999999767169,
0.40000000002328306,
0.5,
0.5,
0.5,
0.5,
0.5999999999767169,
0.5,
0.5,
0.40000000002328306,
0.5,
1.2999999999883585,
0.40000000002328306,
0.5,
0.8999999999650754,
0.6000000000349246,
0.3999999999650754,
0.6000000000349246,
0.3999999999650754,
0.6000000000349246,
0.5,
0.3999999999650754,
0.6000000000349246,
1.2999999999883585,
0.5,
0.5999999999767169,
0.6000000000349246,
0.5,
0.7999999999883585,
0.40000000002328306,
0.5,
0.5999999999767169,
0.6000000000349246,
0.5999999999767169,
0.6000000000349246,
1.3999999999650754,
0.5,
0.5,
0.7999999999883585,
0.6000000000349246,
0.5,
0.5,
0.7000000000116415,
0.5,
0.5,
0.5,
0.5999999999767169,
1.5,
0.5,
0.5,
0.5,
0.5,
0.5,
0.5,
0.5999999999767169,
0.5,
0.5,
0.6000000000349246,
0.5999999999767169,
1.2000000000116415,
0.5,
0.5,
0.5,
0.5999999999767169,
0.6000000000349246,
0.5,
0.3999999999650754,
0.5,
0.5,
0.6000000000349246,
0.3999999999650754,
1.5,
0.6000000000349246,
0.3999999999650754,
0.6000000000349246,
0.3999999999650754,
0.5,
0.5,
0.5,
0.5,
0.3999999999650754,
0.5,
0.7000000000116415,
1.2999999999883585,
0.7000000000116415,
0.40000000002328306,
0.5999999999767169,
0.5,
0.5,
0.5,
0.40000000002328306,
0.5,
0.5999999999767169,
0.40000000002328306,
0.5,
1.2999999999883585,
0.5,
0.5999999999767169,
0.7000000000116415,
0.5999999999767169,
0.40000000002328306,
0.5999999999767169,
0.40000000002328306,
0.5,
0.5,
0.5,
0.5,
1.2000000000116415,
0.5,
0.5,
0.5,
0.5,
0.5,
1,
0.6000000000349246,
0.5999999999767169,
0.5,
0.40000000002328306,
0.5999999999767169,
1.2999999999883585,
0.5,
0.5,
0.40000000002328306,
0.5999999999767169,
0.5,
0.5,
0.40000000002328306,
0.7000000000116415,
0.5,
0.5,
0.5,
1.3999999999650754,
0.5,
0.5,
0.5,
0.5,
0.5,
0.5,
0.6000000000349246,
0.5,
0.3999999999650754,
0.5,
0.7000000000116415,
1.400000000023283,
0.5,
0.5,
0.5999999999767169,
0.40000000002328306,
0.5999999999767169,
0.5,
0.40000000002328306,
0.5,
0.5,
0.40000000002328306,
0.5999999999767169,
1.5,
0.5,
0.5,
0.40000000002328306,
0.5999999999767169,
0.5,
0.5,
0.5,
0.5,
0.5,
0.40000000002328306,
0.5999999999767169,
1.3000000000465661,
0.3999999999650754,
0.7999999999883585,
0.6000000000349246,
0.3999999999650754,
0.6000000000349246,
0.3999999999650754,
0.5,
0.6000000000349246,
0.3999999999650754,
0.5,
0.5,
1.400000000023283,
0.40000000002328306,
0.6999999999534339,
0.5,
0.6000000000349246,
0.5999999999767169,
0.5,
0.5,
0.5,
0.40000000002328306,
0.5999999999767169,
0.40000000002328306,
1.2999999999883585,
0.5,
0.5,
0.5,
0.40000000002328306,
0.5,
0.7999999999883585,
0.40000000002328306,
0.5999999999767169,
0.5,
0.6000000000349246,
0.3999999999650754,
1.2999999999883585,
0.5,
0.5,
0.3999999999650754,
0.5,
0.5,
0.5,
0.40000000002328306,
0.5999999999767169,
0.6000000000349246,
0.5,
0.5,
1.2999999999883585,
0.5,
0.5,
0.5,
0.5,
0.5,
0.40000000002328306,
0.5999999999767169,
0.5,
0.40000000002328306,
0.5,
0.7999999999883585,
1.2999999999883585,
0.5,
0.3999999999650754,
0.5,
0.5,
0.5,
0.5,
0.5,
0.5,
0.3999999999650754,
0.6000000000349246,
0.3999999999650754,
1.5,
0.5,
0.5,
0.5,
0.5999999999767169,
0.40000000002328306,
0.5999999999767169,
0.5,
0.5,
0.5,
0.6000000000349246,
0.5,
1.3999999999650754,
0.6000000000349246,
0.5999999999767169,
0.5,
0.5,
0.5,
0.5,
0.5,
0.5,
0.5,
0.5999999999767169,
0.5,
1.3000000000465661,
0.5,
0.5,
0.5,
0.7999999999883585,
0.3999999999650754,
0.6000000000349246,
0.3999999999650754,
0.6000000000349246,
0.5,
0.3999999999650754,
0.5,
1.400000000023283,
0.5,
0.5,
0.40000000002328306,
0.5999999999767169,
0.5,
0.5,
0.5999999999767169,
0.6000000000349246,
0.5,
0.5999999999767169,
0.5,
1.2000000000116415,
0.40000000002328306,
0.40000000002328306,
0.5999999999767169,
0.5,
0.5,
0.5,
0.5,
0.5,
0.7000000000116415,
0.5,
0.5,
1.2999999999883585,
0.5,
0.6000000000349246,
0.5999999999767169,
0.5,
0.5,
0.5,
0.40000000002328306,
0.5,
0.5999999999767169,
0.5,
0.40000000002328306,
1.8999999999650754,
0.5,
0.5,
0.5,
0.6000000000349246,
0.3999999999650754,
0.5,
0.6000000000349246,
0.5,
0.5,
0.5,
0.5,
1.5,
0.5999999999767169,
0.5,
0.5,
0.40000000002328306,
0.5999999999767169,
0.40000000002328306,
0.5999999999767169,
0.40000000002328306,
0.5,
0.5,
0.5,
1.5,
0.40000000002328306,
0.5999999999767169,
0.6000000000349246,
0.5,
0.5,
0.5,
0.3999999999650754,
0.6000000000349246,
0.3999999999650754,
0.5,
0.6000000000349246,
1.3999999999650754,
0.5,
0.6000000000349246,
0.5,
0.5999999999767169,
0.7000000000116415,
0.5999999999767169,
0.5,
0.5,
0.5,
0.5,
0.5,
1.2999999999883585,
0.5,
0.5,
0.5,
0.5,
0.3999999999650754,
0.6000000000349246,
0.5999999999767169,
0.6000000000349246,
0.5999999999767169,
0.40000000002328306,
0.5,
1.2000000000116415,
0.5,
0.5,
0.5,
0.40000000002328306,
0.5999999999767169,
0.5,
0.40000000002328306,
0.5999999999767169,
0.40000000002328306,
0.7000000000116415,
0.5,
1.3999999999650754,
0.6000000000349246,
0.5999999999767169,
0.40000000002328306,
0.5,
0.5,
0.5,
0.5,
0.5999999999767169,
0.5,
0.5,
0.40000000002328306,
1.5,
0.5,
0.5,
0.5,
0.5,
0.3999999999650754,
0.5,
0.5,
0.6000000000349246,
0.5999999999767169,
0.40000000002328306,
0.5,
1.2999999999883585,
0.5999999999767169,
0.6000000000349246,
0.5,
0.5,
0.5,
0.5,
0.3999999999650754,
0.5,
0.5,
0.6000000000349246,
0.5,
1.5,
0.5,
0.3999999999650754,
0.7000000000116415,
0.5,
0.5,
0.5,
0.5,
0.5,
0.40000000002328306,
0.5999999999767169,
0.5,
1.2000000000116415,
0.5999999999767169,
0.5,
0.3999999999650754,
0.5,
0.7000000000116415,
0.40000000002328306,
0.5,
0.5999999999767169,
0.5,
0.5,
0.5,
1.2000000000116415,
0.5,
0.6000000000349246,
0.5,
0.5,
0.5,
0.3999999999650754,
0.5,
0.6999999999534339,
0.40000000002328306,
0.5999999999767169,
0.5,
1.3000000000465661,
0.5,
0.5,
0.5,
0.5,
0.5,
0.5,
0.5,
0.5999999999767169,
0.40000000002328306,
0.6999999999534339,
0.40000000002328306,
1.3000000000465661,
0.5,
0.3999999999650754,
0.5,
0.5999999999767169,
0.5,
0.5,
0.5,
0.5,
0.5,
0.5,
0.5,
1.5,
0.40000000002328306,
0.5,
0.5,
0.5,
0.5,
0.5,
0.40000000002328306,
0.5,
0.5999999999767169,
0.5,
0.5,
1.2999999999883585,
0.6000000000349246,
0.5999999999767169,
0.40000000002328306,
0.5,
0.5,
0.40000000002328306,
0.5,
0.5999999999767169,
0.40000000002328306,
0.40000000002328306,
0.5,
1.1999999999534339,
0.6000000000349246,
0.5999999999767169,
0.7000000000116415,
0.5,
0.5,
0.40000000002328306,
0.5999999999767169,
0.5,
0.40000000002328306,
0.5,
0.5,
1.2999999999883585,
0.5,
0.5,
0.40000000002328306,
0.5,
0.5999999999767169,
0.6000000000349246,
0.5,
0.5999999999767169,
0.5,
0.5,
0.5,
1.2999999999883585,
0.5,
0.5,
0.5,
0.5,
0.5,
0.5,
0.5,
0.6000000000349246,
0.5999999999767169,
0.40000000002328306,
0.5,
1.2999999999883585,
0.5,
0.5,
0.5,
0.5,
0.5,
0.5,
0.5,
0.5,
0.5,
0.5,
0.7000000000116415,
1.1999999999534339,
0.6000000000349246,
0.3999999999650754,
0.5,
0.6000000000349246,
0.3999999999650754,
0.7000000000116415,
0.40000000002328306,
0.5999999999767169,
0.40000000002328306,
0.40000000002328306,
0.5,
1.5,
0.5,
0.5999999999767169,
0.5,
0.40000000002328306,
0.5,
0.5999999999767169,
0.40000000002328306,
0.5999999999767169,
0.40000000002328306,
0.5999999999767169,
0.5,
1.2999999999883585,
0.5,
0.7000000000116415,
0.5,
0.5,
0.40000000002328306,
0.5999999999767169,
0.5,
0.5,
0.5,
0.5,
0.40000000002328306,
1.2999999999883585,
0.5999999999767169,
0.40000000002328306,
0.5999999999767169,
0.7000000000116415,
0.6000000000349246,
0.5,
0.3999999999650754,
0.6000000000349246,
0.3999999999650754,
0.40000000002328306,
0.5999999999767169,
1.400000000023283,
0.5,
0.5999999999767169,
0.5,
0.5,
0.40000000002328306,
0.7000000000116415,
0.7999999999883585,
0.5,
0.5999999999767169,
0.5,
0.5,
1.2999999999883585,
0.40000000002328306,
0.5,
0.5999999999767169,
0.5,
0.40000000002328306,
0.40000000002328306,
0.5,
0.5999999999767169,
0.7000000000116415,
0.5,
0.5,
1.2999999999883585,
0.6000000000349246,
0.5,
0.5,
0.5,
0.5999999999767169,
1,
0.9000000000232831,
1.2000000000116415,
0.7999999999883585,
0.5,
0.7000000000116415,
1.2999999999883585,
0.3999999999650754,
0.5999999999767169,
0.5,
0.6000000000349246,
0.3999999999650754,
0.5,
0.5,
0.40000000002328306,
0.5,
0.5,
0.5999999999767169,
1.400000000023283,
0.5,
0.5,
0.5,
0.5,
0.5,
0.5,
0.5,
0.5,
0.6000000000349246,
0.3999999999650754,
0.5,
1.2999999999883585,
0.5,
0.5999999999767169,
0.5,
0.40000000002328306,
0.5,
0.5,
0.5,
0.5,
0.5,
0.5,
0.40000000002328306,
1.3999999999650754,
0.6000000000349246,
0.3999999999650754,
0.5,
0.5,
0.6000000000349246,
0.5999999999767169,
0.40000000002328306,
0.5,
0.5,
0.5,
0.5,
1.2000000000116415,
0.5999999999767169,
0.5,
0.5,
0.5,
0.5,
0.5,
0.7000000000116415,
0.5,
0.5,
0.5,
0.5,
1.3999999999650754,
0.40000000002328306,
0.5,
0.5,
0.5,
0.5,
0.5,
0.5,
0.5,
0.40000000002328306,
0.5999999999767169,
0.3999999999650754,
1.400000000023283,
0.5,
0.5,
0.5,
0.40000000002328306,
0.5999999999767169,
0.5,
0.5,
0.5,
0.5,
0.40000000002328306,
0.40000000002328306,
1.5,
0.5,
0.5999999999767169,
0.40000000002328306,
0.5999999999767169,
0.5999999999767169,
0.5,
0.40000000002328306,
0.5999999999767169,
0.40000000002328306,
0.5999999999767169,
0.5,
1.2000000000116415,
0.7000000000116415,
0.5,
0.5,
0.5,
0.5,
0.5,
0.5999999999767169,
0.40000000002328306,
0.5,
0.40000000002328306,
0.5999999999767169,
1.2999999999883585,
0.5,
0.5,
0.6999999999534339,
0.6000000000349246,
0.5,
0.40000000002328306,
0.5,
0.5,
0.5,
0.5,
0.5,
1.2000000000116415,
0.5,
0.5999999999767169,
0.5,
0.5,
0.40000000002328306,
0.7000000000116415,
0.5,
0.5,
0.5,
0.5,
0.5999999999767169,
1.2000000000116415,
0.5,
0.5999999999767169,
0.40000000002328306,
0.5,
0.5,
0.5,
0.40000000002328306,
0.7999999999883585,
0.5999999999767169,
0.5,
0.5,
1.2999999999883585,
0.5,
0.5,
0.40000000002328306,
0.5,
0.5999999999767169,
0.5,
0.40000000002328306,
0.5,
0.5,
0.5,
0.5999999999767169,
1.2999999999883585,
0.7000000000116415,
0.3999999999650754,
0.5,
0.6000000000349246,
0.5,
0.3999999999650754,
0.5,
0.5,
0.40000000002328306,
0.5999999999767169,
0.5,
1.6000000000349246,
0.3999999999650754,
0.6000000000349246,
0.3999999999650754,
0.5,
0.5,
0.6000000000349246,
0.5,
0.3999999999650754,
0.3999999999650754,
0.5,
0.5,
1.3000000000465661,
0.5,
0.6999999999534339,
0.5,
0.5,
0.5,
0.5,
0.5,
0.5,
0.6000000000349246,
0.3999999999650754,
0.6000000000349246,
1.3999999999650754,
0.6000000000349246,
0.3999999999650754,
0.6000000000349246,
0.5999999999767169,
0.5,
0.40000000002328306,
0.5,
0.5999999999767169,
0.5,
0.40000000002328306,
0.5,
1.3999999999650754,
0.5,
0.5,
0.5,
0.5,
0.5,
0.5,
0.7000000000116415,
0.3999999999650754,
0.5,
0.5,
0.6000000000349246,
1.1999999999534339,
0.6000000000349246,
0.5999999999767169,
0.40000000002328306,
0.5,
0.5,
0.5,
0.5,
0.5,
0.5999999999767169,
0.7000000000116415,
0.5999999999767169,
1.2000000000116415,
0.5,
0.5,
0.5,
0.5,
0.5,
0.5,
0.5,
0.40000000002328306,
0.5999999999767169,
0.5,
0.5,
2.6000000000349246,
0.5999999999767169,
0.40000000002328306,
0.5,
0.5999999999767169,
0.40000000002328306,
0.3999999999650754,
0.5,
0.5,
0.3999999999650754,
0.5,
0.5,
1.2999999999883585,
0.7000000000116415,
0.5,
0.5,
0.5,
0.5,
0.6000000000349246,
0.5,
0.5,
0.5999999999767169,
0.40000000002328306,
0.5,
1.2999999999883585,
0.5,
0.5,
0.5999999999767169,
0.6000000000349246,
0.3999999999650754,
0.5,
0.5,
0.6000000000349246,
0.3999999999650754,
0.5,
0.40000000002328306,
1.5,
0.5999999999767169,
0.40000000002328306,
0.5,
0.5,
0.5,
0.6000000000349246,
0.3999999999650754,
0.6000000000349246,
0.5,
0.5,
0.5,
1.1999999999534339,
0.5,
0.5,
0.5,
0.6000000000349246,
0.5,
0.5999999999767169,
0.40000000002328306,
0.7000000000116415,
0.5,
0.5,
0.5,
1.2999999999883585,
0.3999999999650754,
0.6000000000349246,
0.3999999999650754,
0.6000000000349246,
0.5,
0.5,
0.5,
0.5,
0.5,
0.7000000000116415,
0.5999999999767169,
1.2999999999883585,
0.40000000002328306,
0.5999999999767169,
0.5,
0.5,
0.5,
0.5,
0.5,
0.40000000002328306,
0.5,
0.5,
0.5,
1.3999999999650754,
0.5,
0.5,
0.5,
0.5,
0.5,
0.40000000002328306,
0.5,
0.5,
0.5,
0.40000000002328306,
0.5999999999767169,
1.2999999999883585,
0.7000000000116415,
0.5,
0.5,
0.5,
0.5,
0.5,
0.40000000002328306,
0.6000000000349246,
0.5,
0.5,
0.5,
1.2999999999883585,
0.3999999999650754,
0.5,
0.5,
0.7000000000116415,
0.40000000002328306,
0.5999999999767169,
0.5,
0.40000000002328306,
0.5,
0.5,
0.5999999999767169,
1.2999999999883585,
0.6000000000349246,
0.5,
0.5,
0.3999999999650754,
0.6000000000349246,
0.7000000000116415,
0.3999999999650754,
0.5,
0.5,
0.5,
0.40000000002328306,
1.3999999999650754,
0.40000000002328306,
0.5999999999767169,
0.40000000002328306,
0.5999999999767169,
0.5,
0.5,
0.7000000000116415,
0.40000000002328306,
0.7999999999883585,
0.5,
0.5,
1.2000000000116415,
0.5999999999767169,
0.5,
0.3999999999650754,
0.40000000002328306,
0.40000000002328306,
0.5,
0.5,
0.5,
0.5999999999767169,
0.40000000002328306,
0.7000000000116415,
1.2999999999883585,
0.5999999999767169,
0.5,
0.40000000002328306,
0.40000000002328306,
0.5,
0.40000000002328306,
0.5,
0.5,
0.3999999999650754,
0.6000000000349246,
0.5,
1.3999999999650754,
0.5,
0.5,
0.5,
0.6000000000349246,
0.5999999999767169,
0.40000000002328306,
0.5,
0.3999999999650754,
0.6000000000349246,
0.3999999999650754,
0.5,
1.3000000000465661,
0.5999999999767169,
0.5999999999767169,
0.5,
0.6000000000349246,
0.3999999999650754,
0.5,
0.5,
0.5,
0.5,
0.5,
0.6000000000349246,
1.2999999999883585,
0.5999999999767169,
0.40000000002328306,
0.5,
0.5,
0.5999999999767169,
0.3999999999650754,
0.5,
0.5,
0.5,
0.5,
0.5,
1.2000000000116415,
0.5,
0.5,
0.5999999999767169,
0.5,
0.5999999999767169,
0.40000000002328306,
0.6000000000349246,
0.3999999999650754,
0.5,
0.5,
0.5,
1.3000000000465661,
0.5,
0.5999999999767169,
0.40000000002328306,
0.5999999999767169,
0.40000000002328306,
0.5999999999767169,
0.40000000002328306,
0.5,
0.5,
0.7999999999883585,
0.5,
1.2999999999883585,
0.5,
0.5,
0.5,
0.40000000002328306,
0.5,
0.5,
0.5,
0.5,
0.5,
0.5,
0.40000000002328306,
1.599999999976717,
0.5,
0.5999999999767169,
0.5,
0.5,
0.5,
0.40000000002328306,
0.5,
0.5,
0.40000000002328306,
0.5,
0.5999999999767169,
1.400000000023283,
0.9000000000232831,
0.5,
0.5999999999767169,
0.5,
0.7000000000116415,
0.5999999999767169,
0.5,
0.40000000002328306,
0.5,
0.5,
0.5999999999767169,
1.2999999999883585,
0.9000000000232831,
0.5,
0.7000000000116415,
0.5,
0.5,
0.5,
0.5,
0.5,
0.5,
0.5,
0.5,
1.2999999999883585,
0.40000000002328306,
0.5999999999767169,
0.40000000002328306,
0.5999999999767169,
0.40000000002328306,
0.5999999999767169,
0.5,
0.5,
0.5,
0.5,
0.5,
1.400000000023283,
0.5,
0.5,
0.5,
0.5,
0.40000000002328306,
0.5,
0.5999999999767169,
0.5999999999767169,
0.6000000000349246,
0.3999999999650754,
0.5,
1.3000000000465661,
0.5,
0.5,
0.5999999999767169,
0.5,
0.40000000002328306,
0.5,
0.5,
0.3999999999650754,
0.7000000000116415,
0.5,
0.7000000000116415,
1.3999999999650754,
0.40000000002328306,
0.5,
0.5,
0.5,
0.5,
0.5,
0.5,
0.5,
0.5,
0.40000000002328306,
0.5999999999767169,
1.5,
0.5,
0.5,
0.5,
0.5999999999767169,
0.5,
0.40000000002328306,
0.5,
0.5,
0.40000000002328306,
0.5,
0.5,
1.2999999999883585,
0.5,
3.2999999999883585,
0.5999999999767169,
0.5,
0.5,
0.3999999999650754,
0.5,
0.5,
0.40000000002328306,
0.5,
0.5,
1.2000000000116415,
0.5,
0.5,
0.5,
0.5,
0.7000000000116415,
0.5,
0.5,
0.5,
0.5,
0.5,
0.5,
1.400000000023283,
0.5,
0.5,
0.5,
0.5,
0.5,
0.3999999999650754,
1.2999999999883585,
0.5,
0.5,
0.5,
0.3999999999650754,
1.2999999999883585,
0.5999999999767169,
0.5,
0.5,
0.5,
0.40000000002328306,
0.5,
0.5,
0.5,
0.5,
0.7000000000116415,
0.5,
1.2000000000116415,
0.5999999999767169,
0.5,
0.5,
0.5,
0.5,
0.5999999999767169,
0.5,
0.5,
0.40000000002328306,
0.5,
0.5,
1.5,
0.5999999999767169,
0.5,
0.5,
0.40000000002328306,
0.40000000002328306,
0.5,
0.40000000002328306,
0.5,
0.5,
0.5,
0.5,
1.400000000023283,
0.5999999999767169,
0.5,
0.5,
0.5999999999767169,
0.5,
0.5,
0.5,
0.5,
0.40000000002328306,
0.5,
0.40000000002328306,
1.5,
0.3999999999650754,
0.6000000000349246,
0.6999999999534339,
0.5,
0.5,
0.5,
0.40000000002328306,
0.5,
0.5999999999767169,
0.5,
0.40000000002328306,
1.2000000000116415,
0.5999999999767169,
0.5,
0.5,
0.5,
0.40000000002328306,
0.6000000000349246,
0.5999999999767169,
0.40000000002328306,
0.5999999999767169,
0.5,
0.5,
1.2999999999883585,
0.40000000002328306,
0.5,
0.5999999999767169,
0.40000000002328306,
0.5,
0.5,
0.5,
0.5999999999767169,
0.5,
0.5,
0.5,
1.400000000023283,
0.3999999999650754,
0.6000000000349246,
0.5,
0.5,
0.5,
0.5,
0.5,
0.5,
0.3999999999650754,
0.3999999999650754,
0.7000000000116415,
1.2000000000116415,
0.5999999999767169,
0.5,
0.40000000002328306,
0.7000000000116415,
0.8999999999650754,
1.1000000000349246,
0.8999999999650754,
0.6000000000349246,
0.5999999999767169,
0.5,
0.40000000002328306,
1.599999999976717,
0.6000000000349246,
0.3999999999650754,
0.5,
0.5,
0.5,
0.5,
0.40000000002328306,
0.5,
0.5999999999767169,
0.5,
0.6000000000349246,
1.2999999999883585,
0.3999999999650754,
0.7000000000116415,
0.5,
0.3999999999650754,
0.6000000000349246,
0.3999999999650754,
0.5,
0.6000000000349246,
0.5999999999767169,
0.5,
0.40000000002328306,
1.2999999999883585,
0.7000000000116415,
0.6999999999534339,
0.6000000000349246,
0.3999999999650754,
0.8000000000465661,
0.40000000002328306,
0.5999999999767169,
0.5,
0.5999999999767169,
0.40000000002328306,
0.5999999999767169,
1.400000000023283,
0.5999999999767169,
0.40000000002328306,
0.5,
0.7000000000116415,
0.5,
0.5,
0.7999999999883585,
0.5999999999767169,
0.40000000002328306,
0.7000000000116415,
0.5,
1.2000000000116415,
0.5,
0.5,
0.7000000000116415,
0.5,
0.3999999999650754,
0.6000000000349246,
0.3999999999650754,
0.5,
0.5,
0.6000000000349246,
0.5,
1.2999999999883585,
0.5,
0.5,
0.5999999999767169,
0.40000000002328306,
0.5,
0.40000000002328306,
0.5999999999767169,
0.5,
0.40000000002328306,
0.5,
0.5,
1.5,
0.5999999999767169,
0.40000000002328306,
0.5,
0.5999999999767169,
0.5999999999767169,
0.40000000002328306,
0.5,
0.5999999999767169,
0.40000000002328306,
0.5,
0.40000000002328306,
1.2999999999883585,
0.7000000000116415,
0.5,
0.40000000002328306,
0.5999999999767169,
0.40000000002328306,
0.5,
0.5,
0.3999999999650754,
0.5,
0.5,
0.5999999999767169,
1.2000000000116415,
0.5,
0.6000000000349246,
0.6999999999534339,
0.40000000002328306,
0.5,
0.5999999999767169,
0.40000000002328306,
0.5,
0.5,
0.5,
0.5,
1.2999999999883585,
0.5,
0.5,
0.6000000000349246,
0.5,
0.5999999999767169,
0.7000000000116415,
0.5,
0.6000000000349246,
0.3999999999650754,
0.5,
0.5,
1.400000000023283,
0.5,
0.5999999999767169,
0.5,
0.40000000002328306,
0.5999999999767169,
0.40000000002328306,
0.5,
0.7999999999883585,
0.40000000002328306,
0.5999999999767169,
0.5,
1.2999999999883585,
0.5,
0.6000000000349246,
0.3999999999650754,
0.5,
0.5,
0.40000000002328306,
0.5999999999767169,
0.5,
0.5,
0.5,
0.7000000000116415,
1.2999999999883585,
0.7000000000116415,
0.5,
0.40000000002328306,
0.5,
0.5,
0.5,
0.3999999999650754,
0.5,
0.5,
0.3999999999650754,
0.5,
1.6000000000349246,
0.5,
0.5,
0.5,
0.5,
0.5999999999767169,
0.40000000002328306,
0.5,
0.5,
0.5,
0.5,
0.5,
1.2999999999883585,
0.5,
0.6000000000349246,
0.5,
0.5,
0.5,
0.5,
0.5,
0.3999999999650754,
0.5,
0.5,
0.6000000000349246,
1.3999999999650754,
0.5,
0.6000000000349246,
0.5,
0.3999999999650754,
0.7000000000116415,
0.5,
0.5,
0.5,
0.40000000002328306,
0.5999999999767169,
0.5,
1.2000000000116415,
0.5,
0.5,
0.7000000000116415,
0.5,
0.5,
0.5,
0.5999999999767169,
0.40000000002328306,
0.5999999999767169,
0.40000000002328306,
0.40000000002328306,
1.3999999999650754,
0.5,
0.5,
0.5,
0.5,
0.5,
0.5,
0.40000000002328306,
0.5,
0.5999999999767169,
0.7000000000116415,
0.5,
1.2999999999883585,
0.5,
0.5,
0.5,
0.5,
0.5,
0.5,
0.40000000002328306,
0.5,
0.5,
0.5,
0.5,
1.3999999999650754,
0.5,
0.7000000000116415,
0.5,
0.5,
0.5,
0.5,
0.5,
0.5,
0.5,
0.5,
0.5,
1.2000000000116415,
0.7999999999883585,
0.40000000002328306,
0.5,
0.5,
0.5,
0.5,
0.5,
0.5999999999767169,
0.40000000002328306,
0.5999999999767169,
0.5,
1.2000000000116415,
0.5999999999767169,
0.40000000002328306,
0.7000000000116415,
0.5,
0.5999999999767169,
0.5,
0.40000000002328306,
0.5,
0.5,
0.5,
0.5,
1.2999999999883585,
0.5999999999767169,
0.5,
0.5,
0.40000000002328306,
0.5,
0.7000000000116415,
0.5,
0.3999999999650754,
0.5,
0.5,
0.5,
1.2999999999883585,
0.5,
0.5,
0.5,
0.5,
0.40000000002328306,
0.6999999999534339,
0.40000000002328306,
0.7000000000116415,
0.5,
0.3999999999650754,
0.5,
1.2000000000116415,
0.5999999999767169,
0.40000000002328306,
0.5999999999767169,
0.40000000002328306,
0.40000000002328306,
0.5,
0.5,
0.5,
0.5,
0.3999999999650754,
0.7000000000116415,
1.400000000023283,
0.5,
0.5,
0.40000000002328306,
0.5999999999767169,
0.40000000002328306,
0.5,
0.5,
0.5,
0.40000000002328306,
0.40000000002328306,
0.5,
1.5,
0.3999999999650754,
0.5,
0.6000000000349246,
0.5,
0.5,
0.5,
0.5,
0.5,
0.3999999999650754,
0.5,
0.40000000002328306,
1.2999999999883585,
0.5,
0.7000000000116415,
0.5,
0.5,
0.5,
0.5,
0.5,
0.3999999999650754,
0.5,
0.5,
0.7000000000116415,
1.2000000000116415,
0.5,
0.5,
0.5,
0.5999999999767169,
0.6000000000349246,
0.5,
0.3999999999650754,
0.5,
0.3999999999650754,
0.5,
0.5,
1.2000000000116415,
0.6000000000349246,
0.5,
0.5999999999767169,
0.5,
0.5,
0.5,
0.5999999999767169,
0.5,
0.6000000000349246,
0.5,
0.5,
1.2000000000116415,
0.40000000002328306,
0.5,
0.5,
0.40000000002328306,
0.5999999999767169,
0.40000000002328306,
0.5,
0.3999999999650754,
0.9000000000232831,
0.5,
0.3999999999650754,
1.3000000000465661,
0.5999999999767169,
0.5,
0.40000000002328306,
0.5999999999767169,
0.5,
0.40000000002328306,
0.5,
0.5,
0.5,
0.5,
0.40000000002328306,
1.7999999999883585,
0.5,
0.5999999999767169,
0.40000000002328306,
0.5999999999767169,
0.5,
0.40000000002328306,
0.5,
0.5,
0.5,
0.5,
0.5,
1.5,
0.3999999999650754,
0.6000000000349246,
0.3999999999650754,
0.5,
0.5,
0.5,
0.6000000000349246,
0.3999999999650754,
0.5,
0.3999999999650754,
0.5,
1.3000000000465661,
0.5,
0.3999999999650754,
0.7999999999883585,
0.40000000002328306,
0.5,
0.5,
0.5,
0.40000000002328306,
0.5,
0.5,
0.5,
1.400000000023283,
0.5,
0.5,
0.5,
0.40000000002328306,
0.5,
0.6999999999534339,
0.5,
0.40000000002328306,
0.5,
0.40000000002328306,
0.40000000002328306,
1.3999999999650754,
0.5,
0.5,
0.5,
0.5,
0.5,
0.6000000000349246,
0.5,
0.6999999999534339,
0.40000000002328306,
0.5999999999767169,
0.40000000002328306,
1.400000000023283,
0.3999999999650754,
0.5,
0.5,
0.5,
0.5,
0.5,
0.5,
0.40000000002328306,
0.5999999999767169,
0.40000000002328306,
0.7000000000116415,
1.2999999999883585,
0.40000000002328306,
0.5,
0.5,
0.5,
0.5,
0.5,
0.5,
0.5,
0.5,
0.5,
0.5,
1.5,
0.5,
0.40000000002328306,
0.5999999999767169,
0.5,
0.5,
0.5,
0.5,
0.5,
0.40000000002328306,
0.5,
0.5,
1.3999999999650754,
0.40000000002328306,
0.7000000000116415,
0.5,
0.5,
0.5999999999767169,
0.40000000002328306,
0.5,
0.5,
0.5,
0.5,
0.5,
1.400000000023283,
0.5,
0.5,
0.5,
0.7000000000116415,
0.5,
0.3999999999650754,
0.6000000000349246,
0.3999999999650754,
0.5,
0.5,
0.3999999999650754,
1.2000000000116415,
0.5999999999767169,
0.5,
0.5,
0.3999999999650754,
0.5,
0.40000000002328306,
2.5,
0.5,
0.5,
0.3999999999650754,
0.5,
1.3000000000465661,
0.5999999999767169,
0.40000000002328306,
0.5999999999767169,
0.5,
0.5,
0.5,
0.5,
0.5,
0.5999999999767169,
0.5,
0.6000000000349246,
1.2999999999883585,
0.40000000002328306,
0.5,
0.5999999999767169,
0.40000000002328306,
0.5999999999767169,
0.5,
0.40000000002328306,
0.5999999999767169,
0.40000000002328306,
0.6999999999534339,
0.5,
1.400000000023283,
0.5,
0.5,
0.5,
0.40000000002328306,
0.5,
0.5999999999767169,
0.40000000002328306,
0.5999999999767169,
0.40000000002328306,
0.5,
0.5,
1.2999999999883585,
0.8999999999650754,
0.5,
0.6000000000349246,
0.5,
0.3999999999650754,
0.6000000000349246,
0.5,
0.5,
0.3999999999650754,
0.5,
0.5,
1.3000000000465661,
0.5,
0.5,
0.5999999999767169,
0.5999999999767169,
0.5,
0.5,
0.40000000002328306,
0.5999999999767169,
0.6000000000349246,
0.5,
0.5,
1.2999999999883585,
0.5,
0.5999999999767169,
0.5,
0.40000000002328306,
0.5,
0.7000000000116415,
0.5,
0.5,
0.3999999999650754,
0.5,
0.5,
1.400000000023283,
0.40000000002328306,
0.5,
0.5,
0.5999999999767169,
0.5,
0.5,
0.5,
0.5999999999767169,
0.5,
0.40000000002328306,
0.5,
1.3000000000465661,
0.5,
0.5,
0.3999999999650754,
0.5,
0.5,
0.5,
0.6000000000349246,
0.3999999999650754,
0.5,
0.5,
0.6000000000349246,
1.2999999999883585,
0.5,
0.5,
0.5,
0.5,
0.5,
0.5,
0.5,
0.5,
0.40000000002328306,
0.5,
0.40000000002328306,
1.7999999999883585,
0.5,
0.40000000002328306,
0.5,
0.5,
0.5,
0.5,
0.5,
0.5,
0.40000000002328306,
0.5999999999767169,
0.5,
1.3000000000465661,
0.5,
0.6999999999534339,
0.6000000000349246,
0.5999999999767169,
0.5,
0.3999999999650754,
0.5,
0.5,
0.5,
0.40000000002328306,
0.5,
1.2999999999883585,
0.5,
0.5999999999767169,
0.40000000002328306,
0.5999999999767169,
0.6000000000349246,
0.5,
0.5,
0.5,
0.5999999999767169,
0.5,
0.5,
1.2999999999883585,
0.5,
0.5,
0.6000000000349246,
0.3999999999650754,
0.5,
0.5,
0.8000000000465661,
0.5999999999767169,
0.5999999999767169,
0.7000000000116415,
0.40000000002328306,
1.2999999999883585,
0.6000000000349246,
0.5,
0.5,
0.5,
0.5,
0.5999999999767169,
0.40000000002328306,
0.5,
0.6000000000349246,
0.5,
0.5,
1.5,
0.5,
0.5,
0.5,
0.5,
0.3999999999650754,
0.6000000000349246,
0.5,
0.5,
0.5,
0.5999999999767169,
0.5999999999767169,
1.400000000023283,
0.5,
0.5,
0.5999999999767169,
0.5,
0.40000000002328306,
0.5999999999767169,
0.40000000002328306,
0.5,
0.5,
0.5999999999767169,
0.40000000002328306,
1.599999999976717,
0.5,
0.6000000000349246,
0.3999999999650754,
0.5,
0.5,
0.5,
0.5,
0.5,
0.40000000002328306,
0.5999999999767169,
0.40000000002328306,
1.2999999999883585,
0.5,
0.6000000000349246,
0.6999999999534339,
0.5,
0.3999999999650754,
0.5,
0.5,
0.6000000000349246,
0.3999999999650754,
0.5,
0.5,
1.3000000000465661,
0.5,
0.5,
0.5999999999767169,
0.40000000002328306,
0.6999999999534339,
0.5,
0.5,
0.40000000002328306,
0.5,
0.5,
0.5,
1.3000000000465661,
0.5,
0.5,
0.5,
0.5,
0.5,
0.5,
0.5,
0.6999999999534339,
0.40000000002328306,
0.5,
0.5,
1.2999999999883585,
0.5,
0.6000000000349246,
0.5999999999767169,
0.5,
0.5,
0.40000000002328306,
0.5,
0.5,
0.5999999999767169,
0.5999999999767169,
0.5,
1.400000000023283,
0.5,
0.5,
0.40000000002328306,
0.5,
0.3999999999650754,
0.5,
0.5,
0.5,
0.5999999999767169,
0.5,
0.5,
1.599999999976717,
0.40000000002328306,
0.5999999999767169,
0.5,
0.40000000002328306,
0.5,
0.5,
0.5,
0.5,
0.5,
1,
1,
2.3999999999650754,
0.7000000000116415,
0.40000000002328306,
0.5999999999767169,
0.5,
0.5,
0.40000000002328306,
0.5,
0.5,
0.3999999999650754,
0.6000000000349246,
0.5,
1.2000000000116415,
0.5,
0.6999999999534339,
0.40000000002328306,
0.7999999999883585,
0.40000000002328306,
0.5,
0.5,
0.3999999999650754,
0.6000000000349246,
0.5,
0.5,
1.2999999999883585,
0.40000000002328306,
0.5999999999767169,
0.40000000002328306,
0.5,
0.40000000002328306,
0.6999999999534339,
0.6000000000349246,
0.3999999999650754,
0.5,
0.5,
0.5,
1.3000000000465661,
0.5,
0.3999999999650754,
0.5,
0.3999999999650754,
0.5,
0.6000000000349246,
0.5,
0.3999999999650754,
0.7000000000116415,
0.5,
0.5,
1.2999999999883585,
0.5,
0.5,
0.6000000000349246,
0.3999999999650754,
0.5,
0.5,
0.40000000002328306,
0.5999999999767169,
0.5,
0.40000000002328306,
0.6000000000349246,
1.2999999999883585,
0.3999999999650754,
0.5,
0.5,
0.6000000000349246,
0.3999999999650754,
0.6000000000349246,
0.5,
0.5999999999767169,
0.40000000002328306,
0.5,
0.5,
1.5,
0.5,
0.5,
0.5,
0.5,
0.5,
0.3999999999650754,
0.6000000000349246,
0.5,
0.3999999999650754,
0.6000000000349246,
0.5,
1.2999999999883585,
0.5999999999767169,
0.5,
0.7000000000116415,
0.40000000002328306,
0.5,
0.5,
0.5,
0.5,
0.3999999999650754,
0.6000000000349246,
0.5,
1.2000000000116415,
0.5,
0.5999999999767169,
0.40000000002328306,
0.5999999999767169,
0.7999999999883585,
0.5,
0.5,
0.5,
0.5,
0.40000000002328306,
0.5,
1.2999999999883585,
0.5,
0.5,
0.5,
0.5,
0.5,
0.5,
0.40000000002328306,
0.5999999999767169,
0.5999999999767169,
0.6000000000349246,
0.3999999999650754,
1.3000000000465661,
0.5,
0.5,
0.5,
0.5,
0.5,
0.3999999999650754,
0.6000000000349246,
0.5,
0.3999999999650754,
0.7000000000116415,
0.5,
1.2999999999883585,
0.5,
0.5,
0.5,
0.6000000000349246,
0.5,
0.5,
0.5,
0.5,
0.3999999999650754,
0.6000000000349246,
0.5,
1.3999999999650754,
0.5,
0.5,
0.5,
0.5,
0.5,
0.40000000002328306,
0.5,
0.5999999999767169,
0.5,
0.5,
0.6000000000349246,
1.099999999976717,
0.7000000000116415,
0.5999999999767169,
0.40000000002328306,
0.5999999999767169,
0.5,
0.40000000002328306,
0.5,
0.5,
0.5,
0.5,
0.5,
1.2999999999883585,
0.6000000000349246,
0.5,
0.5,
0.6999999999534339,
0.40000000002328306,
0.5999999999767169,
0.40000000002328306,
0.5999999999767169,
0.40000000002328306,
0.5,
0.5,
1.2999999999883585,
0.5,
0.5,
0.5,
0.40000000002328306,
0.5,
0.7000000000116415,
0.5999999999767169,
0.40000000002328306,
0.5999999999767169,
0.40000000002328306,
0.40000000002328306,
1.2999999999883585,
0.5,
0.5,
0.40000000002328306,
0.5999999999767169,
0.5,
0.40000000002328306,
0.5,
0.5999999999767169,
0.7000000000116415,
0.5999999999767169,
0.5,
1.400000000023283,
0.5,
0.5,
0.40000000002328306,
0.40000000002328306,
0.5999999999767169,
0.5,
0.5,
0.5,
0.40000000002328306,
0.5,
0.5999999999767169,
1.2999999999883585,
0.5,
0.5,
0.5,
0.5,
0.5,
0.6000000000349246,
0.5,
0.5,
0.5999999999767169,
0.40000000002328306,
0.3999999999650754,
1.3999999999650754,
0.5,
0.5,
0.6000000000349246,
0.3999999999650754,
0.40000000002328306,
0.5,
0.5,
0.5,
0.40000000002328306,
0.5999999999767169,
0.5,
1.400000000023283,
0.5,
0.5,
0.7000000000116415,
0.5,
0.5,
0.3999999999650754,
0.5,
0.5,
0.40000000002328306,
0.5,
0.40000000002328306,
1.2999999999883585,
0.5999999999767169,
0.40000000002328306,
0.40000000002328306,
0.5999999999767169,
0.6000000000349246,
0.5999999999767169,
0.5,
0.5,
0.40000000002328306,
0.5,
0.40000000002328306,
1.2999999999883585,
0.5,
0.5,
0.5,
0.5,
0.40000000002328306,
0.5999999999767169,
0.5,
0.5,
0.5999999999767169,
0.5,
0.6000000000349246,
1.2999999999883585,
0.40000000002328306,
0.5999999999767169,
0.40000000002328306,
0.5,
0.5,
0.5999999999767169,
0.40000000002328306,
0.5,
0.5,
0.6999999999534339,
0.5,
1.2000000000116415,
0.6000000000349246,
0.5,
0.5,
0.5,
0.5,
0.40000000002328306,
0.5,
0.5,
0.5,
0.3999999999650754,
0.5,
1.5,
0.5,
0.5,
0.3999999999650754,
0.5,
0.5,
0.5,
0.5,
0.6000000000349246,
0.5,
0.5,
0.5,
1.2999999999883585,
0.5999999999767169,
0.5,
0.3999999999650754,
0.5,
0.5,
0.5,
0.5,
0.5,
0.5,
0.3999999999650754,
0.3999999999650754,
1.1999999999534339,
0.7000000000116415,
0.5,
0.40000000002328306,
0.7000000000116415,
0.40000000002328306,
0.5,
0.5,
0.3999999999650754,
0.6000000000349246,
0.5,
0.5,
1.1999999999534339,
0.6000000000349246,
0.3999999999650754,
0.5,
0.5,
0.5,
0.8000000000465661,
0.5,
0.3999999999650754,
0.5,
0.5,
0.5,
1.2999999999883585,
0.40000000002328306,
0.5999999999767169,
0.40000000002328306,
0.5,
0.5,
0.5999999999767169,
0.40000000002328306,
0.5,
0.6000000000349246,
0.3999999999650754,
0.5,
1.5,
0.5,
0.5,
0.40000000002328306,
0.40000000002328306,
0.40000000002328306,
0.5,
0.5,
0.5,
0.5,
0.40000000002328306,
0.9000000000232831,
1.2999999999883585,
0.5,
0.5,
0.3999999999650754,
0.5,
0.3999999999650754,
0.6000000000349246,
0.5,
0.5,
0.5,
0.5,
0.5,
1.3999999999650754,
0.5,
0.5,
0.5,
0.5,
0.5,
0.5,
0.5,
0.5,
0.5,
0.40000000002328306,
0.5999999999767169,
1.3000000000465661,
0.5,
0.5,
0.6999999999534339,
0.8000000000465661,
0.5999999999767169,
0.7000000000116415,
0.7000000000116415,
0.6999999999534339,
0.7000000000116415,
0.9000000000232831,
2.2999999999883585,
2.7999999999883585,
1.1000000000349246,
1.099999999976717,
1,
1.099999999976717,
1.7000000000116415,
0.5,
0.7000000000116415,
0.5,
0.5,
0.5999999999767169,
0.5,
1.3000000000465661,
0.5,
0.5,
0.5,
0.5,
0.5,
0.5,
0.5,
0.6999999999534339,
0.7000000000116415,
0.9000000000232831,
0.8999999999650754,
2.1000000000349246,
0.7999999999883585,
0.7999999999883585,
0.7999999999883585,
1.1000000000349246,
1,
0.5999999999767169,
0.9000000000232831,
0.5999999999767169,
1.2999999999883585,
1.1000000000349246,
0.5,
1.2000000000116415,
0.5,
0.5,
0.5,
0.5,
0.5,
0.5,
0.40000000002328306,
0.5,
0.5,
0.5999999999767169,
0.5,
1.400000000023283,
0.5,
0.5,
0.5,
0.5,
0.5999999999767169,
0.40000000002328306,
0.5,
0.5,
0.5999999999767169,
0.5,
0.5,
1.3000000000465661,
0.5,
0.7999999999883585,
0.3999999999650754,
0.6000000000349246,
0.5,
0.3999999999650754,
0.6000000000349246,
0.5,
0.5,
0.3999999999650754,
0.5,
1.3000000000465661
==> sequence 1 C2 51738caf3a1d88492c4fc48a7c0125d4a7e2a355 -> docs/ew/receipts/campaign-r6-20260914T1309Z/campaign-r6-20260914T1309Z-seq1-C2.json
498.4000000000233,
499,
499.5999999999767,
500.0999999999767,
500.69999999995343,
501.30000000004657,
501.9000000000233,
502.4000000000233,
503,
503.5,
504.0999999999767,
504.5999999999767,
506.5999999999767,
507.19999999995343,
508.4000000000233,
509.80000000004657,
510.5,
511.30000000004657,
511.9000000000233,
512.5,
513,
513.5999999999767,
514.0999999999767,
514.6999999999534,
516.4000000000233,
517,
517.5999999999767,
518.0999999999767,
518.6999999999534,
519.3000000000466,
519.8000000000466,
520.4000000000233,
520.9000000000233,
521.5,
522.1999999999534,
522.8000000000466,
524.4000000000233,
525,
525.5999999999767,
526.1999999999534,
526.8000000000466,
527.4000000000233,
527.9000000000233,
528.4000000000233,
529.0999999999767,
529.5999999999767,
530.0999999999767,
530.5999999999767,
532.4000000000233,
533,
533.5,
534.0999999999767,
534.5999999999767,
535.1999999999534,
535.6999999999534,
536.1999999999534,
536.8000000000466,
537.3000000000466,
537.9000000000233,
538.5,
541.8000000000466,
542.4000000000233,
543,
543.5,
544.0999999999767,
544.5,
545.0999999999767,
546.1999999999534,
546.8000000000466,
547.3000000000466,
547.9000000000233,
548.5,
550.8000000000466,
551.5,
552.0999999999767,
552.6999999999534,
553.1999999999534,
553.9000000000233,
554.4000000000233,
555,
555.5999999999767,
556.0999999999767,
556.6999999999534,
557.1999999999534,
560.0999999999767,
560.5999999999767,
561.3000000000466,
562,
562.5999999999767,
563.5,
564.5,
565.0999999999767,
565.6999999999534,
566.1999999999534,
566.8000000000466,
567.3000000000466,
569,
569.5,
570.0999999999767,
570.6999999999534,
571.3000000000466,
571.8000000000466,
572.4000000000233,
573,
573.5,
574.0999999999767,
574.5999999999767,
575.0999999999767,
577.0999999999767,
577.6999999999534,
578.1999999999534,
578.8000000000466,
579.4000000000233,
579.9000000000233,
580.5,
581,
581.6999999999534,
582.1999999999534,
582.8000000000466,
583.3000000000466,
584.9000000000233,
585.5,
586,
586.5999999999767,
587.1999999999534,
587.6999999999534,
588.3000000000466,
588.9000000000233,
589.4000000000233,
590,
590.5,
591.0999999999767,
592.9000000000233,
593.5999999999767,
594.1999999999534,
594.6999999999534,
595.3000000000466,
595.9000000000233,
596.5,
597,
597.5999999999767,
598.1999999999534,
598.8000000000466,
599.1999999999534,
600.5,
601.4000000000233,
602.0999999999767,
602.5999999999767,
603.1999999999534,
603.8000000000466,
604.3000000000466,
604.8000000000466,
605.4000000000233,
606,
606.4000000000233,
607.0999999999767,
608.3000000000466,
609,
609.6999999999534,
610.3000000000466,
610.9000000000233,
611.5,
612.0999999999767,
612.5999999999767,
613.0999999999767,
613.6999999999534,
614.4000000000233,
614.9000000000233,
616.3000000000466,
616.8000000000466,
617.5999999999767,
618.0999999999767,
618.8000000000466,
619.3000000000466,
619.9000000000233,
620.4000000000233,
621,
621.6999999999534,
622.1999999999534,
622.6999999999534,
624.1999999999534,
624.6999999999534,
625.3000000000466,
626.1999999999534,
626.6999999999534,
627.3000000000466,
627.9000000000233,
628.4000000000233,
628.9000000000233,
629.5999999999767,
630.1999999999534,
630.6999999999534,
632.0999999999767,
632.6999999999534,
633.4000000000233,
634.0999999999767,
634.6999999999534,
635.1999999999534,
635.8000000000466,
636.4000000000233,
637,
637.5,
638.0999999999767,
638.6999999999534,
640,
640.6999999999534,
641.1999999999534,
641.9000000000233,
642.8000000000466,
643.4000000000233,
643.9000000000233,
644.5,
645,
645.5999999999767,
646.1999999999534,
646.6999999999534,
648,
648.5999999999767,
649.1999999999534,
649.8000000000466,
650.5999999999767,
651.1999999999534,
651.8000000000466,
652.4000000000233,
652.9000000000233,
653.4000000000233,
654,
654.5999999999767,
656,
656.5,
657.0999999999767,
657.5999999999767,
658.1999999999534,
658.9000000000233,
659.5,
660.1999999999534,
660.6999999999534,
661.3000000000466,
662,
662.5999999999767,
664,
664.5999999999767,
665.1999999999534,
665.6999999999534,
666.1999999999534,
667,
667.5999999999767,
668.0999999999767,
668.9000000000233,
669.4000000000233,
670,
670.5,
672,
672.5999999999767,
673.0999999999767,
673.8000000000466,
674.4000000000233,
675,
676,
676.5,
677.0999999999767,
677.6999999999534,
678.1999999999534,
678.9000000000233,
680.5,
681.0999999999767,
681.8000000000466,
682.3000000000466,
682.9000000000233,
683.5,
684.3000000000466,
684.9000000000233,
685.4000000000233,
686,
686.5,
687.0999999999767,
688.4000000000233,
689,
689.5999999999767,
690.1999999999534,
690.6999999999534,
691.3000000000466,
692,
693.8000000000466,
694.5,
695.5999999999767,
696.0999999999767,
696.6999999999534,
698.1999999999534,
698.8000000000466,
699.4000000000233,
699.9000000000233,
700.5,
701,
701.6999999999534,
702.3000000000466,
703,
703.5999999999767,
704.0999999999767,
704.6999999999534,
706.0999999999767,
706.5999999999767,
707.1999999999534,
707.8000000000466,
708.3000000000466,
708.8000000000466,
709.3000000000466,
710,
710.6999999999534,
711.4000000000233,
711.9000000000233,
712.5999999999767,
714,
714.9000000000233,
715.5,
716.3000000000466,
717.1999999999534,
717.8000000000466,
718.5,
719,
719.5,
720.3000000000466,
720.9000000000233,
721.5999999999767,
723,
723.5999999999767,
724.1999999999534,
724.6999999999534,
725.1999999999534,
725.8000000000466,
726.3000000000466,
726.8000000000466,
727.4000000000233,
728.1999999999534,
729,
729.8000000000466,
731.1999999999534,
731.9000000000233,
732.5,
733.0999999999767,
733.5999999999767,
734.0999999999767,
734.6999999999534,
735.3000000000466,
736.6999999999534,
737.4000000000233,
738.0999999999767,
738.6999999999534,
740.0999999999767,
740.8000000000466,
741.3000000000466,
741.9000000000233,
742.5,
743.1999999999534,
743.8000000000466,
744.4000000000233,
744.9000000000233,
745.4000000000233,
746.3000000000466,
747.0999999999767,
748.4000000000233,
749,
749.5999999999767,
750.0999999999767,
750.6999999999534,
751.3000000000466,
751.8000000000466,
752.4000000000233,
752.9000000000233,
753.5,
754,
754.8000000000466,
756.1999999999534,
756.9000000000233,
757.4000000000233,
758,
758.5999999999767,
759.1999999999534,
759.6999999999534,
760.1999999999534,
760.8000000000466,
761.4000000000233,
762,
762.5,
764.0999999999767,
764.6999999999534,
765.9000000000233,
768.5,
769,
769.6999999999534,
770.1999999999534,
770.8000000000466,
771.4000000000233,
771.9000000000233,
772.4000000000233,
773,
774.5,
775.0999999999767,
775.8000000000466,
776.3000000000466,
776.9000000000233,
777.4000000000233,
777.9000000000233,
778.5,
779.0999999999767,
779.5999999999767,
780.0999999999767,
780.6999999999534,
782.5,
783.0999999999767,
783.6999999999534,
784.1999999999534,
784.8000000000466,
786.1999999999534,
787.0999999999767,
787.6999999999534,
788.0999999999767,
788.6999999999534,
789.3000000000466,
790.0999999999767,
791.9000000000233,
792.4000000000233,
793,
793.5,
794.0999999999767,
794.5999999999767,
795.0999999999767,
795.6999999999534,
796.3000000000466,
797,
797.5,
798.0999999999767,
801.5999999999767,
802.1999999999534,
802.8000000000466,
803.3000000000466,
803.9000000000233,
804.4000000000233,
805,
805.5999999999767,
806.0999999999767,
807.1999999999534,
808,
808.5,
810.0999999999767,
810.6999999999534,
811.3000000000466,
811.8000000000466,
812.3000000000466,
812.8000000000466,
813.4000000000233,
814,
814.5,
815.0999999999767,
815.6999999999534,
816.1999999999534,
817.5,
819.1999999999534,
819.6999999999534,
820.3000000000466,
820.9000000000233,
821.4000000000233,
822,
822.5,
823.0999999999767,
823.5999999999767,
824.9000000000233,
825.5,
826.8000000000466,
828.8000000000466,
829.5,
830.0999999999767,
830.5999999999767,
831.0999999999767,
831.9000000000233,
832.5,
833.0999999999767,
833.6999999999534,
834.1999999999534,
834.6999999999534,
836,
836.5,
837.0999999999767,
838,
838.5,
839.1999999999534,
839.8000000000466,
840.4000000000233,
840.9000000000233,
841.5999999999767,
842.1999999999534,
842.8000000000466,
844.3000000000466,
844.9000000000233,
845.5,
846.0999999999767,
846.8000000000466,
847.4000000000233,
848,
848.4000000000233,
849,
849.5999999999767,
850.0999999999767,
850.6999999999534,
851.9000000000233,
852.4000000000233,
852.9000000000233,
853.5,
854.0999999999767,
854.8000000000466,
855.4000000000233,
855.9000000000233,
856.5,
857.0999999999767,
857.6999999999534,
858.3000000000466,
859.5999999999767,
860.0999999999767,
860.6999999999534,
861.1999999999534,
861.8000000000466,
862.3000000000466,
862.8000000000466,
863.5,
864.1999999999534,
864.6999999999534,
865.1999999999534,
865.8000000000466,
866.9000000000233,
867.5999999999767,
868.0999999999767,
868.6999999999534,
869.1999999999534,
869.8000000000466,
870.3000000000466,
870.9000000000233,
871.8000000000466,
872.3000000000466,
872.8000000000466,
873.4000000000233,
874.5999999999767,
875.1999999999534,
875.6999999999534,
876.3000000000466,
876.9000000000233,
877.4000000000233,
877.9000000000233,
878.4000000000233,
879.0999999999767,
879.8000000000466,
880.3000000000466,
880.9000000000233,
882.1999999999534,
882.8000000000466,
883.3000000000466,
883.8000000000466,
884.4000000000233,
884.9000000000233,
885.4000000000233,
885.9000000000233,
886.5,
887.0999999999767,
887.8000000000466,
888.4000000000233,
889.5999999999767,
890.0999999999767,
890.6999999999534,
891.1999999999534,
891.6999999999534,
892.3000000000466,
892.9000000000233,
893.4000000000233,
894,
894.5,
895.0999999999767,
895.5,
897,
897.5,
898.0999999999767,
898.5999999999767,
899.1999999999534,
899.6999999999534,
900.1999999999534,
900.6999999999534,
901.3000000000466,
901.9000000000233,
902.4000000000233,
902.9000000000233,
904.5,
905.1999999999534,
905.6999999999534,
906.3000000000466,
906.8000000000466,
907.4000000000233,
907.9000000000233,
908.5,
909,
909.5,
910.0999999999767,
910.5999999999767,
912.0999999999767,
912.6999999999534,
913.1999999999534,
913.8000000000466,
914.3000000000466,
914.9000000000233,
915.4000000000233,
916,
916.5,
917,
917.5,
918.1999999999534,
919.4000000000233,
920.1999999999534,
920.8000000000466,
921.3000000000466,
921.9000000000233,
922.5,
923,
923.5999999999767,
924.0999999999767,
924.6999999999534,
925.0999999999767,
925.6999999999534,
926.9000000000233,
927.5,
928.1999999999534,
928.8000000000466,
929.4000000000233,
929.9000000000233,
930.5,
931,
931.5,
932.1999999999534,
932.6999999999534,
933.1999999999534,
934.5,
935,
935.5999999999767,
936.1999999999534,
937,
937.5,
938,
938.5999999999767,
939.0999999999767,
939.5999999999767,
940.0999999999767,
940.5999999999767,
942,
942.5999999999767,
943.0999999999767,
943.5999999999767,
944.1999999999534,
945,
945.5,
946,
946.5999999999767,
947.0999999999767,
947.6999999999534,
948.1999999999534,
949.5,
950,
950.5,
951.1999999999534,
951.8000000000466,
952.5,
953.1999999999534,
953.6999999999534,
954.3000000000466,
954.8000000000466,
955.4000000000233,
955.9000000000233,
957.0999999999767,
957.8000000000466,
958.3000000000466,
958.9000000000233,
959.4000000000233,
959.9000000000233,
960.5,
961.1999999999534,
961.9000000000233,
962.4000000000233,
963,
963.5999999999767,
964.8000000000466,
965.3000000000466,
965.9000000000233,
966.4000000000233,
967,
967.5,
968,
968.5999999999767,
969.0999999999767,
969.9000000000233,
970.4000000000233,
971,
972.1999999999534,
972.6999999999534,
973.3000000000466,
973.8000000000466,
974.4000000000233,
974.9000000000233,
975.5,
976,
976.5999999999767,
977.0999999999767,
978.0999999999767,
978.6999999999534,
979.9000000000233,
980.5,
981,
981.5999999999767,
982.1999999999534,
982.8000000000466,
983.3000000000466,
983.8000000000466,
984.3000000000466,
984.8000000000466,
985.4000000000233,
986.0999999999767,
987.3000000000466,
987.9000000000233,
988.4000000000233,
989,
989.5,
990,
990.5999999999767,
991.0999999999767,
991.6999999999534,
992.1999999999534,
992.8000000000466,
993.4000000000233,
994.6999999999534,
995.3000000000466,
995.9000000000233,
996.4000000000233,
997,
997.5,
998,
998.5,
999,
999.5999999999767,
1000.1999999999534,
1000.6999999999534,
1002.1999999999534,
1002.8000000000466,
1003.4000000000233,
1003.9000000000233,
1004.4000000000233,
1005,
1005.5,
1006.0999999999767,
1006.5999999999767,
1007.1999999999534,
1007.6999999999534,
1008.1999999999534,
1009.4000000000233,
1010.1999999999534,
1010.8000000000466,
1011.3000000000466,
1011.9000000000233,
1012.5,
1013.0999999999767,
1013.5,
1014.0999999999767,
1014.5999999999767,
1015.1999999999534,
1015.6999999999534,
1017.5,
1018.6999999999534,
1019.8000000000466,
1020.4000000000233,
1020.9000000000233,
1021.5,
1022.0999999999767,
1022.6999999999534,
1023.3000000000466,
1023.8000000000466,
1024.4000000000233,
1024.9000000000233,
1026.1999999999534,
1026.6999999999534,
1027.3000000000466,
1027.8000000000466,
1028.5999999999767,
1029.1999999999534,
1029.6999999999534,
1030.1999999999534,
1030.8000000000466,
1031.5,
1032,
1032.5999999999767,
1033.8000000000466,
1034.4000000000233,
1035,
1035.4000000000233,
1036,
1036.8000000000466,
1037.4000000000233,
1038,
1038.5,
1039,
1039.5999999999767,
1040.0999999999767,
1041.4000000000233,
1042,
1042.4000000000233,
1043,
1043.5999999999767,
1044.0999999999767,
1044.9000000000233,
1045.5,
1046,
1046.5999999999767,
1047.0999999999767,
1047.5999999999767,
1048.9000000000233,
1049.4000000000233,
1050,
1050.5999999999767,
1051.0999999999767,
1051.6999999999534,
1052.3000000000466,
1053.6999999999534,
1054.3000000000466,
1054.8000000000466,
1055.4000000000233,
1055.9000000000233,
1057.3000000000466,
1058,
1058.5,
1059.0999999999767,
1059.5999999999767,
1060.0999999999767,
1060.6999999999534,
1061.3000000000466,
1061.8000000000466,
1062.5,
1063,
1063.5999999999767,
1064.8000000000466,
1065.5,
1066.0999999999767,
1066.6999999999534,
1067.1999999999534,
1067.8000000000466,
1068.3000000000466,
1068.8000000000466,
1069.4000000000233,
1070,
1070.8000000000466,
1071.5,
1072.9000000000233,
1073.4000000000233,
1074.0999999999767,
1074.5999999999767,
1075.3000000000466,
1075.8000000000466,
1076.4000000000233,
1077,
1077.6999999999534,
1078.3000000000466,
1079,
1079.8000000000466,
1081,
1081.9000000000233,
1082.4000000000233,
1083.1999999999534,
1083.8000000000466,
1084.3000000000466,
1084.9000000000233,
1085.5,
1086,
1086.5999999999767,
1087.0999999999767,
1087.5999999999767,
1089,
1089.6999999999534,
1090.1999999999534,
1090.6999999999534,
1091.3000000000466,
1091.8000000000466,
1092.4000000000233,
1092.9000000000233,
1093.5,
1094,
1094.5999999999767,
1095.0999999999767,
1096.5999999999767,
1097.0999999999767,
1097.6999999999534,
1098.1999999999534,
1098.9000000000233,
1099.5,
1099.9000000000233,
1100.5,
1101,
1101.5999999999767,
1102.3000000000466,
1102.8000000000466,
1103.9000000000233,
1104.8000000000466,
1105.3000000000466,
1105.9000000000233,
1106.4000000000233,
1107,
1107.4000000000233,
1108.0999999999767,
1108.5999999999767,
1109.1999999999534,
1111.4000000000233,
1112.0999999999767,
1113.4000000000233,
1113.9000000000233,
1114.6999999999534,
1115.3000000000466,
1115.8000000000466,
1116.4000000000233,
1116.9000000000233,
1117.5,
1118,
1118.5,
1119,
1119.5,
1120.8000000000466,
1121.3000000000466,
1122,
1122.8000000000466,
1123.3000000000466,
1123.9000000000233,
1124.4000000000233,
1124.9000000000233,
1125.4000000000233,
1125.9000000000233,
1126.5,
1127,
1128.1999999999534,
1128.8000000000466,
1129.3000000000466,
1129.9000000000233,
1130.4000000000233,
1131.1999999999534,
1133.4000000000233,
1134,
1134.5,
1135.0999999999767,
1135.5,
1136.0999999999767,
1137.3000000000466,
1137.9000000000233,
1138.4000000000233,
1138.9000000000233,
1139.5,
1140,
1140.8000000000466,
1141.4000000000233,
1141.9000000000233,
1142.4000000000233,
1143,
1143.5,
1144.8000000000466,
1145.4000000000233,
1145.9000000000233,
1146.4000000000233,
1147,
1147.5,
1148,
1148.5,
1149.3000000000466,
1149.9000000000233,
1150.4000000000233,
1151,
1152.1999999999534,
1152.8000000000466,
1153.3000000000466,
1153.9000000000233,
1154.4000000000233,
1155,
1155.5,
1156,
1156.5,
1157.3000000000466,
1157.9000000000233,
1158.3000000000466,
1159.6999999999534,
1160.3000000000466,
1160.8000000000466,
1161.3000000000466,
1162,
1162.5,
1163,
1163.5999999999767,
1164.0999999999767,
1164.6999999999534,
1165.0999999999767,
1165.9000000000233,
1167.1999999999534,
1167.6999999999534,
1168.1999999999534,
1168.8000000000466,
1169.3000000000466,
1169.9000000000233,
1170.3000000000466,
1170.9000000000233,
1171.5999999999767,
1172.0999999999767,
1172.6999999999534,
1173.1999999999534,
1174.5999999999767,
1175.1999999999534,
1175.8000000000466,
1176.3000000000466,
1176.9000000000233,
1177.4000000000233,
1177.9000000000233,
1178.5,
1179,
1179.5999999999767,
1180.1999999999534,
1180.6999999999534,
1182.1999999999534,
1182.8000000000466,
1183.3000000000466,
1183.9000000000233,
1184.4000000000233,
1184.9000000000233,
1185.5,
1186,
1186.5,
1187.0999999999767,
1187.5999999999767,
1188.0999999999767,
1189.4000000000233,
1190.1999999999534,
1190.6999999999534,
1191.3000000000466,
1191.8000000000466,
1192.3000000000466,
1192.9000000000233,
1193.3000000000466,
1193.9000000000233,
1194.5,
1195,
1195.5999999999767,
1196.8000000000466,
1197.3000000000466,
1198,
1198.5,
1199,
1199.5999999999767,
1200.0999999999767,
1200.6999999999534,
1201.3000000000466,
1202,
1202.5,
1203,
1204.0999999999767,
1204.8000000000466,
1205.3000000000466,
1206,
1206.5,
1207.0999999999767,
1207.6999999999534,
1208.1999999999534,
1208.6999999999534,
1209.1999999999534,
1209.8000000000466,
1210.3000000000466,
1211.5999999999767,
1212.1999999999534,
1212.6999999999534,
1213.3000000000466,
1213.8000000000466,
1214.5999999999767,
1215.1999999999534,
1215.5999999999767,
1216.1999999999534,
1216.8000000000466,
1217.3000000000466,
1217.8000000000466,
1219,
1219.5999999999767,
1220.0999999999767,
1220.5999999999767,
1221.1999999999534,
1221.8000000000466,
1222.5999999999767,
1223.1999999999534,
1223.8000000000466,
1224.3000000000466,
1224.8000000000466,
1225.3000000000466,
1226.5999999999767,
1227.0999999999767,
1227.6999999999534,
1228.1999999999534,
1228.6999999999534,
1229.3000000000466,
1229.8000000000466,
1230.4000000000233,
1231.1999999999534,
1231.8000000000466,
1232.4000000000233,
1233,
1234.1999999999534,
1234.6999999999534,
1235.3000000000466,
1235.8000000000466,
1236.3000000000466,
1236.9000000000233,
1237.4000000000233,
1238,
1238.5,
1239.3000000000466,
1239.9000000000233,
1240.4000000000233,
1241.8000000000466,
1242.4000000000233,
1242.9000000000233,
1243.5,
1244,
1244.5,
1245.0999999999767,
1245.5999999999767,
1246.1999999999534,
1246.6999999999534,
1247.4000000000233,
1248,
1249.1999999999534,
1249.8000000000466,
1250.4000000000233,
1250.9000000000233,
1251.5,
1252.0999999999767,
1252.5,
1253.0999999999767,
1253.5999999999767,
1254.1999999999534,
1254.6999999999534,
1255.3000000000466,
1256.6999999999534,
1257.3000000000466,
1257.8000000000466,
1258.4000000000233,
1258.9000000000233,
1259.5,
1259.9000000000233,
1260.5,
1261,
1261.5999999999767,
1262.1999999999534,
1262.6999999999534,
1264.1999999999534,
1264.8000000000466,
1265.3000000000466,
1265.9000000000233,
1266.4000000000233,
1266.9000000000233,
1267.4000000000233,
1268,
1268.5999999999767,
1269.0999999999767,
1269.6999999999534,
1270.1999999999534,
1271.6999999999534,
1272.3000000000466,
1272.9000000000233,
1273.5,
1274,
1274.5,
1275.0999999999767,
1275.6999999999534,
1276.0999999999767,
1276.6999999999534,
1277.1999999999534,
1277.8000000000466,
1279,
1279.5999999999767,
1280.3000000000466,
1281.0999999999767,
1281.9000000000233,
1282.8000000000466,
1283.6999999999534,
1284.4000000000233,
1285.1999999999534,
1286,
1287,
1287.8000000000466,
1290.3000000000466,
1291.1999999999534,
1292,
1293.5999999999767,
1294.1999999999534,
1294.6999999999534,
1295.3000000000466,
1295.8000000000466,
1296.4000000000233,
1296.9000000000233,
1297.5,
1298,
1299.4000000000233,
1299.9000000000233,
1300.5,
1301,
1301.5999999999767,
1302.4000000000233,
1303.1999999999534,
1304,
1304.8000000000466,
1305.5,
1306.3000000000466,
1307.0999999999767,
1309.0999999999767,
1310,
1310.6999999999534,
1311.5,
1312.1999999999534,
1313.0999999999767,
1314.1999999999534,
1314.9000000000233,
1315.4000000000233,
1316,
1316.5,
1317.0999999999767,
1318.1999999999534,
1318.8000000000466,
1319.3000000000466,
1319.9000000000233,
1320.4000000000233,
1320.8000000000466,
1321.4000000000233,
1322.0999999999767,
1322.5999999999767,
1323.1999999999534,
1323.6999999999534,
1324.3000000000466,
1325.6999999999534,
1326.1999999999534,
1326.6999999999534,
1327.3000000000466,
1327.8000000000466,
1328.4000000000233,
1328.9000000000233,
1329.4000000000233,
1330,
1330.9000000000233,
1331.5999999999767,
1332,
1333.3000000000466,
1334,
1334.5,
1335,
1335.5999999999767,
1336.0999999999767,
1336.5999999999767,
1337.0999999999767,
1337.6999999999534,
1338.1999999999534,
1338.6999999999534,
1339.3000000000466,
1340.5999999999767,
1341.0999999999767,
1341.9000000000233,
1342.5,
1343,
1343.5999999999767,
1344.0999999999767,
1344.5999999999767,
1345.1999999999534,
1345.6999999999534,
1346.1999999999534,
1346.8000000000466,
1348.3000000000466,
1348.9000000000233,
1349.5,
1350.0999999999767,
1350.5,
1351.0999999999767,
1351.6999999999534,
1352.3000000000466,
1352.8000000000466,
1353.3000000000466,
1353.8000000000466,
1354.4000000000233,
1355.5999999999767,
1356.1999999999534,
1356.6999999999534,
1357.3000000000466,
1357.8000000000466,
1358.4000000000233,
1358.9000000000233,
1359.5,
1360,
1360.5999999999767,
1361.1999999999534,
1361.9000000000233,
1363.1999999999534,
1364.3000000000466,
1364.9000000000233,
1365.5,
1366,
1366.5,
1367.0999999999767,
1367.5999999999767,
1368.0999999999767,
1368.5999999999767,
1369.1999999999534,
1369.6999999999534,
1371,
1371.5999999999767,
1372.1999999999534,
1372.6999999999534,
1373.3000000000466,
1373.8000000000466,
1374.3000000000466,
1374.9000000000233,
1375.4000000000233,
1375.9000000000233,
1376.4000000000233,
1377,
1378.3000000000466,
1378.9000000000233,
1379.4000000000233,
1379.9000000000233,
1380.9000000000233,
1381.5,
1382.1999999999534,
1382.6999999999534,
1383.1999999999534,
1383.6999999999534,
1384.4000000000233,
1384.9000000000233,
1386.0999999999767,
1386.6999999999534,
1387.1999999999534,
1387.6999999999534,
1388.1999999999534,
1388.8000000000466,
1389.3000000000466,
1389.8000000000466,
1390.4000000000233,
1390.9000000000233,
1391.5,
1392.0999999999767,
1393.4000000000233,
1394,
1394.5,
1395.0999999999767,
1395.5999999999767,
1396.0999999999767,
1396.5999999999767,
1397.4000000000233,
1398,
1398.5,
1399.0999999999767,
1399.5999999999767,
1400.8000000000466,
1401.5,
1402.0999999999767,
1402.5999999999767,
1403.0999999999767,
1403.6999999999534,
1404.1999999999534,
1404.8000000000466,
1405.4000000000233,
1405.9000000000233,
1406.5,
1407,
1408.3000000000466,
1408.8000000000466,
1409.3000000000466,
1409.9000000000233,
1410.5,
1411.0999999999767,
1411.6999999999534,
1412.1999999999534,
1412.9000000000233,
1413.3000000000466,
1414.1999999999534,
1414.8000000000466,
1416,
1416.5,
1417,
1417.6999999999534,
1418.1999999999534,
1418.6999999999534,
1419.1999999999534,
1419.8000000000466,
1420.1999999999534,
1420.9000000000233,
1421.4000000000233,
1422,
1423.1999999999534,
1423.9000000000233,
1424.4000000000233,
1424.9000000000233,
1425.5,
1426,
1426.5999999999767,
1427.0999999999767,
1427.5999999999767,
1428.0999999999767,
1428.6999999999534,
1429.1999999999534,
1430.8000000000466,
1431.4000000000233,
1432,
1432.5999999999767,
1433.0999999999767,
1433.6999999999534,
1434.3000000000466,
1434.8000000000466,
1435.4000000000233,
1436,
1436.4000000000233,
1437,
1438.1999999999534,
1438.6999999999534,
1439.3000000000466,
1439.9000000000233,
1440.4000000000233,
1440.9000000000233,
1441.5,
1442,
1442.5999999999767,
1443.1999999999534,
1443.8000000000466,
1444.3000000000466,
1445.5,
1446.4000000000233,
1447,
1447.5,
1448,
1448.6999999999534,
1449.1999999999534,
1449.8000000000466,
1450.4000000000233,
1450.8000000000466,
1451.5,
1452.0999999999767,
1453.3000000000466,
1453.8000000000466,
1454.4000000000233,
1455,
1455.5,
1456,
1456.5999999999767,
1457.0999999999767,
1457.5999999999767,
1458.1999999999534,
1458.6999999999534,
1459.1999999999534,
1460.5,
1461,
1461.5999999999767,
1462.1999999999534,
1463.0999999999767,
1463.5999999999767,
1464.0999999999767,
1464.6999999999534,
1465.1999999999534,
1465.8000000000466,
1466.1999999999534,
1466.8000000000466,
1468,
1468.5999999999767,
1469.0999999999767,
1469.6999999999534,
1470.1999999999534,
1470.6999999999534,
1471.3000000000466,
1471.8000000000466,
1472.3000000000466,
1472.9000000000233,
1473.4000000000233,
1473.9000000000233,
1475.0999999999767,
1475.5999999999767,
1476.1999999999534,
1476.6999999999534,
1477.1999999999534,
1477.6999999999534,
1478.4000000000233,
1479.1999999999534,
1479.6999999999534,
1480.3000000000466,
1480.8000000000466,
1481.3000000000466,
1482.5999999999767,
1483.1999999999534,
1483.8000000000466,
1484.3000000000466,
1484.8000000000466,
1485.4000000000233,
1486,
1486.5999999999767,
1487.0999999999767,
1487.5999999999767,
1488.0999999999767,
1488.6999999999534,
1490.1999999999534,
1491.3000000000466,
1492.6999999999534,
1493.6999999999534,
1494.3000000000466,
1494.8000000000466,
1495.3000000000466,
1495.8000000000466,
1496.4000000000233,
1497,
1497.6999999999534,
1498.3000000000466,
1499.5999999999767,
1500.0999999999767,
1500.6999999999534,
1501.1999999999534,
1501.8000000000466,
1502.4000000000233,
1502.9000000000233,
1503.4000000000233,
1504,
1504.5,
1505,
1505.5999999999767,
1506.9000000000233,
1507.4000000000233,
1507.9000000000233,
1508.4000000000233,
1509,
1509.5,
1510.0999999999767,
1510.5999999999767,
1511.0999999999767,
1511.6999999999534,
1512.3000000000466,
1512.8000000000466,
1514.1999999999534,
1514.8000000000466,
1515.4000000000233,
1516,
1516.5,
1517.0999999999767,
1517.5999999999767,
1518.1999999999534,
1518.6999999999534,
1519.1999999999534,
1519.8000000000466,
1520.3000000000466,
1521.5,
1522.1999999999534,
1522.8000000000466,
1523.1999999999534,
1523.9000000000233,
1524.4000000000233,
1524.9000000000233,
1525.5,
1526,
1526.5,
1527,
1527.5999999999767,
1528.8000000000466,
1529.4000000000233,
1530.1999999999534,
1530.8000000000466,
1531.4000000000233,
1531.9000000000233,
1532.5,
1533,
1533.5999999999767,
1534.0999999999767,
1534.5999999999767,
1535.1999999999534,
1536.5999999999767,
1537.1999999999534,
1537.6999999999534,
1538.1999999999534,
1538.8000000000466,
1539.3000000000466,
1539.8000000000466,
1540.3000000000466,
1540.9000000000233,
1541.5,
1542,
1542.5,
1543.8000000000466,
1544.4000000000233,
1544.9000000000233,
1545.5,
1546,
1546.9000000000233,
1547.4000000000233,
1547.9000000000233,
1548.4000000000233,
1548.9000000000233,
1549.4000000000233,
1550.0999999999767,
1551.3000000000466,
1551.8000000000466,
1552.4000000000233,
1552.9000000000233,
1553.5,
1554,
1554.5999999999767,
1555.1999999999534,
1555.6999999999534,
1556.3000000000466,
1556.8000000000466,
1557.3000000000466,
1558.5,
1559,
1559.5999999999767,
1560.0999999999767,
1560.5999999999767,
1561.1999999999534,
1561.8000000000466,
1562.3000000000466,
1563.0999999999767,
1563.6999999999534,
1564.1999999999534,
1564.8000000000466,
1566,
1566.5999999999767,
1567.1999999999534,
1567.8000000000466,
1568.3000000000466,
1568.9000000000233,
1569.3000000000466,
1569.9000000000233,
1570.4000000000233,
1571,
1571.5999999999767,
1572.0999999999767,
1573.3000000000466,
1573.9000000000233,
1574.4000000000233,
1575,
1575.5,
1576,
1576.5,
1577.0999999999767,
1577.6999999999534,
1578.3000000000466,
1578.8000000000466,
1579.5999999999767,
1580.8000000000466,
1581.3000000000466,
1582,
1582.5,
1583.0999999999767,
1583.5999999999767,
1584.0999999999767,
1584.6999999999534,
1585.1999999999534,
1585.6999999999534,
1586.3000000000466,
1586.9000000000233,
1588.0999999999767,
1588.6999999999534,
1589.0999999999767,
1589.6999999999534,
1590.3000000000466,
1590.8000000000466,
1591.4000000000233,
1592,
1592.5999999999767,
1593.0999999999767,
1593.6999999999534,
1594.1999999999534,
1595.5999999999767,
1596.1999999999534,
1596.8000000000466,
1597.4000000000233,
1597.9000000000233,
1598.5,
1599,
1599.5,
1600.0999999999767,
1600.5999999999767,
1601.1999999999534,
1601.8000000000466,
1603,
1603.5,
1604,
1604.5999999999767,
1605.1999999999534,
1605.5999999999767,
1606.1999999999534,
1606.8000000000466,
1607.3000000000466,
1607.8000000000466,
1608.4000000000233,
1608.9000000000233,
1610.1999999999534,
1610.6999999999534,
1611.5,
1612.1999999999534,
1612.6999999999534,
1613.1999999999534,
1613.8000000000466,
1614.4000000000233,
1614.9000000000233,
1615.4000000000233,
1615.9000000000233,
1616.5,
1617.6999999999534,
1618.3000000000466,
1618.8000000000466,
1619.3000000000466,
1619.8000000000466,
1620.5,
1621,
1621.5,
1622.0999999999767,
1622.6999999999534,
1623.1999999999534,
1623.8000000000466,
1624.9000000000233,
1625.5,
1626.0999999999767,
1626.6999999999534,
1627.1999999999534,
1627.9000000000233,
1628.5999999999767,
1629.0999999999767,
1629.8000000000466,
1630.1999999999534,
1630.8000000000466,
1631.4000000000233,
1632.6999999999534,
1633.3000000000466,
1633.9000000000233,
1634.4000000000233,
1634.9000000000233,
1635.5,
1636,
1636.5,
1637.0999999999767,
1637.5999999999767,
1638.0999999999767,
1638.5999999999767,
1639.8000000000466,
1640.3000000000466,
1640.9000000000233,
1641.5,
1642.0999999999767,
1642.5999999999767,
1643.1999999999534,
1643.8000000000466,
1644.5999999999767,
1645.0999999999767,
1645.6999999999534,
1646.1999999999534,
1647.4000000000233,
1648,
1648.5,
1649.0999999999767,
1649.5,
1650.1999999999534,
1650.5999999999767,
1651.3000000000466,
1651.8000000000466,
1652.4000000000233,
1652.9000000000233,
1653.5,
1654.8000000000466,
1655.3000000000466,
1655.9000000000233,
1656.4000000000233,
1656.9000000000233,
1657.5,
1658,
1658.5999999999767,
1659.0999999999767,
1659.6999999999534,
1660.0999999999767,
1660.9000000000233,
1662.3000000000466,
1662.9000000000233,
1663.4000000000233,
1664,
1664.5,
1665,
1665.5,
1666.0999999999767,
1666.5999999999767,
1667.0999999999767,
1667.6999999999534,
1668.1999999999534,
1669.4000000000233,
1670,
1670.5999999999767,
1671.0999999999767,
1671.6999999999534,
1672.1999999999534,
1672.8000000000466,
1673.3000000000466,
1673.8000000000466,
1674.3000000000466,
1674.9000000000233,
1675.4000000000233,
1676.9000000000233,
1677.4000000000233,
1678.0999999999767,
1678.5,
1679.0999999999767,
1679.6999999999534,
1680.1999999999534,
1680.6999999999534,
1681.3000000000466,
1681.8000000000466,
1682.4000000000233,
1682.9000000000233,
1684.0999999999767,
1684.6999999999534,
1685.3000000000466,
1685.8000000000466,
1686.3000000000466,
1686.9000000000233,
1687.4000000000233,
1688.1999999999534,
1688.6999999999534,
1689.0999999999767,
1689.9000000000233,
1690.5,
1691.8000000000466,
1692.4000000000233,
1692.9000000000233,
1693.8000000000466,
1694.3000000000466,
1694.9000000000233,
1695.5,
1696,
1696.5,
1697,
1697.6999999999534,
1698.1999999999534,
1699.4000000000233,
1699.9000000000233,
1700.5,
1701,
1701.6999999999534,
1702.1999999999534,
1702.8000000000466,
1703.3000000000466,
1703.8000000000466,
1704.4000000000233,
1704.9000000000233,
1705.4000000000233,
1706.6999999999534,
1707.3000000000466,
1707.8000000000466,
1708.4000000000233,
1708.9000000000233,
1709.4000000000233,
1710.1999999999534,
1710.8000000000466,
1711.3000000000466,
1711.9000000000233,
1712.5,
1713,
1714.1999999999534,
1714.6999999999534,
1715.3000000000466,
1715.8000000000466,
1716.4000000000233,
1716.9000000000233,
1717.4000000000233,
1718,
1718.5,
1719,
1719.5999999999767,
1720.1999999999534,
1721.4000000000233,
1721.9000000000233,
1722.5999999999767,
1723,
1723.5,
1724.0999999999767,
1724.6999999999534,
1725.1999999999534,
1725.6999999999534,
1726.5999999999767,
1727.0999999999767,
1727.5999999999767,
1728.9000000000233,
1729.5,
1730,
1730.5999999999767,
1731.0999999999767,
1731.5999999999767,
1732.1999999999534,
1732.6999999999534,
1733.3000000000466,
1733.9000000000233,
1734.3000000000466,
1734.9000000000233,
1736.0999999999767,
1736.6999999999534,
1737.3000000000466,
1737.8000000000466,
1738.3000000000466,
1738.9000000000233,
1739.4000000000233,
1740,
1740.5999999999767,
1741.0999999999767,
1741.6999999999534,
1742.3000000000466,
1743.6999999999534,
1744.3000000000466,
1744.8000000000466,
1745.3000000000466,
1745.9000000000233,
1746.4000000000233,
1746.9000000000233,
1747.4000000000233,
1748,
1748.5,
1749.0999999999767,
1749.5999999999767,
1750.9000000000233,
1751.5,
1752.1999999999534,
1752.8000000000466,
1753.1999999999534,
1753.8000000000466,
1754.3000000000466,
1754.9000000000233,
1755.4000000000233,
1756,
1756.4000000000233,
1756.9000000000233,
1758.1999999999534,
1759.1999999999534,
1759.6999999999534,
1760.1999999999534,
1760.6999999999534,
1761.3000000000466,
1761.8000000000466,
1762.4000000000233,
1763.0999999999767,
1763.5999999999767,
1764.0999999999767,
1764.5999999999767,
1765.9000000000233,
1766.5,
1767,
1767.5999999999767,
1768,
1768.5,
1769.0999999999767,
1769.5999999999767,
1770.1999999999534,
1770.6999999999534,
1771.3000000000466,
1771.9000000000233,
1773.1999999999534,
1773.6999999999534,
1774.3000000000466,
1774.8000000000466,
1775.5999999999767,
1776.1999999999534,
1776.6999999999534,
1777.1999999999534,
1777.8000000000466,
1778.3000000000466,
1778.9000000000233,
1779.3000000000466,
1780.5999999999767,
1781.1999999999534,
1781.8000000000466,
1782.4000000000233,
1782.8000000000466,
1783.4000000000233,
1784,
1784.5,
1785.0999999999767,
1785.5999999999767,
1786.1999999999534,
1786.6999999999534,
1787.9000000000233,
1788.4000000000233,
1789,
1789.5,
1790.0999999999767,
1790.6999999999534,
1791.0999999999767,
1791.9000000000233,
1792.5,
1793.0999999999767,
1793.6999999999534,
1794.0999999999767,
1795.3000000000466,
1795.9000000000233,
1796.5,
1797.0999999999767,
1797.5999999999767,
1798.0999999999767,
1798.6999999999534,
1799.1999999999534,
1799.6999999999534,
1800.1999999999534,
1800.8000000000466,
1801.3000000000466,
1802.5999999999767,
1803.0999999999767,
1803.5999999999767,
1804.1999999999534,
1804.6999999999534,
1805.3000000000466,
1805.8000000000466,
1806.3000000000466,
1806.9000000000233,
1807.3000000000466,
1808.1999999999534,
1808.6999999999534,
1809.9000000000233,
1810.5,
1811,
1811.5999999999767,
1812.0999999999767,
1812.5999999999767,
1813.0999999999767,
1813.6999999999534,
1814.1999999999534,
1814.8000000000466,
1815.3000000000466,
1815.8000000000466,
1817,
1817.5999999999767,
1818.0999999999767,
1818.5999999999767,
1819.3000000000466,
1819.8000000000466,
1820.4000000000233,
1820.9000000000233,
1821.5,
1822.0999999999767,
1822.6999999999534,
1823.1999999999534,
1824.6999999999534,
1825.3000000000466,
1825.9000000000233,
1826.5,
1827,
1827.5999999999767,
1828.0999999999767,
1828.5999999999767,
1829.0999999999767,
1829.5999999999767,
1830.1999999999534,
1830.6999999999534,
1832,
1832.5999999999767,
1833.0999999999767,
1833.6999999999534,
1834.3000000000466,
1834.8000000000466,
1835.4000000000233,
1835.9000000000233,
1836.3000000000466,
1836.9000000000233,
1837.5,
1838,
1839.0999999999767,
1839.6999999999534,
1840.5999999999767,
1841.0999999999767,
1841.6999999999534,
1842.1999999999534,
1842.8000000000466,
1843.3000000000466,
1843.8000000000466,
1844.5,
1845,
1845.5,
1846.6999999999534,
1847.4000000000233,
1847.9000000000233,
1848.4000000000233,
1849,
1849.5,
1850.0999999999767,
1850.5999999999767,
1851,
1851.6999999999534,
1852.3000000000466,
1852.8000000000466,
1854,
1854.5999999999767,
1855.0999999999767,
1855.6999999999534,
1856.1999999999534,
1857,
1857.5,
1858,
1858.5999999999767,
1859.0999999999767,
1859.5999999999767,
1860.1999999999534,
1861.4000000000233,
1862.0999999999767,
1862.5999999999767,
1863.3000000000466,
1863.8000000000466,
1864.3000000000466,
1864.8000000000466,
1865.4000000000233,
1865.9000000000233,
1866.4000000000233,
1866.9000000000233,
1867.5999999999767,
1868.8000000000466,
1869.4000000000233,
1869.9000000000233,
1870.4000000000233,
1871,
1871.5999999999767,
1872.0999999999767,
1872.5999999999767,
1873.4000000000233,
1874.0999999999767,
1874.5999999999767,
1875,
1876.3000000000466,
1876.8000000000466,
1877.4000000000233,
1877.9000000000233,
1878.4000000000233,
1879,
1879.5,
1880.0999999999767,
1880.6999999999534,
1881.1999999999534,
1881.6999999999534,
1882.4000000000233,
1883.5999999999767,
1884,
1884.5999999999767,
1885.0999999999767,
1885.6999999999534,
1886.1999999999534,
1886.8000000000466,
1887.4000000000233,
1887.8000000000466,
1888.3000000000466,
1888.9000000000233,
1889.6999999999534,
1890.9000000000233,
1891.5,
1892.0999999999767,
1892.5,
1893.0999999999767,
1893.6999999999534,
1894.1999999999534,
1895.1999999999534,
1896.3000000000466,
1897.5,
1898.9000000000233,
1899.5999999999767,
1900.8000000000466,
1901.4000000000233,
1902,
1902.5999999999767,
1903.0999999999767,
1903.6999999999534,
1904.3000000000466,
1904.9000000000233,
1905.4000000000233,
1906,
1906.5,
1907,
1908.5,
1909,
1909.6999999999534,
1910.1999999999534,
1910.6999999999534,
1911.3000000000466,
1911.9000000000233,
1912.4000000000233,
1912.9000000000233,
1913.4000000000233,
1914,
1914.5,
1915.8000000000466,
1916.3000000000466,
1916.9000000000233,
1917.4000000000233,
1918,
1918.5,
1919.0999999999767,
1919.5999999999767,
1920.0999999999767,
1920.6999999999534,
1921.1999999999534,
1921.9000000000233,
1923.0999999999767,
1923.6999999999534,
1924.0999999999767,
1925,
1925.5999999999767,
1926.0999999999767,
1926.5999999999767,
1927.3000000000466,
1927.8000000000466,
1928.3000000000466,
1928.8000000000466,
1929.3000000000466,
1930.6999999999534,
1931.1999999999534,
1931.8000000000466,
1932.4000000000233,
1932.9000000000233,
1933.4000000000233,
1934,
1934.5,
1935.0999999999767,
1935.5,
1936.0999999999767,
1936.5999999999767,
1937.8000000000466,
1938.4000000000233,
1938.9000000000233,
1939.4000000000233,
1940,
1940.5999999999767,
1941.4000000000233,
1942,
1942.5999999999767,
1943.1999999999534,
1943.5999999999767,
1944.0999999999767,
1945.5,
1946,
1946.5,
1947.0999999999767,
1947.5999999999767,
1948.0999999999767,
1948.6999999999534,
1949.1999999999534,
1949.6999999999534,
1950.1999999999534,
1950.6999999999534,
1951.4000000000233,
1952.5999999999767,
1953.1999999999534,
1953.6999999999534,
1954.3000000000466,
1954.8000000000466,
1955.3000000000466,
1955.9000000000233,
1956.4000000000233,
1957,
1957.8000000000466,
1958.3000000000466,
1958.8000000000466,
1960,
1960.5,
1961.0999999999767,
1961.6999999999534,
1962.1999999999534,
1962.8000000000466,
1963.3000000000466,
1963.8000000000466,
1964.4000000000233,
1964.9000000000233,
1965.4000000000233,
1966,
1967.0999999999767,
1967.6999999999534,
1968.1999999999534,
1968.8000000000466,
1969.4000000000233,
1969.9000000000233,
1970.5,
1971,
1971.5,
1972.0999999999767,
1972.5999999999767,
1973.0999999999767,
1974.6999999999534,
1975.3000000000466,
1975.8000000000466,
1976.3000000000466,
1976.8000000000466,
1977.4000000000233,
1977.9000000000233,
1978.4000000000233,
1979,
1979.5,
1980.0999999999767,
1980.5999999999767,
1982,
1982.5,
1983.0999999999767,
1983.5999999999767,
1984.1999999999534,
1984.6999999999534,
1985.1999999999534,
1985.8000000000466,
1986.3000000000466,
1986.8000000000466,
1987.4000000000233,
1987.8000000000466,
1989.0999999999767,
1990,
1990.5,
1991.0999999999767,
1991.6999999999534,
1992.1999999999534,
1992.8000000000466,
1993.3000000000466,
1993.8000000000466,
1994.3000000000466,
1994.9000000000233,
1995.4000000000233,
1996.5999999999767,
1997.0999999999767,
1997.6999999999534,
1998.1999999999534,
1998.8000000000466,
1999.3000000000466,
1999.8000000000466,
2000.3000000000466,
2000.9000000000233,
2001.5,
2002.0999999999767,
2002.5,
2003.8000000000466,
2004.4000000000233,
2004.9000000000233,
2005.5,
2006.3000000000466,
2006.8000000000466,
2007.4000000000233,
2007.9000000000233,
2008.5,
2008.9000000000233,
2009.5,
2010,
2011.3000000000466,
2011.9000000000233,
2012.4000000000233,
2012.9000000000233,
2013.5999999999767,
2014.1999999999534,
2014.6999999999534,
2015.1999999999534,
2015.6999999999534,
2016.1999999999534,
2016.8000000000466,
2017.3000000000466,
2018.5999999999767,
2019.0999999999767,
2019.5999999999767,
2020.0999999999767,
2020.6999999999534,
2021.1999999999534,
2021.9000000000233,
2022.6999999999534,
2023.3000000000466,
2023.8000000000466,
2024.3000000000466,
2024.8000000000466,
2026.0999999999767,
2026.5999999999767,
2027.0999999999767,
2027.8000000000466,
2028.3000000000466,
2028.8000000000466,
2029.4000000000233,
2029.9000000000233,
2030.5,
2031,
2031.5999999999767,
2032.1999999999534,
2033.4000000000233,
2034,
2034.5999999999767,
2035.0999999999767,
2035.6999999999534,
2036.1999999999534,
2036.8000000000466,
2037.3000000000466,
2037.8000000000466,
2038.3000000000466,
2039.1999999999534,
2039.6999999999534,
2041,
2041.5,
2042.0999999999767,
2042.5999999999767,
2043.0999999999767,
2043.6999999999534,
2044.3000000000466,
2044.8000000000466,
2045.3000000000466,
2045.9000000000233,
2046.4000000000233,
2046.9000000000233,
2048.0999999999767,
2048.6999999999534,
2049.1999999999534,
2049.6999999999534,
2050.3000000000466,
2050.8000000000466,
2051.4000000000233,
2052,
2052.5,
2053,
2053.5999999999767,
2054.0999999999767,
2055.5999999999767,
2056.1999999999534,
2056.8000000000466,
2057.3000000000466,
2057.9000000000233,
2058.4000000000233,
2059,
2059.4000000000233,
2060,
2060.5,
2061,
2061.6999999999534,
2063,
2063.5,
2064.0999999999767,
2064.5999999999767,
2065.0999999999767,
2065.6999999999534,
2066.1999999999534,
2066.6999999999534,
2067.1999999999534,
2067.8000000000466,
2068.3000000000466,
2068.9000000000233,
2070.1999999999534,
2070.6999999999534,
2071.5999999999767,
2072.1999999999534,
2072.6999999999534,
2073.3000000000466,
2073.6999999999534,
2074.3000000000466,
2074.8000000000466,
2075.4000000000233,
2075.9000000000233,
2076.5,
2077.6999999999534,
2078.1999999999534,
2078.8000000000466,
2079.4000000000233,
2079.9000000000233,
2080.4000000000233,
2080.9000000000233,
2081.5999999999767,
2082.0999999999767,
2082.6999999999534,
2083.1999999999534,
2083.6999999999534,
2085,
2085.5,
2086.0999999999767,
2086.5999999999767,
2087.0999999999767,
2088,
2088.5999999999767,
2089.0999999999767,
2089.6999999999534,
2090.1999999999534,
2090.8000000000466,
2091.4000000000233,
2092.6999999999534,
2093.1999999999534,
2093.8000000000466,
2094.4000000000233,
2094.9000000000233,
2095.5,
2096,
2096.5999999999767,
2097.1999999999534,
2097.8000000000466,
2098.3000000000466,
2098.9000000000233,
2100.4000000000233,
2100.9000000000233,
2101.5,
2102.0999999999767,
2102.6999999999534,
2103.0999999999767,
2103.6999999999534,
2104.3000000000466,
2105,
2105.5999999999767,
2106.1999999999534,
2106.6999999999534,
2108,
2108.5999999999767,
2109.0999999999767,
2109.5999999999767,
2110.0999999999767,
2110.5999999999767,
2111.0999999999767,
2111.6999999999534,
2112.3000000000466,
2112.9000000000233,
2113.5,
2114.0999999999767,
2115.3000000000466,
2115.8000000000466,
2116.3000000000466,
2116.9000000000233,
2117.4000000000233,
2117.9000000000233,
2118.5,
2119,
2119.5,
2120.0999999999767,
2120.5,
2121.4000000000233,
2122.5999999999767,
2123.0999999999767,
2123.6999999999534,
2124.3000000000466,
2124.8000000000466,
2125.3000000000466,
2125.9000000000233,
2126.4000000000233,
2127,
2127.5,
2127.9000000000233,
2128.5,
2129.8000000000466,
2130.3000000000466,
2130.9000000000233,
2131.4000000000233,
2132,
2132.5999999999767,
2133.1999999999534,
2133.6999999999534,
2134.3000000000466,
2134.6999999999534,
2135.1999999999534,
2135.8000000000466,
2137.3000000000466,
2138,
2138.5,
2139.0999999999767,
2139.5999999999767,
2140.0999999999767,
2140.5999999999767,
2141.1999999999534,
2141.9000000000233,
2142.4000000000233,
2142.9000000000233,
2143.5,
2144.6999999999534,
2145.1999999999534,
2145.6999999999534,
2146.4000000000233,
2147,
2147.5,
2147.9000000000233,
2148.5,
2149.0999999999767,
2149.5999999999767,
2150.1999999999534,
2150.6999999999534,
2152,
2152.5,
2153,
2153.9000000000233,
2154.4000000000233,
2155,
2155.4000000000233,
2155.9000000000233,
2156.5,
2157,
2158.0999999999767,
2158.6999999999534,
2160,
2160.4000000000233,
2161,
2161.5,
2162.0999999999767,
2162.5999999999767,
2163.0999999999767,
2163.8000000000466,
2164.3000000000466,
2164.8000000000466,
2165.3000000000466,
2165.9000000000233,
2167.0999999999767,
2167.8000000000466,
2168.4000000000233,
2168.9000000000233,
2169.4000000000233,
2169.9000000000233,
2170.8000000000466,
2171.3000000000466,
2171.9000000000233,
2172.4000000000233,
2172.9000000000233,
2173.4000000000233,
2174.6999999999534,
2175.3000000000466,
2175.9000000000233,
2176.3000000000466,
2176.8000000000466,
2177.4000000000233,
2177.9000000000233,
2178.5,
2179.0999999999767,
2179.5999999999767,
2180.1999999999534,
2180.6999999999534,
2182.0999999999767,
2182.5999999999767,
2183.0999999999767,
2183.5999999999767,
2184.0999999999767,
2184.6999999999534,
2185.3000000000466,
2185.8000000000466,
2186.5999999999767,
2187.4000000000233,
2187.9000000000233,
2188.5,
2189.8000000000466,
2190.4000000000233,
2190.9000000000233,
2191.4000000000233,
2192,
2192.5,
2193.0999999999767,
2193.5999999999767,
2194.1999999999534,
2194.6999999999534,
2195.3000000000466,
2195.8000000000466,
2197.0999999999767,
2197.6999999999534,
2198.3000000000466,
2198.6999999999534,
2199.3000000000466,
2199.8000000000466,
2200.4000000000233,
2201,
2201.5,
2202.0999999999767,
2202.5,
2203.0999999999767,
2204.5999999999767,
2205.1999999999534,
2205.6999999999534,
2206.3000000000466,
2206.8000000000466,
2207.3000000000466,
2207.9000000000233,
2208.4000000000233,
2209,
2209.4000000000233,
2210,
2210.5999999999767,
2211.9000000000233,
2212.5,
2212.9000000000233,
2213.5,
2214,
2214.5,
2215.0999999999767,
2215.5999999999767,
2216.0999999999767,
2216.5999999999767,
2217.1999999999534,
2217.6999999999534,
2218.9000000000233,
2219.5,
2220.4000000000233,
2220.9000000000233,
2221.4000000000233,
2222.0999999999767,
2222.5999999999767,
2223.0999999999767,
2223.6999999999534,
2224.3000000000466,
2224.8000000000466,
2225.1999999999534,
2226.5,
2227,
2227.5999999999767,
2228.0999999999767,
2228.5999999999767,
2229.0999999999767,
2229.8000000000466,
2230.4000000000233,
2230.8000000000466,
2231.5,
2232.0999999999767,
2232.5999999999767,
2233.8000000000466,
2234.5,
2234.9000000000233,
2235.5,
2236,
2236.8000000000466,
2237.4000000000233,
2237.9000000000233,
2238.5,
2239,
2239.5,
2240.0999999999767,
2241.4000000000233,
2242,
2242.5,
2243,
2243.5,
2244.0999999999767,
2244.5999999999767,
2245.0999999999767,
2245.5999999999767,
2246.1999999999534,
2246.6999999999534,
2247.3000000000466,
2248.5,
2249,
2249.5999999999767,
2250.1999999999534,
2250.8000000000466,
2251.3000000000466,
2251.9000000000233,
2252.5,
2253.1999999999534,
2253.8000000000466,
2254.3000000000466,
2254.9000000000233,
2256.0999999999767,
2256.6999999999534,
2257.3000000000466,
2257.8000000000466,
2258.3000000000466,
2258.9000000000233,
2259.4000000000233,
2259.9000000000233,
2260.4000000000233,
2260.9000000000233,
2261.5,
2262.0999999999767,
2263.3000000000466,
2263.8000000000466,
2264.4000000000233,
2265,
2265.4000000000233,
2265.9000000000233,
2266.5,
2267,
2267.5999999999767,
2268.0999999999767,
2268.6999999999534,
2269.4000000000233,
2270.6999999999534,
2271.1999999999534,
2271.9000000000233,
2272.5,
2273,
2273.5,
2274.0999999999767,
2274.5999999999767,
2275.0999999999767,
2275.6999999999534,
2276.3000000000466,
2276.9000000000233,
2278.1999999999534,
2278.8000000000466,
2279.3000000000466,
2279.8000000000466,
2280.3000000000466,
2280.9000000000233,
2281.4000000000233,
2282,
2282.5999999999767,
2283.0999999999767,
2283.5999999999767,
2284.0999999999767,
2285.5999999999767,
2286.1999999999534,
2286.8000000000466,
2287.3000000000466,
2287.9000000000233,
2288.4000000000233,
2289.0999999999767,
2289.5999999999767,
2290.1999999999534,
2290.6999999999534,
2291.3000000000466,
2291.8000000000466,
2293,
2293.5999999999767,
2294,
2294.5999999999767,
2295.0999999999767,
2295.5999999999767,
2296.1999999999534,
2296.6999999999534,
2297.3000000000466,
2297.8000000000466,
2298.3000000000466,
2298.8000000000466,
2300,
2300.6999999999534,
2301.1999999999534,
2302.0999999999767,
2302.5999999999767,
2303.0999999999767,
2303.6999999999534,
2304.1999999999534,
2304.6999999999534,
2305.3000000000466,
2305.8000000000466,
2306.3000000000466,
2307.5,
2308.0999999999767,
2308.5999999999767,
2309.1999999999534,
2309.6999999999534,
2310.3000000000466,
2310.8000000000466,
2311.4000000000233,
2311.9000000000233,
2312.5,
2313,
2313.5,
2314.8000000000466,
2315.3000000000466,
2315.8000000000466,
2316.4000000000233,
2316.8000000000466,
2317.4000000000233,
2318.3000000000466,
2318.8000000000466,
2319.4000000000233,
2319.9000000000233,
2320.4000000000233,
2320.9000000000233,
2322.1999999999534,
2322.8000000000466,
2323.4000000000233,
2323.8000000000466,
2324.3000000000466,
2324.9000000000233,
2325.4000000000233,
2325.9000000000233,
2326.4000000000233,
2327,
2327.5,
2328,
2329.1999999999534,
2329.6999999999534,
2330.3000000000466,
2331,
2331.5,
2332,
2332.5,
2333.0999999999767,
2333.6999999999534,
2334.1999999999534,
2335.0999999999767,
2335.5,
2336.9000000000233,
2337.4000000000233,
2338,
2338.5,
2339,
2339.5999999999767,
2340.1999999999534,
2340.6999999999534,
2341.3000000000466,
2341.9000000000233,
2342.4000000000233,
2343,
2344.1999999999534,
2344.8000000000466,
2345.6999999999534,
2346.5,
2347.5,
2348.6999999999534,
2349.5999999999767,
2350.0999999999767,
2350.5999999999767,
2351.1999999999534,
2351.9000000000233,
2352.4000000000233,
2353.9000000000233,
2354.5,
2355,
2355.5,
2356.0999999999767,
2356.5999999999767,
2357.0999999999767,
2357.6999999999534,
2358.1999999999534,
2358.8000000000466,
2359.3000000000466,
2359.8000000000466,
2361,
2361.5999999999767,
2362.3000000000466,
2362.8000000000466,
2363.3000000000466,
2363.9000000000233,
2364.4000000000233,
2364.9000000000233,
2365.5,
2366,
2366.5999999999767,
2367.0999999999767,
2368.3000000000466,
2368.8000000000466,
2370.4000000000233,
2371,
2371.5,
2372.0999999999767,
2372.5999999999767,
2373.1999999999534,
2373.8000000000466,
2374.3000000000466,
2374.9000000000233,
2375.5999999999767,
2376.8000000000466,
2377.4000000000233,
2377.9000000000233,
2378.5,
2379.4000000000233,
2379.9000000000233,
2380.5,
2381.1999999999534,
2382,
2382.6999999999534,
2383.8000000000466,
2384.5,
2386.5,
2387.0999999999767,
2387.6999999999534,
2388.0999999999767,
2389,
2389.5,
2390.0999999999767,
2390.6999999999534,
2391.3000000000466,
2391.9000000000233,
2392.5999999999767,
2393.0999999999767,
2394.9000000000233,
2395.8000000000466,
2396.4000000000233,
2397,
2397.5,
2398,
2398.5999999999767,
2399.0999999999767,
2399.5999999999767,
2400.0999999999767,
2400.5999999999767,
2401.1999999999534,
2403.3000000000466,
2403.9000000000233,
2404.3000000000466,
2404.9000000000233,
2405.5,
2408,
2408.5999999999767,
2409.1999999999534,
2409.6999999999534,
2410.1999999999534,
2410.6999999999534,
2411.4000000000233,
2414,
2414.8000000000466,
2415.3000000000466,
2415.9000000000233,
2416.4000000000233,
2416.9000000000233,
2417.5999999999767,
2418.0999999999767,
2418.6999999999534,
2419.1999999999534,
2419.6999999999534,
2420.3000000000466,
2422.0999999999767,
2423.0999999999767,
2423.6999999999534,
2424.3000000000466,
2424.9000000000233,
2425.3000000000466,
2426.1999999999534,
2426.6999999999534,
2427.3000000000466,
2427.8000000000466,
2428.3000000000466,
2428.8000000000466,
2430.1999999999534,
2430.8000000000466,
2431.4000000000233,
2432.0999999999767,
2432.5999999999767,
2433.0999999999767,
2433.8000000000466,
2434.4000000000233,
2434.9000000000233,
2435.4000000000233,
2436,
2436.5,
2438,
2438.5,
2439.0999999999767,
2439.6999999999534,
2440.1999999999534,
2440.6999999999534,
2441.3000000000466,
2441.9000000000233,
2442.6999999999534,
2443.1999999999534,
2443.8000000000466,
2444.3000000000466,
2445.6999999999534,
2446.3000000000466,
2446.9000000000233,
2447.4000000000233,
2447.9000000000233,
2448.5,
2449,
2449.5,
2450,
2450.5999999999767,
2451.0999999999767,
2451.6999999999534,
2453.0999999999767,
2453.6999999999534,
2454.1999999999534,
2454.8000000000466,
2455.3000000000466,
2456,
2456.5,
2457.0999999999767,
2457.5999999999767,
2458.1999999999534,
2458.9000000000233,
2459.4000000000233,
2460.6999999999534,
2461.4000000000233,
2462.0999999999767,
2462.5999999999767,
2463.0999999999767,
2463.6999999999534,
2464.1999999999534,
2464.6999999999534,
2465.3000000000466,
2465.9000000000233,
2466.5,
2467,
2468.3000000000466,
2468.8000000000466,
2469.4000000000233,
2469.9000000000233,
2470.5,
2471,
2472.0999999999767,
2472.6999999999534,
2473.1999999999534,
2473.6999999999534,
2474.3000000000466,
2474.9000000000233,
2476.4000000000233,
2477,
2477.5999999999767,
2478,
2478.5999999999767,
2479.1999999999534,
2479.6999999999534,
2480.1999999999534,
2480.8000000000466,
2481.3000000000466,
2481.9000000000233,
2482.5,
2483.8000000000466,
2484.3000000000466,
2484.8000000000466,
2485.4000000000233,
2485.9000000000233,
2486.5,
2486.9000000000233,
2487.4000000000233,
2488,
2488.5,
2489.0999999999767,
2489.5999999999767,
2491.1999999999534,
2491.9000000000233,
2492.4000000000233,
2492.9000000000233,
2493.4000000000233,
2494,
2494.5,
2495.0999999999767,
2495.5,
2496.0999999999767,
2496.5999999999767,
2497.1999999999534,
2498.5,
2499.0999999999767,
2499.6999999999534,
2500.1999999999534,
2500.6999999999534,
2501.3000000000466,
2501.9000000000233,
2502.4000000000233,
2503,
2503.5999999999767,
2504.0999999999767,
2504.6999999999534,
2505.9000000000233,
2506.8000000000466,
2507.4000000000233,
2507.9000000000233,
2508.5,
2509.0999999999767,
2509.5999999999767,
2510.1999999999534,
2510.6999999999534,
2511.3000000000466,
2511.9000000000233,
2512.4000000000233,
2513.8000000000466,
2514.4000000000233,
2514.9000000000233,
2515.5,
2516.0999999999767,
2516.5,
2517.0999999999767,
2517.6999999999534,
2518.3000000000466,
2518.8000000000466,
2519.3000000000466,
2519.9000000000233,
2521.1999999999534,
2521.8000000000466,
2522.4000000000233,
2523.0999999999767,
2523.6999999999534,
2524.3000000000466,
2524.8000000000466,
2525.4000000000233,
2526.0999999999767,
2526.6999999999534,
2527.1999999999534,
2527.6999999999534,
2529,
2529.5,
2530.1999999999534,
2530.6999999999534,
2531.3000000000466,
2531.9000000000233,
2532.4000000000233,
2533,
2533.5,
2534,
2534.5999999999767,
2535.0999999999767,
2536.4000000000233,
2537,
2537.5999999999767,
2538.0999999999767,
2538.5999999999767,
2539.5,
2540,
2540.5999999999767,
2541.1999999999534,
2541.9000000000233,
2542.5,
2542.9000000000233,
2544.3000000000466,
2544.8000000000466,
2545.4000000000233,
2546,
2546.5,
2547,
2547.5999999999767,
2548.1999999999534,
2548.6999999999534,
2549.1999999999534,
2549.8000000000466,
2550.3000000000466,
2551.8000000000466,
2552.3000000000466,
2552.9000000000233,
2553.5,
2554,
2554.5,
2555.4000000000233,
2556,
2556.5999999999767,
2557.0999999999767,
2557.5999999999767,
2558.1999999999534,
2559.5,
2560.1999999999534,
2560.6999999999534,
2561.3000000000466,
2561.9000000000233,
2562.5,
2563,
2563.5999999999767,
2564.0999999999767,
2564.5999999999767,
2565.1999999999534,
2565.6999999999534,
2567,
2567.5,
2568.0999999999767,
2568.6999999999534,
2569.1999999999534,
2569.6999999999534,
2570.1999999999534,
2570.6999999999534,
2571.5999999999767,
2572.0999999999767,
2572.6999999999534,
2573.3000000000466,
2574.6999999999534,
2575.3000000000466,
2575.8000000000466,
2576.3000000000466,
2576.9000000000233,
2577.4000000000233,
2577.9000000000233,
2578.4000000000233,
2578.9000000000233,
2579.5,
2580,
2580.5,
2582,
2582.5999999999767,
2583.0999999999767,
2583.5999999999767,
2584.0999999999767,
2584.5999999999767,
2585.1999999999534,
2585.6999999999534,
2586.1999999999534,
2586.8000000000466,
2587.5999999999767,
2588.0999999999767,
2589.5,
2590.0999999999767,
2590.6999999999534,
2591.1999999999534,
2591.8000000000466,
2592.4000000000233,
2592.9000000000233,
2593.6999999999534,
2594.1999999999534,
2594.6999999999534,
2595.3000000000466,
2597.9000000000233,
2599.3000000000466,
2599.9000000000233,
2600.4000000000233,
2600.9000000000233,
2601.5999999999767,
2602.1999999999534,
2602.6999999999534,
2603.3000000000466,
2603.8000000000466,
2604.3000000000466,
2604.8000000000466,
2605.4000000000233,
2607,
2607.5,
2608,
2608.5999999999767,
2609.0999999999767,
2609.6999999999534,
2610.3000000000466,
2610.8000000000466,
2611.4000000000233,
2611.9000000000233,
2612.4000000000233,
2613.3000000000466,
2615.0999999999767,
2615.9000000000233,
2616.5999999999767,
2617.3000000000466,
2618.1999999999534,
2618.9000000000233,
2619.5,
2620,
2620.5,
2621.0999999999767,
2621.6999999999534,
2622.3000000000466,
2623.9000000000233,
2624.5,
2625.0999999999767,
2625.5999999999767,
2626.0999999999767,
2626.6999999999534,
2627.1999999999534,
2627.6999999999534,
2628.3000000000466,
2629.1999999999534,
2629.8000000000466,
2630.3000000000466,
2631.6999999999534,
2632.3000000000466,
2632.9000000000233,
2633.4000000000233,
2633.9000000000233,
2634.5,
2635,
2635.5,
2636.0999999999767,
2636.6999999999534,
2637.0999999999767,
2637.6999999999534,
2639.0999999999767,
2639.9000000000233,
2640.4000000000233,
2641,
2641.6999999999534,
2642.3000000000466,
2642.6999999999534,
2643.3000000000466,
2643.9000000000233,
2644.4000000000233,
2644.9000000000233,
2645.5999999999767,
2647,
2647.6999999999534,
2648.1999999999534,
2649,
2649.5999999999767,
2650.5,
2651.4000000000233,
2652.0999999999767,
2652.5999999999767,
2653.0999999999767,
2653.6999999999534,
2654.1999999999534,
2656.1999999999534,
2657,
2657.5,
2659.4000000000233,
2660.4000000000233,
2661,
2662.4000000000233,
2663.1999999999534,
2666,
2666.6999999999534,
2667.1999999999534,
2667.8000000000466,
2669.3000000000466,
2669.8000000000466,
2670.4000000000233,
2670.9000000000233,
2671.5999999999767,
2672.0999999999767,
2672.5999999999767,
2673.1999999999534,
2673.6999999999534,
2674.3000000000466,
2674.8000000000466,
2675.4000000000233,
2677.3000000000466,
2677.9000000000233,
2678.4000000000233,
2679.1999999999534,
2680.6999999999534,
2681.4000000000233,
2682.3000000000466,
2682.9000000000233,
2683.5999999999767,
2684.5,
2685.4000000000233,
2686,
2687.1999999999534,
2687.8000000000466,
2688.3000000000466,
2688.9000000000233,
2689.4000000000233,
2690,
2690.5,
2691.0999999999767,
2691.5999999999767,
2692.1999999999534,
2692.6999999999534,
2693.1999999999534,
2695.9000000000233,
2696.5,
2697.0999999999767,
2697.5999999999767,
2698.0999999999767,
2698.6999999999534,
2699.0999999999767,
2699.6999999999534,
2700.1999999999534,
2701.0999999999767,
2701.9000000000233,
2702.5,
2704.5,
2705.0999999999767,
2705.5999999999767,
2706.1999999999534,
2706.5999999999767,
2707.1999999999534,
2707.6999999999534,
2708.1999999999534,
2708.8000000000466,
2709.3000000000466,
2709.8000000000466,
2710.4000000000233,
2712.1999999999534,
2713.5,
2714.3000000000466,
2715.4000000000233,
2715.9000000000233,
2716.5,
2717.0999999999767,
2717.5999999999767,
2718.0999999999767,
2718.6999999999534,
2719.0999999999767,
2719.6999999999534,
2721.5,
2722.0999999999767,
2722.6999999999534,
2723.1999999999534,
2723.8000000000466,
2724.3000000000466,
2724.9000000000233,
2725.4000000000233,
2725.8000000000466,
2726.4000000000233,
2727,
2727.5,
2728.8000000000466,
2729.4000000000233,
2729.9000000000233,
2730.4000000000233,
2731,
2731.5999999999767,
2732.1999999999534,
2732.6999999999534,
2733.4000000000233,
2734,
2734.5,
2735,
2736.5,
2737.0999999999767,
2737.6999999999534,
2738.3000000000466,
2738.8000000000466,
2739.3000000000466,
2739.8000000000466,
2740.4000000000233,
2740.9000000000233,
2741.5,
2742.0999999999767,
2742.5999999999767,
2743.9000000000233,
2744.4000000000233,
2745,
2745.5,
2746.0999999999767,
2746.5999999999767,
2747.0999999999767,
2747.5999999999767,
2748.0999999999767,
2748.6999999999534,
2749.1999999999534,
2749.6999999999534,
2751.0999999999767,
2751.9000000000233,
2752.6999999999534,
2753.1999999999534,
2753.8000000000466,
2754.3000000000466,
2754.8000000000466,
2755.3000000000466,
2755.9000000000233,
2756.4000000000233,
2756.9000000000233,
2757.4000000000233,
2758.8000000000466,
2759.3000000000466,
2759.8000000000466,
2760.3000000000466,
2760.9000000000233,
2761.5,
2762.0999999999767,
2762.5999999999767,
2763.1999999999534,
2763.5999999999767,
2764.0999999999767,
2764.6999999999534,
2766,
2766.5,
2767.0999999999767,
2767.6999999999534,
2768.5,
2769.0999999999767,
2769.5999999999767,
2770.0999999999767,
2770.6999999999534,
2771.1999999999534,
2771.9000000000233,
2772.4000000000233,
2773.6999999999534,
2774.1999999999534,
2774.8000000000466,
2775.3000000000466,
2775.8000000000466,
2776.3000000000466,
2776.9000000000233,
2777.4000000000233,
2778,
2778.5,
2779,
2779.5,
2780.9000000000233,
2781.4000000000233,
2782,
2782.5999999999767,
2783.0999999999767,
2783.9000000000233,
2784.4000000000233,
2785,
2785.5,
2786.0999999999767,
2786.5,
2787.0999999999767,
2788.4000000000233,
2789,
2789.5,
2790,
2790.5,
2791.0999999999767,
2791.6999999999534,
2792.1999999999534,
2792.6999999999534,
2793.3000000000466,
2793.8000000000466,
2794.3000000000466,
2795.5999999999767,
2796.1999999999534,
2796.8000000000466,
2797.3000000000466,
2797.8000000000466,
2798.4000000000233,
2798.9000000000233,
2799.6999999999534,
2800.3000000000466,
2800.8000000000466,
2801.3000000000466,
2801.9000000000233,
2803.1999999999534,
2803.8000000000466,
2804.3000000000466,
2804.9000000000233,
2805.4000000000233,
2805.9000000000233,
2806.5,
2807,
2807.5999999999767,
2808.0999999999767,
2808.5999999999767,
2809.1999999999534,
2810.5,
2811,
2811.6999999999534,
2812.1999999999534,
2812.6999999999534,
2813.3000000000466,
2813.8000000000466,
2814.3000000000466,
2814.9000000000233,
2815.5999999999767,
2816.1999999999534,
2816.6999999999534,
2818,
2818.5999999999767,
2819,
2819.5999999999767,
2820.0999999999767,
2820.5999999999767,
2821.0999999999767,
2821.6999999999534,
2822.3000000000466,
2822.9000000000233,
2823.4000000000233,
2823.9000000000233
0.5999999999767169,
0.5999999999767169,
0.5,
0.5999999999767169,
0.6000000000931323,
0.5999999999767169,
0.5,
0.5999999999767169,
0.5,
0.5999999999767169,
0.5,
2,
0.5999999999767169,
1.2000000000698492,
1.400000000023283,
0.6999999999534339,
0.6999999999534339,
0.5999999999767169,
0.5999999999767169,
0.5,
0.5999999999767169,
0.5,
0.5999999999767169,
1.7000000000698492,
0.5999999999767169,
0.5999999999767169,
0.5,
0.5999999999767169,
0.5,
0.5,
0.5999999999767169,
0.5,
0.5999999999767169,
0.6999999999534339,
0.6000000000931323,
1.599999999976717,
0.5999999999767169,
0.5999999999767169,
0.5999999999767169,
0.6000000000931323,
0.5,
0.5,
0.5,
0.5999999999767169,
0.5,
0.5,
0.5,
1.7000000000698492,
0.5999999999767169,
0.5,
0.5999999999767169,
0.5,
0.5999999999767169,
0.5,
0.5,
0.6000000000931323,
0.5,
0.5999999999767169,
0.5999999999767169,
3.199999999953434,
0.5999999999767169,
0.5,
0.5,
0.5999999999767169,
0.40000000002328306,
0.5999999999767169,
1.099999999976717,
0.6000000000931323,
0.5,
0.5999999999767169,
0.5999999999767169,
2.300000000046566,
0.6999999999534339,
0.5999999999767169,
0.5999999999767169,
0.5,
0.7000000000698492,
0.5,
0.5999999999767169,
0.5999999999767169,
0.5,
0.5999999999767169,
0.5,
2.900000000023283,
0.5,
0.7000000000698492,
0.6999999999534339,
0.5999999999767169,
0.9000000000232831,
1,
0.5999999999767169,
0.5999999999767169,
0.5,
0.6000000000931323,
0.5,
1.6999999999534339,
0.5,
0.5999999999767169,
0.5999999999767169,
0.6000000000931323,
0.5,
0.5999999999767169,
0.5,
0.5,
0.5,
0.40000000002328306,
0.5,
1.900000000023283,
0.5999999999767169,
0.5,
0.6000000000931323,
0.5999999999767169,
0.5,
0.5999999999767169,
0.5,
0.6999999999534339,
0.5,
0.6000000000931323,
0.5,
1.5,
0.5999999999767169,
0.5,
0.5999999999767169,
0.5999999999767169,
0.5,
0.6000000000931323,
0.5999999999767169,
0.5,
0.5999999999767169,
0.5,
0.5999999999767169,
1.8000000000465661,
0.6999999999534339,
0.5999999999767169,
0.5,
0.6000000000931323,
0.5999999999767169,
0.5999999999767169,
0.5,
0.5999999999767169,
0.5999999999767169,
0.5,
0.39999999990686774,
1.3000000000465661,
0.9000000000232831,
0.6999999999534339,
0.5,
0.5999999999767169,
0.6000000000931323,
0.39999999990686774,
0.5,
0.5999999999767169,
0.5999999999767169,
0.40000000002328306,
0.6999999999534339,
1.2000000000698492,
0.5999999999767169,
0.6999999999534339,
0.6000000000931323,
0.5999999999767169,
0.5999999999767169,
0.5,
0.5,
0.5,
0.5999999999767169,
0.7000000000698492,
0.5,
1.400000000023283,
0.5,
0.7999999999301508,
0.5,
0.7000000000698492,
0.5,
0.5999999999767169,
0.5,
0.5999999999767169,
0.6999999999534339,
0.5,
0.5,
1.5,
0.5,
0.6000000000931323,
0.8999999999068677,
0.5,
0.6000000000931323,
0.5999999999767169,
0.5,
0.5,
0.6999999999534339,
0.5999999999767169,
0.5,
1.400000000023283,
0.5999999999767169,
0.7000000000698492,
0.6999999999534339,
0.5999999999767169,
0.5,
0.6000000000931323,
0.5999999999767169,
0.5999999999767169,
0.5,
0.5999999999767169,
0.5999999999767169,
1.3000000000465661,
0.6999999999534339,
0.5,
0.7000000000698492,
0.9000000000232831,
0.5999999999767169,
0.5,
0.5999999999767169,
0.5,
0.5,
0.5999999999767169,
0.5,
1.3000000000465661,
0.5999999999767169,
0.5999999999767169,
0.6000000000931323,
0.7999999999301508,
0.5999999999767169,
0.6000000000931323,
0.5999999999767169,
0.5,
0.5,
0.5999999999767169,
0.5999999999767169,
1.3000000000465661,
0.5,
0.5999999999767169,
0.5,
0.5999999999767169,
0.7000000000698492,
0.5999999999767169,
0.6999999999534339,
0.5,
0.6000000000931323,
0.6999999999534339,
0.5999999999767169,
1.400000000023283,
0.5999999999767169,
0.5999999999767169,
0.5,
0.5,
0.8000000000465661,
0.5999999999767169,
0.5,
0.8000000000465661,
0.5,
0.5999999999767169,
0.5,
1.5,
0.5999999999767169,
0.5,
0.7000000000698492,
0.5999999999767169,
0.5999999999767169,
1,
0.5,
0.5999999999767169,
0.5999999999767169,
0.5,
0.7000000000698492,
1.599999999976717,
0.5999999999767169,
0.5999999999767169,
0.5,
0.5999999999767169,
0.5999999999767169,
0.8000000000465661,
0.5999999999767169,
0.5,
0.5999999999767169,
0.5,
0.5999999999767169,
1.3000000000465661,
0.5999999999767169,
0.5999999999767169,
0.5999999999767169,
0.5,
0.6000000000931323,
0.6999999999534339,
1.8000000000465661,
0.6999999999534339,
1.099999999976717,
0.5,
0.5999999999767169,
1.5,
0.6000000000931323,
0.5,
0.5,
0.5999999999767169,
0.5,
0.6999999999534339,
0.6000000000931323,
0.6999999999534339,
0.5999999999767169,
0.5,
0.5999999999767169,
1.400000000023283,
0.5,
0.5999999999767169,
0.6000000000931323,
0.5,
0.5,
0.5,
0.6999999999534339,
0.6999999999534339,
0.7000000000698492,
0.5,
0.6999999999534339,
1.400000000023283,
0.9000000000232831,
0.5999999999767169,
0.8000000000465661,
0.7999999999301508,
0.6000000000931323,
0.6999999999534339,
0.5,
0.5,
0.8000000000465661,
0.5999999999767169,
0.6999999999534339,
1.400000000023283,
0.5999999999767169,
0.5999999999767169,
0.5,
0.5,
0.6000000000931323,
0.5,
0.5,
0.5999999999767169,
0.7999999999301508,
0.8000000000465661,
0.6999999999534339,
1.3999999999068677,
0.7000000000698492,
0.5999999999767169,
0.5999999999767169,
0.5,
0.5,
0.5999999999767169,
0.6000000000931323,
1.3999999999068677,
0.7000000000698492,
0.6999999999534339,
0.5999999999767169,
1.400000000023283,
0.7000000000698492,
0.5,
0.5999999999767169,
0.5999999999767169,
0.6999999999534339,
0.6000000000931323,
0.5999999999767169,
0.5,
0.5,
0.7999999999301508,
0.6999999999534339,
1.3000000000465661,
0.5999999999767169,
0.5999999999767169,
0.5,
0.5999999999767169,
0.6000000000931323,
0.5,
0.5999999999767169,
0.5,
0.5999999999767169,
0.5,
0.8000000000465661,
1.3999999999068677,
0.7000000000698492,
0.5,
0.5999999999767169,
0.5999999999767169,
0.5999999999767169,
0.5,
0.5,
0.6000000000931323,
0.5999999999767169,
0.5999999999767169,
0.5,
1.599999999976717,
0.5999999999767169,
1.2000000000698492,
2.599999999976717,
0.5,
0.6999999999534339,
0.40000000002328306,
0.6000000000931323,
0.5999999999767169,
0.5,
0.5,
0.5999999999767169,
1.5,
0.5999999999767169,
0.7000000000698492,
0.5,
0.5999999999767169,
0.5,
0.5,
0.5999999999767169,
0.5999999999767169,
0.5,
0.5,
0.5999999999767169,
1.8000000000465661,
0.5999999999767169,
0.5999999999767169,
0.5,
0.6000000000931323,
1.3999999999068677,
0.9000000000232831,
0.5999999999767169,
0.40000000002328306,
0.5999999999767169,
0.6000000000931323,
0.6999999999534339,
1.8000000000465661,
0.5,
0.5999999999767169,
0.5,
0.5999999999767169,
0.5,
0.5,
0.5999999999767169,
0.6000000000931323,
0.6999999999534339,
0.5,
0.5,
3.5,
0.5999999999767169,
0.6000000000931323,
0.5,
0.5999999999767169,
0.5,
0.5999999999767169,
0.5999999999767169,
0.5,
1.099999999976717,
0.8000000000465661,
0.5,
1.599999999976717,
0.5999999999767169,
0.6000000000931323,
0.5,
0.5,
0.5,
0.5999999999767169,
0.5999999999767169,
0.5,
0.5999999999767169,
0.5999999999767169,
0.5,
1.3000000000465661,
1.599999999976717,
0.5,
0.6000000000931323,
0.5999999999767169,
0.5,
0.5999999999767169,
0.5,
0.5999999999767169,
0.5,
1.3000000000465661,
0.5,
1.3000000000465661,
2,
0.6999999999534339,
0.5999999999767169,
0.5,
0.5,
0.8000000000465661,
0.5999999999767169,
0.5999999999767169,
0.5999999999767169,
0.5,
0.5,
1.3000000000465661,
0.5,
0.5999999999767169,
0.9000000000232831,
0.5,
0.6999999999534339,
0.6000000000931323,
0.5999999999767169,
0.5,
0.6999999999534339,
0.5999999999767169,
0.6000000000931323,
1.5,
0.5999999999767169,
0.5999999999767169,
0.5999999999767169,
0.7000000000698492,
0.5999999999767169,
0.5,
0.40000000002328306,
0.5999999999767169,
0.5,
0.5,
0.5999999999767169,
1.2000000000698492,
0.5,
0.5,
0.5999999999767169,
0.5999999999767169,
0.7000000000698492,
0.5999999999767169,
0.5,
0.5999999999767169,
0.5,
0.5999999999767169,
0.6000000000931323,
1.2999999999301508,
0.5,
0.5,
0.5,
0.6000000000931323,
0.5,
0.5,
0.6999999999534339,
0.6999999999534339,
0.5,
0.5,
0.6000000000931323,
1.099999999976717,
0.6999999999534339,
0.5,
0.5999999999767169,
0.5,
0.6000000000931323,
0.5,
0.5999999999767169,
0.9000000000232831,
0.39999999990686774,
0.5,
0.5999999999767169,
1.1999999999534339,
0.5999999999767169,
0.5,
0.6000000000931323,
0.5999999999767169,
0.5,
0.5,
0.5,
0.5999999999767169,
0.7000000000698492,
0.5,
0.5999999999767169,
1.2999999999301508,
0.6000000000931323,
0.5,
0.5,
0.5999999999767169,
0.5,
0.5,
0.5,
0.5999999999767169,
0.5999999999767169,
0.5999999999767169,
0.5999999999767169,
1.1999999999534339,
0.5,
0.5999999999767169,
0.5,
0.5,
0.6000000000931323,
0.5999999999767169,
0.5,
0.5999999999767169,
0.5,
0.5,
0.40000000002328306,
1.5,
0.5,
0.5999999999767169,
0.5,
0.5999999999767169,
0.5,
0.5,
0.5,
0.6000000000931323,
0.5999999999767169,
0.5,
0.5,
1.599999999976717,
0.6999999999534339,
0.5,
0.6000000000931323,
0.5,
0.5999999999767169,
0.5,
0.5999999999767169,
0.5,
0.5,
0.5999999999767169,
0.5,
1.5,
0.5999999999767169,
0.5,
0.6000000000931323,
0.5,
0.5999999999767169,
0.5,
0.5999999999767169,
0.5,
0.5,
0.5,
0.6999999999534339,
1.2000000000698492,
0.7999999999301508,
0.6000000000931323,
0.5,
0.5999999999767169,
0.5,
0.5,
0.5,
0.5,
0.5,
0.40000000002328306,
0.5999999999767169,
1.2000000000698492,
0.5999999999767169,
0.6999999999534339,
0.6000000000931323,
0.5999999999767169,
0.5,
0.5999999999767169,
0.5,
0.5,
0.6999999999534339,
0.5,
0.5,
1.3000000000465661,
0.5,
0.5999999999767169,
0.5999999999767169,
0.8000000000465661,
0.5,
0.5,
0.5999999999767169,
0.5,
0.5,
0.5,
0.5,
1.3000000000465661,
0.5999999999767169,
0.5,
0.5,
0.5999999999767169,
0.8000000000465661,
0.5,
0.5,
0.5999999999767169,
0.5,
0.5999999999767169,
0.5,
1.3000000000465661,
0.5,
0.5,
0.6999999999534339,
0.5,
0.6999999999534339,
0.6999999999534339,
0.5,
0.6000000000931323,
0.5,
0.5999999999767169,
0.5,
1.1999999999534339,
0.5999999999767169,
0.5,
0.5,
0.5,
0.5,
0.5999999999767169,
0.6999999999534339,
0.7000000000698492,
0.5,
0.5999999999767169,
0.5999999999767169,
1.2000000000698492,
0.5,
0.5999999999767169,
0.5,
0.5999999999767169,
0.5,
0.5,
0.5999999999767169,
0.5,
0.8000000000465661,
0.5,
0.5999999999767169,
1.1999999999534339,
0.5,
0.6000000000931323,
0.5,
0.5999999999767169,
0.5,
0.5999999999767169,
0.5,
0.5999999999767169,
0.5,
1,
0.5999999999767169,
1.2000000000698492,
0.5999999999767169,
0.5,
0.5999999999767169,
0.5999999999767169,
0.5,
0.5,
0.5,
0.5,
0.5,
0.5999999999767169,
0.6999999999534339,
1.2000000000698492,
0.5999999999767169,
0.5,
0.5,
0.5,
0.5,
0.5999999999767169,
0.5,
0.5999999999767169,
0.5,
0.6000000000931323,
0.5999999999767169,
1.2999999999301508,
0.6000000000931323,
0.5999999999767169,
0.5,
0.5,
0.5,
0.5,
0.5,
0.5,
0.5999999999767169,
0.5999999999767169,
0.40000000002328306,
1.5,
0.6000000000931323,
0.5999999999767169,
0.5,
0.5,
0.5999999999767169,
0.5,
0.5999999999767169,
0.5,
0.5999999999767169,
0.5,
0.5,
1.2000000000698492,
0.7999999999301508,
0.6000000000931323,
0.5,
0.5999999999767169,
0.5999999999767169,
0.5999999999767169,
0.40000000002328306,
0.5999999999767169,
0.5,
0.5999999999767169,
0.5,
1.8000000000465661,
1.1999999999534339,
1.1000000000931323,
0.5999999999767169,
0.5,
0.5999999999767169,
0.5999999999767169,
0.5999999999767169,
0.5,
0.5,
0.5999999999767169,
0.5,
1.2999999999301508,
0.5,
0.6000000000931323,
0.5,
0.7999999999301508,
0.5999999999767169,
0.5,
0.5,
0.6000000000931323,
0.6999999999534339,
0.5,
0.5999999999767169,
1.2000000000698492,
0.5999999999767169,
0.5999999999767169,
0.40000000002328306,
0.5999999999767169,
0.8000000000465661,
0.5999999999767169,
0.5999999999767169,
0.5,
0.5,
0.5999999999767169,
0.5,
1.3000000000465661,
0.5999999999767169,
0.40000000002328306,
0.5999999999767169,
0.5999999999767169,
0.5,
0.8000000000465661,
0.5999999999767169,
0.5,
0.5999999999767169,
0.5,
0.5,
1.3000000000465661,
0.5,
0.5999999999767169,
0.5999999999767169,
0.5,
0.5999999999767169,
0.6000000000931323,
1.3999999999068677,
0.6000000000931323,
0.5,
0.5999999999767169,
0.5,
1.400000000023283,
0.6999999999534339,
0.5,
0.5999999999767169,
0.5,
0.5,
0.5999999999767169,
0.6000000000931323,
0.5,
0.6999999999534339,
0.5,
0.5999999999767169,
1.2000000000698492,
0.6999999999534339,
0.5999999999767169,
0.5999999999767169,
0.5,
0.5,
0.5,
0.5,
0.5999999999767169,
0.5999999999767169,
0.8000000000465661,
0.6999999999534339,
1.400000000023283,
0.5,
0.5999999999767169,
0.5,
0.7000000000698492,
0.5,
0.5999999999767169,
0.5999999999767169,
0.6999999999534339,
0.6000000000931323,
0.6999999999534339,
0.8000000000465661,
1.1999999999534339,
0.9000000000232831,
0.5,
0.7999999999301508,
0.6000000000931323,
0.5,
0.5999999999767169,
0.5999999999767169,
0.5,
0.5999999999767169,
0.5,
0.5,
1.400000000023283,
0.6999999999534339,
0.5,
0.5,
0.6000000000931323,
0.5,
0.5999999999767169,
0.5,
0.5999999999767169,
0.5,
0.5999999999767169,
0.5,
1.5,
0.5,
0.5999999999767169,
0.5,
0.7000000000698492,
0.5,
0.40000000002328306,
0.5999999999767169,
0.5,
0.5999999999767169,
0.7000000000698492,
0.5,
1.099999999976717,
0.9000000000232831,
0.5,
0.5999999999767169,
0.5,
0.5999999999767169,
0.40000000002328306,
0.6999999999534339,
0.5,
0.5999999999767169,
2.200000000069849,
0.6999999999534339,
1.3000000000465661,
0.5,
0.7999999999301508,
0.6000000000931323,
0.5,
0.5,
0.5,
0.5999999999767169,
0.5,
0.5,
0.5,
0.5,
1.3000000000465661,
0.5,
0.6999999999534339,
0.8000000000465661,
0.5,
0.5999999999767169,
0.5,
0.5,
0.5,
0.5,
0.5999999999767169,
0.5,
1.1999999999534339,
0.6000000000931323,
0.5,
0.5999999999767169,
0.5,
0.7999999999301508,
2.200000000069849,
0.5999999999767169,
0.5,
0.5999999999767169,
0.40000000002328306,
0.5999999999767169,
1.2000000000698492,
0.5,
0.5,
0.5,
0.5999999999767169,
0.5,
0.8000000000465661,
0.5999999999767169,
0.5,
0.5,
0.5999999999767169,
0.5,
1.3000000000465661,
0.5999999999767169,
0.5,
0.5,
0.5999999999767169,
0.5,
0.5,
0.5,
0.8000000000465661,
0.5999999999767169,
0.5,
0.5999999999767169,
1.1999999999534339,
0.6000000000931323,
0.5,
0.5999999999767169,
0.5,
0.5999999999767169,
0.40000000002328306,
0.5,
0.5,
0.8000000000465661,
0.5999999999767169,
0.40000000002328306,
1.3999999999068677,
0.6000000000931323,
0.5,
0.5,
0.6999999999534339,
0.5,
0.5,
0.5999999999767169,
0.5,
0.5,
0.40000000002328306,
0.8000000000465661,
1.2999999999301508,
0.5,
0.5,
0.5,
0.5,
0.5,
0.40000000002328306,
0.5999999999767169,
0.5999999999767169,
0.5,
0.5999999999767169,
0.5,
1.400000000023283,
0.5999999999767169,
0.6000000000931323,
0.5,
0.5999999999767169,
0.5,
0.5,
0.5999999999767169,
0.5,
0.5999999999767169,
0.5999999999767169,
0.5,
1.5,
0.6000000000931323,
0.5,
0.5999999999767169,
0.5,
0.5,
0.5999999999767169,
0.5,
0.5,
0.5999999999767169,
0.5,
0.5,
1.3000000000465661,
0.7999999999301508,
0.5,
0.6000000000931323,
0.5,
0.5,
0.5999999999767169,
0.40000000002328306,
0.5999999999767169,
0.5999999999767169,
0.5,
0.5,
1.099999999976717,
0.5,
0.6999999999534339,
0.5,
0.5,
0.5999999999767169,
0.5,
0.5999999999767169,
0.6000000000931323,
0.5999999999767169,
0.5,
0.40000000002328306,
1.099999999976717,
0.5999999999767169,
0.39999999990686774,
0.6999999999534339,
0.5,
0.5999999999767169,
0.5,
0.40000000002328306,
0.5,
0.5,
0.6000000000931323,
0.5,
1.2999999999301508,
0.5,
0.5,
0.6000000000931323,
0.5,
0.7999999999301508,
0.5999999999767169,
0.40000000002328306,
0.5999999999767169,
0.5,
0.5,
0.5,
1.1999999999534339,
0.5999999999767169,
0.5,
0.5,
0.5999999999767169,
0.6000000000931323,
0.7999999999301508,
0.5999999999767169,
0.6000000000931323,
0.5,
0.5,
0.5,
1.2999999999301508,
0.5,
0.5999999999767169,
0.5,
0.5,
0.6000000000931323,
0.5,
0.5999999999767169,
0.7999999999301508,
0.6000000000931323,
0.5999999999767169,
0.5999999999767169,
1.1999999999534339,
0.5,
0.6000000000931323,
0.5,
0.5,
0.5999999999767169,
0.5,
0.5999999999767169,
0.5,
0.8000000000465661,
0.5999999999767169,
0.5,
1.400000000023283,
0.5999999999767169,
0.5,
0.5999999999767169,
0.5,
0.5,
0.5999999999767169,
0.5,
0.5999999999767169,
0.5,
0.7000000000698492,
0.5999999999767169,
1.1999999999534339,
0.6000000000931323,
0.5999999999767169,
0.5,
0.5999999999767169,
0.5,
0.40000000002328306,
0.5999999999767169,
0.5,
0.5999999999767169,
0.5,
0.6000000000931323,
1.3999999999068677,
0.6000000000931323,
0.5,
0.5999999999767169,
0.5,
0.5,
0.40000000002328306,
0.5999999999767169,
0.5,
0.5999999999767169,
0.5999999999767169,
0.5,
1.5,
0.6000000000931323,
0.5,
0.5999999999767169,
0.5,
0.5,
0.5,
0.5999999999767169,
0.5999999999767169,
0.40000000002328306,
0.5999999999767169,
0.5,
1.5,
0.6000000000931323,
0.5999999999767169,
0.5,
0.5,
0.5,
0.5999999999767169,
0.5999999999767169,
0.40000000002328306,
0.5,
0.5,
0.5,
1.1999999999534339,
0.5999999999767169,
0.7000000000698492,
0.7999999999301508,
0.8000000000465661,
0.9000000000232831,
0.8999999999068677,
0.7000000000698492,
0.7999999999301508,
0.8000000000465661,
1,
0.8000000000465661,
2.5,
0.7999999999301508,
0.8000000000465661,
1.599999999976717,
0.5999999999767169,
0.5,
0.6000000000931323,
0.5,
0.5999999999767169,
0.5,
0.5999999999767169,
0.5,
1.400000000023283,
0.5,
0.5999999999767169,
0.5,
0.5999999999767169,
0.8000000000465661,
0.7999999999301508,
0.7000000000698492,
0.8000000000465661,
0.6999999999534339,
0.8000000000465661,
0.7999999999301508,
2,
0.8000000000465661,
0.6999999999534339,
0.8000000000465661,
0.6999999999534339,
0.9000000000232831,
1.099999999976717,
0.7000000000698492,
0.5,
0.5999999999767169,
0.5,
0.5999999999767169,
1.099999999976717,
0.6000000000931323,
0.5,
0.5999999999767169,
0.5,
0.40000000002328306,
0.5999999999767169,
0.6999999999534339,
0.5,
0.5999999999767169,
0.5,
0.6000000000931323,
1.3999999999068677,
0.5,
0.5,
0.6000000000931323,
0.5,
0.5999999999767169,
0.5,
0.5,
0.5999999999767169,
0.9000000000232831,
0.6999999999534339,
0.40000000002328306,
1.3000000000465661,
0.5999999999767169,
0.5,
0.5,
0.5999999999767169,
0.5,
0.5,
0.5,
0.5999999999767169,
0.5,
0.5,
0.6000000000931323,
1.2999999999301508,
0.5,
0.8000000000465661,
0.5999999999767169,
0.5,
0.5999999999767169,
0.40000000002328306,
0.5,
0.5999999999767169,
0.5,
0.5,
0.6000000000931323,
1.5,
0.5999999999767169,
0.5999999999767169,
0.5999999999767169,
0.40000000002328306,
0.5999999999767169,
0.5999999999767169,
0.6000000000931323,
0.5,
0.5,
0.5,
0.5999999999767169,
1.1999999999534339,
0.5,
0.5,
0.5,
0.5,
0.5999999999767169,
0.5,
0.5999999999767169,
0.5,
0.5999999999767169,
0.5999999999767169,
0.7000000000698492,
1.2999999999301508,
1.1000000000931323,
0.5999999999767169,
0.5999999999767169,
0.5,
0.5,
0.5999999999767169,
0.5,
0.5,
0.5,
0.5999999999767169,
0.5,
1.3000000000465661,
0.5999999999767169,
0.5999999999767169,
0.5,
0.6000000000931323,
0.5,
0.5,
0.5999999999767169,
0.5,
0.5,
0.5,
0.5999999999767169,
1.3000000000465661,
0.5999999999767169,
0.5,
0.5,
1,
0.5999999999767169,
0.6999999999534339,
0.5,
0.5,
0.5,
0.6000000000931323,
0.5,
1.1999999999534339,
0.5999999999767169,
0.5,
0.5,
0.5,
0.6000000000931323,
0.5,
0.5,
0.5999999999767169,
0.5,
0.5999999999767169,
0.5999999999767169,
1.3000000000465661,
0.5999999999767169,
0.5,
0.5999999999767169,
0.5,
0.5,
0.5,
0.8000000000465661,
0.5999999999767169,
0.5,
0.5999999999767169,
0.5,
1.2000000000698492,
0.6999999999534339,
0.5999999999767169,
0.5,
0.5,
0.5999999999767169,
0.5,
0.6000000000931323,
0.5999999999767169,
0.5,
0.5,
0.5,
1.3000000000465661,
0.5,
0.5,
0.5999999999767169,
0.5999999999767169,
0.5999999999767169,
0.5999999999767169,
0.5,
0.6000000000931323,
0.40000000002328306,
0.8999999999068677,
0.6000000000931323,
1.1999999999534339,
0.5,
0.5,
0.5999999999767169,
0.5,
0.5,
0.5,
0.6000000000931323,
0.39999999990686774,
0.7000000000698492,
0.5,
0.5999999999767169,
1.1999999999534339,
0.6000000000931323,
0.5,
0.5,
0.5999999999767169,
0.5,
0.5999999999767169,
0.5,
0.5,
0.5,
0.5999999999767169,
0.5,
1.6000000000931323,
0.5999999999767169,
0.5999999999767169,
0.5999999999767169,
0.5,
0.5999999999767169,
0.6000000000931323,
0.5,
0.5999999999767169,
0.5,
0.40000000002328306,
0.5999999999767169,
1.1999999999534339,
0.5,
0.6000000000931323,
0.5999999999767169,
0.5,
0.40000000002328306,
0.5999999999767169,
0.5,
0.5999999999767169,
0.5999999999767169,
0.6000000000931323,
0.5,
1.1999999999534339,
0.9000000000232831,
0.5999999999767169,
0.5,
0.5,
0.6999999999534339,
0.5,
0.6000000000931323,
0.5,
0.40000000002328306,
0.6999999999534339,
0.5999999999767169,
1.2000000000698492,
0.5,
0.5,
0.5999999999767169,
0.5,
0.5,
0.5999999999767169,
0.5,
0.5,
0.5999999999767169,
0.5,
0.5,
1.3000000000465661,
0.5,
0.5999999999767169,
0.5999999999767169,
0.9000000000232831,
0.5,
0.5,
0.5999999999767169,
0.5,
0.6000000000931323,
0.39999999990686774,
0.6000000000931323,
1.1999999999534339,
0.5999999999767169,
0.5,
0.5999999999767169,
0.5,
0.5,
0.5,
0.5,
0.5,
0.5,
0.5,
0.5,
1.1999999999534339,
0.5,
0.5999999999767169,
0.5,
0.5,
0.5,
0.7000000000698492,
0.7999999999301508,
0.5,
0.6000000000931323,
0.5,
0.5,
1.2999999999301508,
0.5999999999767169,
0.6000000000931323,
0.39999999990686774,
0.5,
0.5999999999767169,
0.5999999999767169,
0.5999999999767169,
0.40000000002328306,
0.5,
0.5,
0.5999999999767169,
1.5,
1.1000000000931323,
1.3999999999068677,
1,
0.6000000000931323,
0.5,
0.5,
0.5,
0.5999999999767169,
0.5999999999767169,
0.6999999999534339,
0.6000000000931323,
1.2999999999301508,
0.5,
0.5,
0.5,
0.6000000000931323,
0.5999999999767169,
0.5,
0.5,
0.5999999999767169,
0.5,
0.5,
0.5999999999767169,
1.3000000000465661,
0.5,
0.5,
0.5,
0.5999999999767169,
0.5,
0.5999999999767169,
0.5,
0.5,
0.5999999999767169,
0.6000000000931323,
0.5,
1.3999999999068677,
0.6000000000931323,
0.5999999999767169,
0.5999999999767169,
0.5,
0.5999999999767169,
0.5,
0.5999999999767169,
0.5,
0.5,
0.6000000000931323,
0.5,
1.1999999999534339,
0.6999999999534339,
0.5,
0.39999999990686774,
0.7000000000698492,
0.5,
0.5,
0.5999999999767169,
0.5,
0.5,
0.5,
0.5999999999767169,
1.2000000000698492,
0.5999999999767169,
0.7999999999301508,
0.6000000000931323,
0.5,
0.5,
0.5999999999767169,
0.5,
0.5999999999767169,
0.5,
0.5,
0.5999999999767169,
1.400000000023283,
0.5,
0.5,
0.5,
0.6000000000931323,
0.5,
0.5,
0.5,
0.5999999999767169,
0.5999999999767169,
0.5,
0.5,
1.3000000000465661,
0.5,
0.5,
0.5,
0.5,
0.9000000000232831,
0.5,
0.5,
0.5,
0.5,
0.5,
0.6999999999534339,
1.2000000000698492,
0.5,
0.5999999999767169,
0.5,
0.5999999999767169,
0.5,
0.5999999999767169,
0.5999999999767169,
0.5,
0.6000000000931323,
0.5,
0.39999999990686774,
1.1999999999534339,
0.5,
0.5999999999767169,
0.5,
0.5,
0.5999999999767169,
0.5,
0.5,
0.7999999999301508,
0.5999999999767169,
0.5,
0.6000000000931323,
1.1999999999534339,
0.5999999999767169,
0.5999999999767169,
0.6000000000931323,
0.5,
0.5999999999767169,
0.40000000002328306,
0.5999999999767169,
0.5,
0.5999999999767169,
0.5999999999767169,
0.5,
1.2000000000698492,
0.5999999999767169,
0.5,
0.5999999999767169,
0.5,
0.5,
0.5,
0.5999999999767169,
0.5999999999767169,
0.6000000000931323,
0.5,
0.7999999999301508,
1.099999999976717,
0.5,
0.5999999999767169,
0.5,
0.5999999999767169,
0.5,
0.5,
0.5999999999767169,
0.5,
0.5,
0.6000000000931323,
0.5999999999767169,
1.1999999999534339,
0.5999999999767169,
0.40000000002328306,
0.5999999999767169,
0.5,
0.5,
0.5999999999767169,
0.5999999999767169,
0.5999999999767169,
0.5,
0.5999999999767169,
0.5,
1.400000000023283,
0.5999999999767169,
0.6000000000931323,
0.5,
0.5,
0.5999999999767169,
0.5,
0.5,
0.5999999999767169,
0.5,
0.5999999999767169,
0.6000000000931323,
1.1999999999534339,
0.5,
0.5,
0.5999999999767169,
0.5,
0.40000000002328306,
0.5999999999767169,
0.5,
0.5,
0.5,
0.5999999999767169,
0.5,
1.2999999999301508,
0.5,
0.8000000000465661,
0.6999999999534339,
0.5,
0.5,
0.6000000000931323,
0.5999999999767169,
0.5,
0.5,
0.5,
0.5999999999767169,
1.1999999999534339,
0.6000000000931323,
0.5,
0.5,
0.5,
0.5999999999767169,
0.5,
0.5,
0.5999999999767169,
0.5,
0.5,
0.6000000000931323,
1.099999999976717,
0.5999999999767169,
0.5999999999767169,
0.5999999999767169,
0.40000000002328306,
0.7000000000698492,
0.6999999999534339,
0.5,
0.7000000000698492,
0.39999999990686774,
0.6000000000931323,
0.5999999999767169,
1.2999999999301508,
0.6000000000931323,
0.5999999999767169,
0.5,
0.5,
0.5999999999767169,
0.40000000002328306,
0.5,
0.5999999999767169,
0.5,
0.5,
0.5,
1.2000000000698492,
0.5,
0.5999999999767169,
0.5999999999767169,
0.5999999999767169,
0.5,
0.5999999999767169,
0.6000000000931323,
0.7999999999301508,
0.5,
0.5999999999767169,
0.5,
1.2000000000698492,
0.5999999999767169,
0.5,
0.5999999999767169,
0.40000000002328306,
0.6999999999534339,
0.40000000002328306,
0.5999999999767169,
0.5,
0.5999999999767169,
0.5,
0.5,
1.3000000000465661,
0.5,
0.5999999999767169,
0.5,
0.5,
0.5999999999767169,
0.5,
0.5999999999767169,
0.5,
0.5999999999767169,
0.40000000002328306,
0.8000000000465661,
1.2999999999301508,
0.5999999999767169,
0.5,
0.5999999999767169,
0.5,
0.5,
0.5,
0.5999999999767169,
0.5,
0.5,
0.5999999999767169,
0.5,
1.2000000000698492,
0.5999999999767169,
0.5999999999767169,
0.5,
0.5999999999767169,
0.5,
0.6000000000931323,
0.5,
0.5,
0.5,
0.5999999999767169,
0.5,
1.5,
0.5,
0.6999999999534339,
0.40000000002328306,
0.5999999999767169,
0.5999999999767169,
0.5,
0.5,
0.6000000000931323,
0.5,
0.5999999999767169,
0.5,
1.1999999999534339,
0.5999999999767169,
0.6000000000931323,
0.5,
0.5,
0.5999999999767169,
0.5,
0.7999999999301508,
0.5,
0.40000000002328306,
0.8000000000465661,
0.5999999999767169,
1.3000000000465661,
0.5999999999767169,
0.5,
0.9000000000232831,
0.5,
0.5999999999767169,
0.5999999999767169,
0.5,
0.5,
0.5,
0.6999999999534339,
0.5,
1.2000000000698492,
0.5,
0.5999999999767169,
0.5,
0.6999999999534339,
0.5,
0.6000000000931323,
0.5,
0.5,
0.5,
0.5,
0.5,
1.1999999999534339,
0.5,
0.39999999990686774,
0.5999999999767169,
0.5,
0.5,
0.7999999999301508,
0.6000000000931323,
0.5,
0.5999999999767169,
0.5,
0.5,
1.1999999999534339,
0.5,
0.6000000000931323,
0.5,
0.5999999999767169,
0.5,
0.5,
0.5,
0.5,
0.5,
0.5999999999767169,
0.5,
1.2000000000698492,
0.5,
0.5999999999767169,
0.40000000002328306,
0.5,
0.5999999999767169,
0.5999999999767169,
0.5,
0.5,
0.9000000000232831,
0.5,
0.5,
1.3000000000465661,
0.5999999999767169,
0.5,
0.5999999999767169,
0.5,
0.5,
0.5999999999767169,
0.5,
0.6000000000931323,
0.5999999999767169,
0.40000000002328306,
0.5999999999767169,
1.1999999999534339,
0.5999999999767169,
0.5,
0.5,
0.5,
0.5999999999767169,
0.5,
0.5999999999767169,
0.5999999999767169,
0.5,
0.5999999999767169,
0.6000000000931323,
1.3999999999068677,
0.6000000000931323,
0.5,
0.5,
0.5999999999767169,
0.5,
0.5,
0.5,
0.5999999999767169,
0.5,
0.5999999999767169,
0.5,
1.3000000000465661,
0.5999999999767169,
0.6999999999534339,
0.6000000000931323,
0.39999999990686774,
0.6000000000931323,
0.5,
0.5999999999767169,
0.5,
0.5999999999767169,
0.40000000002328306,
0.5,
1.2999999999301508,
0.9000000000232831,
0.5,
0.5,
0.5,
0.6000000000931323,
0.5,
0.5999999999767169,
0.6999999999534339,
0.5,
0.5,
0.5,
1.3000000000465661,
0.5999999999767169,
0.5,
0.5999999999767169,
0.40000000002328306,
0.5,
0.5999999999767169,
0.5,
0.5,
0.40000000002328306,
0.5,
0.5999999999767169,
1.2999999999301508,
0.5,
0.6000000000931323,
0.5,
0.7999999999301508,
0.5999999999767169,
0.5,
0.5,
0.6000000000931323,
0.5,
0.5999999999767169,
0.40000000002328306,
1.2999999999301508,
0.5999999999767169,
0.6000000000931323,
0.5999999999767169,
0.40000000002328306,
0.5999999999767169,
0.5999999999767169,
0.5,
0.5999999999767169,
0.5,
0.5999999999767169,
0.5,
1.2000000000698492,
0.5,
0.5999999999767169,
0.5,
0.5999999999767169,
0.5999999999767169,
0.40000000002328306,
0.8000000000465661,
0.5999999999767169,
0.5999999999767169,
0.5999999999767169,
0.40000000002328306,
1.2000000000698492,
0.5999999999767169,
0.5999999999767169,
0.5999999999767169,
0.5,
0.5,
0.5999999999767169,
0.5,
0.5,
0.5,
0.6000000000931323,
0.5,
1.2999999999301508,
0.5,
0.5,
0.5,
0.5,
0.6000000000931323,
0.5,
0.5,
0.5999999999767169,
0.40000000002328306,
0.8999999999068677,
0.5,
1.2000000000698492,
0.5,
0.40000000002328306,
0.5999999999767169,
0.5,
0.5,
0.5,
0.5999999999767169,
0.5,
0.6000000000931323,
0.5,
0.5,
1.1999999999534339,
0.5999999999767169,
0.5,
0.5,
0.7000000000698492,
0.5,
0.5999999999767169,
0.5,
0.5999999999767169,
0.5999999999767169,
0.5999999999767169,
0.40000000002328306,
1.5,
0.6000000000931323,
0.5999999999767169,
0.5999999999767169,
0.5,
0.5999999999767169,
0.5,
0.5,
0.5,
0.5,
0.5999999999767169,
0.5,
1.3000000000465661,
0.5999999999767169,
0.5,
0.5999999999767169,
0.6000000000931323,
0.5,
0.5999999999767169,
0.5,
0.40000000002328306,
0.5999999999767169,
0.5999999999767169,
0.5,
1.099999999976717,
0.5999999999767169,
0.9000000000232831,
0.5,
0.5999999999767169,
0.5,
0.6000000000931323,
0.5,
0.5,
0.5999999999767169,
0.5,
0.40000000002328306,
1.1999999999534339,
0.7000000000698492,
0.5,
0.5,
0.5,
0.5,
0.5,
0.5,
0.40000000002328306,
0.6999999999534339,
0.6000000000931323,
0.5,
1.1999999999534339,
0.5999999999767169,
0.5,
0.5,
0.5,
0.8000000000465661,
0.5,
0.5,
0.5999999999767169,
0.5,
0.5,
0.5999999999767169,
1.2000000000698492,
0.6999999999534339,
0.5,
0.7000000000698492,
0.5,
0.5,
0.5,
0.5999999999767169,
0.5,
0.5,
0.5,
0.5999999999767169,
1.2000000000698492,
0.5999999999767169,
0.5,
0.5,
0.5999999999767169,
0.5999999999767169,
0.5,
0.5,
0.8000000000465661,
0.6999999999534339,
0.5,
0.40000000002328306,
1.3000000000465661,
0.5,
0.5,
0.5,
0.5,
0.5999999999767169,
0.5,
0.5999999999767169,
0.5999999999767169,
0.40000000002328306,
0.5,
0.7000000000698492,
1.099999999976717,
0.40000000002328306,
0.5999999999767169,
0.5,
0.5999999999767169,
0.5,
0.6000000000931323,
0.5,
0.40000000002328306,
0.5,
0.5999999999767169,
0.7999999999301508,
1.2000000000698492,
0.5,
0.5,
0.40000000002328306,
0.5999999999767169,
0.5999999999767169,
0.5,
0.9000000000232831,
1,
1.1999999999534339,
1.400000000023283,
0.6999999999534339,
1.2000000000698492,
0.5999999999767169,
0.5999999999767169,
0.5999999999767169,
0.40000000002328306,
0.5999999999767169,
0.6000000000931323,
0.5999999999767169,
0.5,
0.5999999999767169,
0.5,
0.40000000002328306,
1.5,
0.5,
0.6999999999534339,
0.40000000002328306,
0.5,
0.6000000000931323,
0.5999999999767169,
0.5,
0.5,
0.5,
0.5999999999767169,
0.5,
1.3000000000465661,
0.5,
0.5999999999767169,
0.5,
0.5999999999767169,
0.5,
0.5999999999767169,
0.5,
0.5,
0.5999999999767169,
0.5,
0.7000000000698492,
1.1999999999534339,
0.5999999999767169,
0.40000000002328306,
0.9000000000232831,
0.5999999999767169,
0.5,
0.5,
0.7000000000698492,
0.5,
0.5,
0.5,
0.5,
1.3999999999068677,
0.5,
0.6000000000931323,
0.5999999999767169,
0.5,
0.5,
0.5999999999767169,
0.5,
0.5999999999767169,
0.40000000002328306,
0.5999999999767169,
0.5,
1.2000000000698492,
0.5999999999767169,
0.5,
0.5,
0.5999999999767169,
0.5999999999767169,
0.8000000000465661,
0.5999999999767169,
0.5999999999767169,
0.5999999999767169,
0.40000000002328306,
0.5,
1.400000000023283,
0.5,
0.5,
0.5999999999767169,
0.5,
0.5,
0.5999999999767169,
0.5,
0.5,
0.5,
0.5,
0.7000000000698492,
1.1999999999534339,
0.5999999999767169,
0.5,
0.6000000000931323,
0.5,
0.5,
0.5999999999767169,
0.5,
0.5999999999767169,
0.8000000000465661,
0.5,
0.5,
1.1999999999534339,
0.5,
0.5999999999767169,
0.5999999999767169,
0.5,
0.6000000000931323,
0.5,
0.5,
0.5999999999767169,
0.5,
0.5,
0.5999999999767169,
1.099999999976717,
0.5999999999767169,
0.5,
0.6000000000931323,
0.5999999999767169,
0.40000000002328306,
0.5999999999767169,
0.5,
0.5,
0.5999999999767169,
0.5,
0.5,
1.599999999976717,
0.5,
0.5,
0.5,
0.5,
0.5999999999767169,
0.5,
0.5,
0.5999999999767169,
0.5,
0.5999999999767169,
0.5,
1.400000000023283,
0.5,
0.5999999999767169,
0.5,
0.5999999999767169,
0.5,
0.5,
0.6000000000931323,
0.39999999990686774,
0.5,
0.5,
0.40000000002328306,
1.2999999999301508,
0.9000000000232831,
0.5,
0.5999999999767169,
0.5999999999767169,
0.5,
0.6000000000931323,
0.5,
0.5,
0.5,
0.5999999999767169,
0.40000000002328306,
1.1999999999534339,
0.5,
0.5999999999767169,
0.5,
0.6000000000931323,
0.5,
0.5,
0.5,
0.5999999999767169,
0.5999999999767169,
0.5999999999767169,
0.40000000002328306,
1.3000000000465661,
0.5999999999767169,
0.5,
0.5999999999767169,
0.8000000000465661,
0.5,
0.5999999999767169,
0.5,
0.5,
0.40000000002328306,
0.5999999999767169,
0.5,
1.3000000000465661,
0.5999999999767169,
0.5,
0.5,
0.6999999999534339,
0.5999999999767169,
0.5,
0.5,
0.5,
0.5,
0.6000000000931323,
0.5,
1.2999999999301508,
0.5,
0.5,
0.5,
0.5999999999767169,
0.5,
0.7000000000698492,
0.7999999999301508,
0.6000000000931323,
0.5,
0.5,
0.5,
1.2999999999301508,
0.5,
0.5,
0.7000000000698492,
0.5,
0.5,
0.5999999999767169,
0.5,
0.5999999999767169,
0.5,
0.5999999999767169,
0.5999999999767169,
1.2000000000698492,
0.5999999999767169,
0.5999999999767169,
0.5,
0.5999999999767169,
0.5,
0.6000000000931323,
0.39999999990686774,
0.5,
0.5,
0.8999999999068677,
0.5,
1.3000000000465661,
0.5,
0.5999999999767169,
0.5,
0.5,
0.5999999999767169,
0.6000000000931323,
0.5,
0.5,
0.5999999999767169,
0.5,
0.5,
1.1999999999534339,
0.5999999999767169,
0.5,
0.5,
0.6000000000931323,
0.5,
0.5999999999767169,
0.5999999999767169,
0.5,
0.5,
0.5999999999767169,
0.5,
1.5,
0.5999999999767169,
0.6000000000931323,
0.5,
0.5999999999767169,
0.5,
0.5,
0.40000000002328306,
0.5999999999767169,
0.5,
0.5,
0.6999999999534339,
1.3000000000465661,
0.5,
0.5999999999767169,
0.5,
0.5,
0.5999999999767169,
0.5,
0.5,
0.5,
0.6000000000931323,
0.5,
0.5999999999767169,
1.1999999999534339,
0.5,
0.9000000000232831,
0.5999999999767169,
0.5,
0.6000000000931323,
0.39999999990686774,
0.6000000000931323,
0.5,
0.5999999999767169,
0.5,
0.5999999999767169,
1.1999999999534339,
0.5,
0.6000000000931323,
0.5999999999767169,
0.5,
0.5,
0.5,
0.5999999999767169,
0.5,
0.5999999999767169,
0.5,
0.5,
1.3000000000465661,
0.5,
0.5999999999767169,
0.5,
0.5,
0.9000000000232831,
0.5,
0.5,
0.5999999999767169,
0.5,
0.6000000000931323,
0.5,
1.2999999999301508,
0.5,
0.6000000000931323,
0.5999999999767169,
0.5,
0.5999999999767169,
0.5,
0.5999999999767169,
0.5999999999767169,
0.6000000000931323,
0.5,
0.5999999999767169,
1.5,
0.5,
0.5999999999767169,
0.5999999999767169,
0.5999999999767169,
0.40000000002328306,
0.5999999999767169,
0.6000000000931323,
0.6999999999534339,
0.5999999999767169,
0.5999999999767169,
0.5,
1.3000000000465661,
0.5,
0.5,
0.5,
0.5,
0.5,
0.5,
0.5999999999767169,
0.6000000000931323,
0.5999999999767169,
0.5999999999767169,
0.5,
1.2000000000698492,
0.5,
0.5,
0.5,
0.5,
0.5,
0.5999999999767169,
0.5,
0.5,
0.5999999999767169,
0.40000000002328306,
0.9000000000232831,
1.1999999999534339,
0.5,
0.5999999999767169,
0.6000000000931323,
0.5,
0.5,
0.5999999999767169,
0.5,
0.5999999999767169,
0.5,
0.40000000002328306,
0.5999999999767169,
1.3000000000465661,
0.5,
0.5999999999767169,
0.5,
0.5999999999767169,
0.5999999999767169,
0.5999999999767169,
0.5,
0.5,
0.39999999990686774,
0.5,
0.6000000000931323,
1.5,
0.6999999999534339,
0.5,
0.5999999999767169,
0.5,
0.5,
0.5,
0.5999999999767169,
0.7000000000698492,
0.5,
0.5,
0.5999999999767169,
1.1999999999534339,
0.5,
0.5,
0.7000000000698492,
0.5,
0.5,
0.40000000002328306,
0.5999999999767169,
0.5999999999767169,
0.5,
0.5,
0.5,
1.2000000000698492,
0.5,
0.5,
0.9000000000232831,
0.5,
0.5999999999767169,
0.40000000002328306,
0.5,
0.5999999999767169,
0.5,
1.099999999976717,
0.5999999999767169,
1.3000000000465661,
0.40000000002328306,
0.5999999999767169,
0.5,
0.5999999999767169,
0.5,
0.5,
0.7000000000698492,
0.5,
0.5,
0.5,
0.5999999999767169,
1.1999999999534339,
0.7000000000698492,
0.5,
0.5,
0.5,
0.5,
0.7999999999301508,
0.5,
0.5999999999767169,
0.5,
0.5,
0.5,
1.2999999999301508,
0.6000000000931323,
0.5,
0.40000000002328306,
0.5,
0.5999999999767169,
0.5,
0.5999999999767169,
0.5999999999767169,
0.5,
0.5999999999767169,
0.5,
1.400000000023283,
0.5,
0.5,
0.5,
0.5,
0.5999999999767169,
0.6000000000931323,
0.5,
0.7999999999301508,
0.8000000000465661,
0.5,
0.5999999999767169,
1.3000000000465661,
0.5999999999767169,
0.5,
0.5,
0.5999999999767169,
0.5,
0.5,
0.5,
0.5999999999767169,
0.5,
0.6000000000931323,
0.5,
1.2999999999301508,
0.5999999999767169,
0.6000000000931323,
0.39999999990686774,
0.6000000000931323,
0.5,
0.5999999999767169,
0.5999999999767169,
0.5,
0.5999999999767169,
0.40000000002328306,
0.5999999999767169,
1.5,
0.5999999999767169,
0.5,
0.5,
0.5,
0.5,
0.5999999999767169,
0.5,
0.5,
0.40000000002328306,
0.5999999999767169,
0.5999999999767169,
1.3000000000465661,
0.5999999999767169,
0.40000000002328306,
0.5999999999767169,
0.5,
0.5,
0.5999999999767169,
0.5,
0.5,
0.5,
0.5999999999767169,
0.5,
1.2000000000698492,
0.5999999999767169,
0.8000000000465661,
0.5,
0.5,
0.6999999999534339,
0.5,
0.5,
0.5999999999767169,
0.6000000000931323,
0.5,
0.39999999990686774,
1.3000000000465661,
0.5,
0.5999999999767169,
0.5,
0.5,
0.5,
0.7000000000698492,
0.5999999999767169,
0.40000000002328306,
0.6999999999534339,
0.5999999999767169,
0.5,
1.2000000000698492,
0.5999999999767169,
0.40000000002328306,
0.5999999999767169,
0.5,
0.8000000000465661,
0.5999999999767169,
0.5,
0.5999999999767169,
0.5,
0.5,
0.5999999999767169,
1.3000000000465661,
0.5999999999767169,
0.40000000002328306,
0.5,
0.5,
0.5999999999767169,
0.5,
0.5,
0.5,
0.5999999999767169,
0.5,
0.6000000000931323,
1.1999999999534339,
0.5,
0.5999999999767169,
0.5999999999767169,
0.5,
0.5,
0.5999999999767169,
0.5999999999767169,
0.6999999999534339,
0.6000000000931323,
0.5,
0.5999999999767169,
1.1999999999534339,
0.5999999999767169,
0.6000000000931323,
0.5,
0.5,
0.5999999999767169,
0.5,
0.5,
0.5,
0.5,
0.5999999999767169,
0.5999999999767169,
1.2000000000698492,
0.5,
0.5999999999767169,
0.5999999999767169,
0.40000000002328306,
0.5,
0.5999999999767169,
0.5,
0.5999999999767169,
0.5,
0.5,
0.7000000000698492,
1.2999999999301508,
0.5,
0.7000000000698492,
0.5999999999767169,
0.5,
0.5,
0.5999999999767169,
0.5,
0.5,
0.5999999999767169,
0.6000000000931323,
0.5999999999767169,
1.2999999999301508,
0.5,
0.5,
0.5,
0.5,
0.5999999999767169,
0.5,
0.5999999999767169,
0.5999999999767169,
0.5,
0.5,
0.5,
1.5,
0.5999999999767169,
0.6000000000931323,
0.5,
0.5999999999767169,
0.5,
0.6999999999534339,
0.5,
0.5999999999767169,
0.5,
0.6000000000931323,
0.39999999990686774,
1.1999999999534339,
0.5,
0.40000000002328306,
0.5999999999767169,
0.5,
0.5,
0.5999999999767169,
0.5,
0.6000000000931323,
0.5,
0.5,
0.5,
1.1999999999534339,
0.6999999999534339,
0.5,
0.9000000000232831,
0.5,
0.5,
0.5999999999767169,
0.5,
0.5,
0.6000000000931323,
0.5,
0.5,
1.1999999999534339,
0.5999999999767169,
0.5,
0.5999999999767169,
0.5,
0.6000000000931323,
0.5,
0.5999999999767169,
0.5,
0.5999999999767169,
0.5,
0.5,
1.3000000000465661,
0.5,
0.5,
0.5999999999767169,
0.40000000002328306,
0.5999999999767169,
0.9000000000232831,
0.5,
0.5999999999767169,
0.5,
0.5,
0.5,
1.2999999999301508,
0.6000000000931323,
0.5,
0.40000000002328306,
0.5,
0.5999999999767169,
0.5,
0.5,
0.5,
0.5999999999767169,
0.5,
0.5,
1.1999999999534339,
0.5,
0.6000000000931323,
0.6999999999534339,
0.5,
0.5,
0.5,
0.5999999999767169,
0.5999999999767169,
0.5,
0.9000000000232831,
0.40000000002328306,
1.400000000023283,
0.5,
0.5999999999767169,
0.5,
0.5,
0.5999999999767169,
0.5999999999767169,
0.5,
0.6000000000931323,
0.5999999999767169,
0.5,
0.5999999999767169,
1.1999999999534339,
0.5,
0.7999999999301508,
0.8000000000465661,
1,
1.1999999999534339,
0.9000000000232831,
0.5,
0.5,
0.5999999999767169,
0.6000000000931323,
0.5,
1.5,
0.5999999999767169,
0.5,
0.5,
0.5999999999767169,
0.40000000002328306,
0.5,
0.5999999999767169,
0.5,
0.6000000000931323,
0.5,
0.39999999990686774,
1.1999999999534339,
0.5999999999767169,
0.7000000000698492,
0.5,
0.5,
0.5999999999767169,
0.5,
0.5,
0.5999999999767169,
0.5,
0.5999999999767169,
0.5,
1.2000000000698492,
0.5,
1.599999999976717,
0.5999999999767169,
0.5,
0.5999999999767169,
0.5,
0.5999999999767169,
0.5,
0.5,
0.5,
0.6999999999534339,
1.2000000000698492,
0.5999999999767169,
0.5,
0.5999999999767169,
0.8000000000465661,
0.5,
0.5999999999767169,
0.6999999999534339,
0.8000000000465661,
0.6999999999534339,
1.1000000000931323,
0.6999999999534339,
2,
0.5,
0.5999999999767169,
0.40000000002328306,
0.9000000000232831,
0.5,
0.5999999999767169,
0.5,
0.6000000000931323,
0.5999999999767169,
0.6999999999534339,
0.5,
1.8000000000465661,
0.7999999999301508,
0.5999999999767169,
0.5999999999767169,
0.5,
0.5,
0.5999999999767169,
0.5,
0.5,
0.5,
0.5,
0.5999999999767169,
2.1000000000931323,
0.5999999999767169,
0.40000000002328306,
0.5999999999767169,
0.5999999999767169,
2.5,
0.5999999999767169,
0.5999999999767169,
0.5,
0.5,
0.5,
0.7000000000698492,
2.599999999976717,
0.8000000000465661,
0.5,
0.5999999999767169,
0.5,
0.5,
0.5999999999767169,
0.5,
0.5999999999767169,
0.5,
0.5,
0.6000000000931323,
1.6999999999534339,
1,
0.5999999999767169,
0.6000000000931323,
0.5,
0.40000000002328306,
0.8999999999068677,
0.5,
0.6000000000931323,
0.5,
0.5,
0.5,
1.3999999999068677,
0.6000000000931323,
0.5999999999767169,
0.6999999999534339,
0.5,
0.5,
0.7000000000698492,
0.5999999999767169,
0.5,
0.5,
0.5999999999767169,
0.5,
1.5,
0.5,
0.5999999999767169,
0.5999999999767169,
0.5,
0.5,
0.6000000000931323,
0.5999999999767169,
0.7999999999301508,
0.5,
0.6000000000931323,
0.5,
1.3999999999068677,
0.6000000000931323,
0.5999999999767169,
0.5,
0.5,
0.5999999999767169,
0.5,
0.5,
0.5,
0.5999999999767169,
0.5,
0.5999999999767169,
1.400000000023283,
0.5999999999767169,
0.5,
0.6000000000931323,
0.5,
0.6999999999534339,
0.5,
0.5999999999767169,
0.5,
0.5999999999767169,
0.7000000000698492,
0.5,
1.2999999999301508,
0.7000000000698492,
0.6999999999534339,
0.40000000002328306,
0.5,
0.5999999999767169,
0.5,
0.5,
0.6000000000931323,
0.5999999999767169,
0.5999999999767169,
0.5,
1.3000000000465661,
0.5,
0.5999999999767169,
0.5,
0.5999999999767169,
0.5,
1.099999999976717,
0.5999999999767169,
0.5,
0.5,
0.6000000000931323,
0.5999999999767169,
1.5,
0.5999999999767169,
0.5999999999767169,
0.40000000002328306,
0.5999999999767169,
0.5,
0.5,
0.5,
0.6000000000931323,
0.5,
0.5999999999767169,
0.5999999999767169,
1.3000000000465661,
0.5,
0.5,
0.5999999999767169,
0.5,
0.5,
0.40000000002328306,
0.5,
0.5999999999767169,
0.5,
0.5999999999767169,
0.5,
1.599999999976717,
0.6000000000931323,
0.5,
0.5,
0.5,
0.5999999999767169,
0.5,
0.5999999999767169,
0.40000000002328306,
0.5999999999767169,
0.5,
0.5999999999767169,
1.3000000000465661,
0.5999999999767169,
0.5999999999767169,
0.5,
0.5,
0.6000000000931323,
0.5999999999767169,
0.5,
0.5999999999767169,
0.5,
0.5,
0.5,
1.2000000000698492,
0.9000000000232831,
0.5999999999767169,
0.5,
0.5999999999767169,
0.5999999999767169,
0.5,
0.5,
0.5,
0.6000000000931323,
0.5999999999767169,
0.5,
1.400000000023283,
0.5999999999767169,
0.5,
0.5999999999767169,
0.5999999999767169,
0.40000000002328306,
0.5999999999767169,
0.5999999999767169,
0.6000000000931323,
0.5,
0.5,
0.5999999999767169,
1.2999999999301508,
0.6000000000931323,
0.5999999999767169,
0.6999999999534339,
0.5999999999767169,
0.6000000000931323,
0.5,
0.5999999999767169,
0.6999999999534339,
0.5,
0.5,
0.5,
1.3000000000465661,
0.5,
0.6999999999534339,
0.40000000002328306,
0.6000000000931323,
0.5999999999767169,
0.5,
0.5999999999767169,
0.5,
0.5,
0.5999999999767169,
0.5,
1.3000000000465661,
0.5999999999767169,
0.5999999999767169,
0.5,
0.5,
0.9000000000232831,
0.5,
0.5999999999767169,
0.5999999999767169,
0.7000000000698492,
0.5999999999767169,
0.40000000002328306,
1.400000000023283,
0.5,
0.5999999999767169,
0.5999999999767169,
0.5,
0.5,
0.5999999999767169,
0.5999999999767169,
0.5,
0.5,
0.6000000000931323,
0.39999999990686774,
1.5,
0.5,
0.5999999999767169,
0.5999999999767169,
0.5,
0.5,
0.9000000000232831,
0.5999999999767169,
0.5999999999767169,
0.5,
0.5,
0.5999999999767169,
1.3000000000465661,
0.6999999999534339,
0.5,
0.6000000000931323,
0.5999999999767169,
0.5999999999767169,
0.5,
0.5999999999767169,
0.5,
0.5,
0.5999999999767169,
0.5,
1.3000000000465661,
0.5,
0.5999999999767169,
0.5,
0.5,
0.5,
0.5,
0.5,
0.9000000000232831,
0.5,
0.5999999999767169,
0.6000000000931323,
1.3999999999068677,
0.6000000000931323,
0.5,
0.5,
0.5999999999767169,
0.5,
0.5,
0.5,
0.5,
0.5999999999767169,
0.5,
0.5,
1.5,
0.5,
0.5,
0.5,
0.5,
0.5,
0.5999999999767169,
0.5,
0.5,
0.6000000000931323,
0.7999999999301508,
0.5,
1.400000000023283,
0.5,
0.5999999999767169,
0.5,
0.6000000000931323,
0.5999999999767169,
0.5,
0.7999999999301508,
0.5,
0.5,
0.6000000000931323,
2.599999999976717,
1.2999999999301508,
0.5999999999767169,
0.40000000002328306,
0.5,
0.6999999999534339,
0.5999999999767169,
0.5,
0.5,
0.5,
0.5,
0.5,
0.5999999999767169,
1.599999999976717,
0.5,
0.5,
0.5999999999767169,
0.5,
0.5999999999767169,
0.6000000000931323,
0.5,
0.5999999999767169,
0.5,
0.5,
0.9000000000232831,
1.7999999999301508,
0.8000000000465661,
0.6999999999534339,
0.7000000000698492,
0.8999999999068677,
0.7000000000698492,
0.5999999999767169,
0.40000000002328306,
0.5,
0.5999999999767169,
0.5999999999767169,
0.6000000000931323,
1.599999999976717,
0.5999999999767169,
0.5999999999767169,
0.5,
0.5,
0.5,
0.5,
0.5,
0.5,
0.8999999999068677,
0.5,
0.5,
1.3999999999068677,
0.6000000000931323,
0.5999999999767169,
0.5,
0.5,
0.5999999999767169,
0.5,
0.5,
0.5,
0.5,
0.40000000002328306,
0.5999999999767169,
1.400000000023283,
0.8000000000465661,
0.5,
0.5999999999767169,
0.6999999999534339,
0.6000000000931323,
0.39999999990686774,
0.6000000000931323,
0.5999999999767169,
0.5,
0.5,
0.6999999999534339,
1.400000000023283,
0.6999999999534339,
0.5,
0.8000000000465661,
0.5999999999767169,
0.9000000000232831,
0.9000000000232831,
0.6999999999534339,
0.5,
0.5,
0.5999999999767169,
0.5,
2,
0.8000000000465661,
0.5,
1.900000000023283,
1,
0.5999999999767169,
1.400000000023283,
0.7999999999301508,
2.700000000069849,
0.6999999999534339,
0.5,
0.6000000000931323,
1.5,
0.5,
0.5999999999767169,
0.5,
0.6999999999534339,
0.40000000002328306,
0.5,
0.5999999999767169,
0.5,
0.6000000000931323,
0.39999999990686774,
0.5999999999767169,
1.900000000023283,
0.5999999999767169,
0.5,
0.7999999999301508,
1.5,
0.7000000000698492,
0.9000000000232831,
0.5999999999767169,
0.6999999999534339,
0.9000000000232831,
0.9000000000232831,
0.5999999999767169,
1.1999999999534339,
0.6000000000931323,
0.5,
0.5999999999767169,
0.5,
0.5999999999767169,
0.5,
0.5999999999767169,
0.5,
0.5999999999767169,
0.5,
0.5,
2.6000000000931323,
0.5999999999767169,
0.5999999999767169,
0.5,
0.5,
0.5999999999767169,
0.40000000002328306,
0.5999999999767169,
0.5,
0.9000000000232831,
0.8000000000465661,
0.5999999999767169,
2,
0.5999999999767169,
0.5,
0.5999999999767169,
0.40000000002328306,
0.5999999999767169,
0.5,
0.5,
0.5,
0.5,
0.5,
0.5999999999767169,
1.7999999999301508,
1.3000000000465661,
0.8000000000465661,
1.099999999976717,
0.5,
0.5999999999767169,
0.5999999999767169,
0.5,
0.5,
0.5999999999767169,
0.40000000002328306,
0.5999999999767169,
1.8000000000465661,
0.5999999999767169,
0.5999999999767169,
0.40000000002328306,
0.6000000000931323,
0.5,
0.5,
0.5,
0.40000000002328306,
0.5999999999767169,
0.5999999999767169,
0.5,
1.3000000000465661,
0.5999999999767169,
0.5,
0.5,
0.5999999999767169,
0.5999999999767169,
0.5,
0.5,
0.7000000000698492,
0.5999999999767169,
0.5,
0.5,
1.5,
0.5999999999767169,
0.5999999999767169,
0.6000000000931323,
0.5,
0.5,
0.5,
0.5999999999767169,
0.5,
0.5999999999767169,
0.5999999999767169,
0.5,
1.3000000000465661,
0.5,
0.5999999999767169,
0.5,
0.5999999999767169,
0.5,
0.5,
0.5,
0.5,
0.5999999999767169,
0.5,
0.5,
1.400000000023283,
0.8000000000465661,
0.7999999999301508,
0.5,
0.6000000000931323,
0.5,
0.5,
0.5,
0.5,
0.5,
0.5,
0.5,
1.2999999999301508,
0.5,
0.5,
0.5,
0.5999999999767169,
0.5999999999767169,
0.5999999999767169,
0.5,
0.5999999999767169,
0.40000000002328306,
0.5,
0.5999999999767169,
1.3000000000465661,
0.5,
0.5999999999767169,
0.5999999999767169,
0.8000000000465661,
0.5,
0.5,
0.5,
0.5999999999767169,
0.5,
0.7000000000698492,
0.5,
1.2999999999301508,
0.5,
0.6000000000931323,
0.5,
0.5,
0.5,
0.5999999999767169,
0.5,
0.5999999999767169,
0.5,
0.5,
0.5,
1.400000000023283,
0.5,
0.5999999999767169,
0.5999999999767169,
0.5,
0.7000000000698492,
0.5,
0.5999999999767169,
0.5,
0.5999999999767169,
0.40000000002328306,
0.5999999999767169,
1.3000000000465661,
0.5999999999767169,
0.5,
0.5,
0.5,
0.5999999999767169,
0.5,
0.5,
0.5,
0.6000000000931323,
0.5,
0.5,
1.2999999999301508,
0.5999999999767169,
0.6000000000931323,
0.5,
0.5,
0.5999999999767169,
0.5,
0.7999999999301508,
0.6000000000931323,
0.5,
0.5,
0.5999999999767169,
1.2999999999301508,
0.6000000000931323,
0.5,
0.5999999999767169,
0.5,
0.5,
0.5999999999767169,
0.5,
0.5999999999767169,
0.5,
0.5,
0.5999999999767169,
1.3000000000465661,
0.5,
0.6999999999534339,
0.5,
0.5,
0.6000000000931323,
0.5,
0.5,
0.5999999999767169,
0.6999999999534339,
0.5999999999767169,
0.5,
1.3000000000465661,
0.5,
0.40000000002328306,
0.5999999999767169,
0.5,
0.5,
0.5,
0.5999999999767169,
0.6000000000931323,
0.5999999999767169,
0.5,
0.5,
1.2999999999301508
==> skip sequence 2 (running --sequence 1 only; prior/other raw files kept)
==> skip sequence 3 (running --sequence 1 only; prior/other raw files kept)
Wrote /workspace/docs/ew/receipts/campaign-r6-20260914T1309Z/campaign-r6-20260914T1309Z-summary.json
campaign gate status is not passed (missing/invalid/electronics/cumulative). Deriving failure from all validated receipts.
